txn_id,timestamp,sender_id,receiver_id,amount,is_suspicious,decision,sender_risk
TXN000986685,2024-01-01 00:00:00.000000,ACC000366,ACC003593,44863.22,1,BLOCK,1.0
TXN000981643,2024-01-01 00:00:00.000000,ACC000486,ACC026769,45021.26,1,BLOCK,1.0
TXN000959852,2024-01-01 00:00:00.000000,ACC000365,ACC000384,64896.59,1,BLOCK,1.0
TXN000976291,2024-01-01 00:00:00.000000,ACC000197,ACC000249,95533.54,1,BLOCK,1.0
TXN000988139,2024-01-01 00:00:00.000000,ACC000761,ACC000519,17646.38,1,BLOCK,1.0
TXN000960232,2024-01-01 00:00:00.000000,ACC000612,ACC000254,48738.86,1,BLOCK,1.0
TXN001000307,2024-01-01 00:00:00.000000,ACC000141,ACC000944,98528.78,1,BLOCK,1.0
TXN000974399,2024-01-01 00:00:00.000000,ACC001021,ACC000834,87959.59,1,BLOCK,1.0
TXN000960932,2024-01-01 00:00:00.000000,ACC000102,ACC000518,95758.27,1,BLOCK,1.0
TXN000971338,2024-01-01 00:29:59.000000,ACC000296,ACC008714,7317.49,0,BLOCK,1.0
TXN000960064,2024-01-01 01:34:06.000000,ACC000046,ACC025816,9886.82,0,BLOCK,1.0
TXN000981644,2024-01-01 01:36:42.706379,ACC000486,ACC025697,44920.34,1,BLOCK,1.0
TXN000981645,2024-01-01 01:52:16.792206,ACC000486,ACC026769,45011.81,1,BLOCK,1.0
TXN000986690,2024-01-01 02:39:35.354082,ACC000366,ACC019133,45203.89,1,BLOCK,1.0
TXN000986686,2024-01-01 03:03:54.980244,ACC000366,ACC005402,45212.61,1,BLOCK,1.0
TXN000960233,2024-01-01 03:06:37.041821,ACC000254,ACC000497,47276.7,1,BLOCK,1.0
TXN000959853,2024-01-01 03:29:54.546479,ACC000384,ACC019494,59488.1,1,BLOCK,1.0
TXN000986689,2024-01-01 03:34:32.304786,ACC000366,ACC024845,45069.38,1,BLOCK,1.0
TXN000981647,2024-01-01 03:53:18.539268,ACC000486,ACC014407,45128.91,1,BLOCK,1.0
TXN000986687,2024-01-01 05:01:38.176524,ACC000366,ACC024845,44993.14,1,BLOCK,1.0
TXN000986691,2024-01-01 05:03:06.299757,ACC000366,ACC005402,45058.89,1,BLOCK,1.0
TXN000981649,2024-01-01 05:21:12.995902,ACC000486,ACC004724,45181.63,1,BLOCK,1.0
TXN000960234,2024-01-01 06:13:14.083642,ACC000497,ACC000679,45858.4,1,BLOCK,1.0
TXN000994236,2024-01-01 06:18:25.000000,ACC000615,ACC024461,203.89,0,BLOCK,1.0
TXN000965735,2024-01-01 06:19:10.000000,ACC000872,ACC018487,193.48,0,BLOCK,1.0
TXN000986692,2024-01-01 06:41:15.755967,ACC000366,ACC024845,45149.07,1,BLOCK,1.0
TXN000986693,2024-01-01 06:43:48.388751,ACC000366,ACC019133,45220.09,1,BLOCK,1.0
TXN000965497,2024-01-01 07:03:27.000000,ACC000444,ACC015436,554.33,0,BLOCK,1.0
TXN000981646,2024-01-01 07:04:50.168757,ACC000486,ACC007288,44991.58,1,BLOCK,1.0
TXN000981840,2024-01-01 07:06:39.000000,ACC000586,ACC019590,358.39,0,BLOCK,1.0
TXN001000195,2024-01-01 07:10:52.000000,ACC000312,ACC010320,641.06,0,BLOCK,1.0
TXN000959964,2024-01-01 07:11:20.000000,ACC000196,ACC012146,379.67,0,BLOCK,1.0
TXN000986698,2024-01-01 07:11:42.444218,ACC000366,ACC001310,45061.43,1,BLOCK,1.0
TXN000995269,2024-01-01 07:16:36.000000,ACC000999,ACC001167,4656.0,0,BLOCK,1.0
TXN000967786,2024-01-01 07:16:50.000000,ACC000066,ACC008574,184.4,0,BLOCK,1.0
TXN000996715,2024-01-01 07:30:56.000000,ACC000992,ACC009255,1374.27,0,BLOCK,1.0
TXN000999726,2024-01-01 07:34:25.000000,ACC000245,ACC004361,1285.21,0,BLOCK,1.0
TXN000982205,2024-01-01 07:42:52.000000,ACC000250,ACC009688,336.21,0,BLOCK,1.0
TXN000984712,2024-01-01 07:45:49.000000,ACC000437,ACC012456,226.2,0,BLOCK,1.0
TXN000373658,2024-01-01 08:00:00.000000,ACC023761,ACC024026,113429.56,0,COOLING,0.0
TXN000773147,2024-01-01 08:00:00.000000,ACC016068,ACC018249,140100.28,0,COOLING,0.0
TXN000996994,2024-01-01 08:00:00.000000,ACC025265,ACC000182,96658.09,0,BLOCK,0.0
TXN000955813,2024-01-01 08:00:00.000000,ACC026830,ACC014922,143380.05,0,COOLING,0.0
TXN000076047,2024-01-01 08:00:00.000000,ACC007069,ACC008793,141590.76,0,COOLING,0.0
TXN000389107,2024-01-01 08:00:00.000000,ACC001567,ACC009669,131932.95,0,COOLING,0.0
TXN000470123,2024-01-01 08:00:00.000000,ACC022351,ACC015750,134963.28,0,COOLING,0.0
TXN000961543,2024-01-01 08:00:00.000000,ACC006656,ACC000107,113218.14,0,BLOCK,0.0
TXN000488068,2024-01-01 08:00:00.000000,ACC020359,ACC016821,128843.29,0,COOLING,0.0
TXN000506260,2024-01-01 08:00:00.000000,ACC017918,ACC007219,101546.2,0,COOLING,0.0
TXN000148915,2024-01-01 08:00:00.000000,ACC010196,ACC024575,125193.24,0,COOLING,0.0
TXN000510046,2024-01-01 08:00:00.000000,ACC021130,ACC017382,140938.69,0,COOLING,0.0
TXN000633336,2024-01-01 08:00:00.000000,ACC017915,ACC012612,125803.82,0,COOLING,0.0
TXN000311189,2024-01-01 08:00:00.000000,ACC008976,ACC023897,102758.63,0,COOLING,0.0
TXN000314684,2024-01-01 08:00:00.000000,ACC013396,ACC018132,110940.01,0,COOLING,0.0
TXN000985585,2024-01-01 08:10:07.000000,ACC000584,ACC009216,601.63,0,BLOCK,1.0
TXN000998411,2024-01-01 08:29:15.000000,ACC000888,ACC003790,1137.18,0,BLOCK,1.0
TXN000963108,2024-01-01 08:30:57.000000,ACC000454,ACC013197,293.94,0,BLOCK,1.0
TXN000961678,2024-01-01 08:33:20.000000,ACC000387,ACC019705,178.07,0,BLOCK,1.0
TXN000982557,2024-01-01 08:36:36.000000,ACC000262,ACC024102,2091.09,0,BLOCK,1.0
TXN000986688,2024-01-01 08:54:18.302773,ACC000366,ACC024335,45198.78,1,BLOCK,1.0
TXN000987972,2024-01-01 09:00:00.000000,ACC026843,ACC000162,131549.29,0,BLOCK,0.0
TXN000693928,2024-01-01 09:00:00.000000,ACC020706,ACC015529,148959.25,0,COOLING,0.0
TXN000517267,2024-01-01 09:00:00.000000,ACC006014,ACC026839,128554.93,0,COOLING,0.0
TXN000563151,2024-01-01 09:00:00.000000,ACC011008,ACC003409,147967.71,0,COOLING,0.0
TXN000116389,2024-01-01 09:00:00.000000,ACC014110,ACC001607,100309.05,0,COOLING,0.0
TXN000707625,2024-01-01 09:00:00.000000,ACC021385,ACC001919,106742.29,0,COOLING,0.0
TXN000015595,2024-01-01 09:00:00.000000,ACC015915,ACC026454,124941.94,0,COOLING,0.0
TXN001000443,2024-01-01 09:03:48.000000,ACC000601,ACC022069,2831.84,0,BLOCK,1.0
TXN000990621,2024-01-01 09:14:07.000000,ACC000653,ACC008439,272.83,0,BLOCK,1.0
TXN000971300,2024-01-01 09:17:56.000000,ACC000943,ACC008252,731.77,0,BLOCK,1.0
TXN000962127,2024-01-01 09:19:30.000000,ACC000891,ACC005843,584.4,0,BLOCK,1.0
TXN000960235,2024-01-01 09:19:51.125463,ACC000679,ACC000612,44482.64,1,BLOCK,1.0
TXN000984869,2024-01-01 09:32:03.000000,ACC000441,ACC017453,760.2,0,BLOCK,1.0
TXN000967008,2024-01-01 09:38:44.000000,ACC000917,ACC012892,2021.91,0,BLOCK,1.0
TXN000984654,2024-01-01 09:55:48.000000,ACC000643,ACC022094,426.85,0,BLOCK,1.0
TXN000980414,2024-01-01 09:57:03.000000,ACC000940,ACC005071,662.11,0,BLOCK,1.0
TXN000077370,2024-01-01 10:00:00.000000,ACC003247,ACC019383,148377.72,0,COOLING,0.0
TXN000826061,2024-01-01 10:00:00.000000,ACC005803,ACC007522,111049.45,0,COOLING,0.0
TXN000769728,2024-01-01 10:00:00.000000,ACC020939,ACC005976,128506.52,0,COOLING,0.0
TXN000780986,2024-01-01 10:00:00.000000,ACC021093,ACC017652,107820.93,0,COOLING,0.0
TXN000364143,2024-01-01 10:00:00.000000,ACC011171,ACC006632,133957.51,0,COOLING,0.0
TXN000588336,2024-01-01 10:00:00.000000,ACC016703,ACC025519,122131.72,0,COOLING,0.0
TXN000531916,2024-01-01 10:00:00.000000,ACC019115,ACC022407,129960.3,0,COOLING,0.0
TXN000893655,2024-01-01 10:00:00.000000,ACC008150,ACC012657,135564.95,0,COOLING,0.0
TXN000406111,2024-01-01 10:00:00.000000,ACC021028,ACC004318,142369.69,0,COOLING,0.0
TXN000991337,2024-01-01 10:00:42.000000,ACC001014,ACC001811,3418.01,0,BLOCK,1.0
TXN000992771,2024-01-01 10:00:48.000000,ACC000719,ACC014180,308.5,0,BLOCK,1.0
TXN000965228,2024-01-01 10:01:03.000000,ACC000875,ACC011906,2260.07,0,BLOCK,1.0
TXN000978661,2024-01-01 10:01:45.000000,ACC000075,ACC018153,661.69,0,BLOCK,1.0
TXN000996912,2024-01-01 10:02:20.000000,ACC017551,ACC000193,20511.79,0,BLOCK,0.0
TXN000961556,2024-01-01 10:05:22.000000,ACC000476,ACC017126,8264.91,0,BLOCK,1.0
TXN000987256,2024-01-01 10:08:00.000000,ACC000526,ACC017315,48.24,0,BLOCK,1.0
TXN000987973,2024-01-01 10:10:22.780101,ACC000162,ACC013032,39493.69,0,BLOCK,1.0
TXN000977465,2024-01-01 10:11:54.000000,ACC000089,ACC004079,6544.24,0,BLOCK,1.0
TXN000971407,2024-01-01 10:13:36.000000,ACC000205,ACC007509,1090.3,0,BLOCK,1.0
TXN000967470,2024-01-01 10:45:00.000000,ACC000177,ACC002390,349.16,0,BLOCK,1.0
TXN000986694,2024-01-01 10:49:35.991137,ACC000366,ACC005402,45176.66,1,BLOCK,1.0
TXN000960933,2024-01-01 10:49:47.900516,ACC000518,ACC000930,92885.52,1,BLOCK,1.0
TXN000987149,2024-01-01 10:55:18.000000,ACC000712,ACC025553,629.01,0,BLOCK,1.0
TXN000979269,2024-01-01 10:56:00.000000,ACC000128,ACC003390,13870.28,0,BLOCK,1.0
TXN000997273,2024-01-01 10:56:10.000000,ACC000807,ACC006311,302.7,0,BLOCK,1.0
TXN000965631,2024-01-01 10:59:17.000000,ACC001017,ACC011381,979.82,0,BLOCK,1.0
TXN000928288,2024-01-01 11:00:00.000000,ACC004321,ACC023381,142639.88,0,COOLING,0.0
TXN000394228,2024-01-01 11:00:00.000000,ACC003026,ACC013641,121318.99,0,COOLING,0.0
TXN000998281,2024-01-01 11:01:37.000000,ACC000930,ACC002768,211.91,0,BLOCK,1.0
TXN000976292,2024-01-01 11:01:57.575788,ACC000249,ACC014279,91914.26,1,BLOCK,1.0
TXN000993450,2024-01-01 11:06:12.000000,ACC000814,ACC010879,2360.28,0,BLOCK,1.0
TXN000993804,2024-01-01 11:08:25.000000,ACC000898,ACC024191,1059.98,0,BLOCK,1.0
TXN000967954,2024-01-01 11:11:27.000000,ACC000741,ACC025492,1394.06,0,BLOCK,1.0
TXN000967785,2024-01-01 11:19:46.000000,ACC000066,ACC007204,493.52,0,BLOCK,1.0
TXN000973146,2024-01-01 11:35:08.000000,ACC000967,ACC013336,500.03,0,BLOCK,1.0
TXN000959355,2024-01-01 11:37:42.000000,ACC000389,ACC004727,308.0,0,BLOCK,1.0
TXN000945123,2024-01-01 11:38:21.000000,ACC025228,ACC001431,100000.0,0,COOLING,0.0
TXN000987975,2024-01-01 11:44:54.933423,ACC000162,ACC013032,80405.69,0,BLOCK,1.0
TXN000973602,2024-01-01 11:44:58.000000,ACC000307,ACC026032,1282.3,0,BLOCK,1.0
TXN000965374,2024-01-01 11:45:16.000000,ACC000766,ACC002315,1282.39,0,BLOCK,1.0
TXN000975057,2024-01-01 11:55:12.000000,ACC001077,ACC005774,7139.43,0,BLOCK,1.0
TXN000705155,2024-01-01 12:00:00.000000,ACC016774,ACC018086,107589.67,0,COOLING,0.0
TXN000935648,2024-01-01 12:00:00.000000,ACC017372,ACC024988,121638.98,0,COOLING,0.0
TXN000040990,2024-01-01 12:00:00.000000,ACC021642,ACC017357,146668.64,0,COOLING,0.0
TXN000963686,2024-01-01 12:00:00.000000,ACC019491,ACC000002,47533.25,0,BLOCK,0.0
TXN000661370,2024-01-01 12:00:00.000000,ACC001525,ACC010659,107295.15,0,COOLING,0.0
TXN000484763,2024-01-01 12:00:00.000000,ACC008391,ACC008726,102103.47,0,COOLING,0.0
TXN000077423,2024-01-01 12:00:00.000000,ACC009153,ACC014953,138909.71,0,COOLING,0.0
TXN000800705,2024-01-01 12:00:00.000000,ACC022276,ACC004332,145702.52,0,COOLING,0.0
TXN000514540,2024-01-01 12:00:00.000000,ACC025902,ACC019269,112974.87,0,COOLING,0.0
TXN000274921,2024-01-01 12:00:00.000000,ACC016950,ACC025672,116235.53,0,COOLING,0.0
TXN000680742,2024-01-01 12:00:00.000000,ACC018747,ACC026529,129523.19,0,COOLING,0.0
TXN000117381,2024-01-01 12:00:00.000000,ACC007747,ACC015471,113302.12,0,COOLING,0.0
TXN000870399,2024-01-01 12:00:00.000000,ACC006685,ACC022692,110529.9,0,COOLING,0.0
TXN000989709,2024-01-01 12:05:20.000000,ACC000894,ACC003077,5883.34,0,BLOCK,1.0
TXN000987180,2024-01-01 12:09:23.000000,ACC000136,ACC019335,562.48,0,BLOCK,1.0
TXN000964254,2024-01-01 12:12:55.000000,ACC000310,ACC012806,3209.29,0,BLOCK,1.0
TXN000996135,2024-01-01 12:35:03.000000,ACC000549,ACC017845,1336.14,0,BLOCK,1.0
TXN000993642,2024-01-01 12:36:40.000000,ACC000480,ACC002838,1627.13,0,BLOCK,1.0
TXN000960532,2024-01-01 12:41:40.000000,ACC000239,ACC025083,433.61,0,BLOCK,1.0
TXN000974384,2024-01-01 12:47:28.000000,ACC000834,ACC021607,220.56,0,BLOCK,1.0
TXN000550707,2024-01-01 13:00:00.000000,ACC023566,ACC015065,107723.07,0,COOLING,0.0
TXN000072094,2024-01-01 13:00:00.000000,ACC017926,ACC019267,141579.66,0,COOLING,0.0
TXN000496885,2024-01-01 13:00:00.000000,ACC023267,ACC006148,149217.07,0,COOLING,0.0
TXN000744341,2024-01-01 13:00:00.000000,ACC016680,ACC020247,138104.74,0,COOLING,0.0
TXN000706391,2024-01-01 13:00:00.000000,ACC006936,ACC018201,108557.25,0,COOLING,0.0
TXN000103343,2024-01-01 13:00:00.000000,ACC021760,ACC016865,117514.16,0,COOLING,0.0
TXN000606404,2024-01-01 13:00:00.000000,ACC006768,ACC024556,148126.14,0,COOLING,0.0
TXN000488795,2024-01-01 13:00:00.000000,ACC023149,ACC014481,107764.13,0,COOLING,0.0
TXN001000870,2024-01-01 13:05:23.000000,ACC000144,ACC023061,640.43,0,BLOCK,1.0
TXN000967746,2024-01-01 13:12:45.000000,ACC000602,ACC015140,1769.23,0,BLOCK,1.0
TXN000968492,2024-01-01 13:24:57.000000,ACC000092,ACC012833,2381.17,0,BLOCK,1.0
TXN000961957,2024-01-01 13:28:22.000000,ACC022151,ACC001026,10759.46,0,BLOCK,0.0
TXN000968568,2024-01-01 13:28:29.000000,ACC000026,ACC006710,15339.75,0,BLOCK,1.0
TXN000970332,2024-01-01 13:29:31.000000,ACC000771,ACC023529,933.64,0,BLOCK,1.0
TXN000995043,2024-01-01 13:43:55.000000,ACC000598,ACC026405,3346.88,0,BLOCK,1.0
TXN000961513,2024-01-01 13:49:44.000000,ACC000107,ACC020177,406.77,0,BLOCK,1.0
TXN000992170,2024-01-01 13:55:01.000000,ACC000497,ACC025061,6951.34,0,BLOCK,1.0
TXN000964394,2024-01-01 13:56:08.000000,ACC000620,ACC015748,2497.84,0,BLOCK,1.0
TXN000980309,2024-01-01 13:58:30.000000,ACC000359,ACC016208,261.02,0,BLOCK,1.0
TXN000990736,2024-01-01 13:58:44.000000,ACC000126,ACC005329,445.8,0,BLOCK,1.0
TXN000108436,2024-01-01 14:00:00.000000,ACC007988,ACC022974,130517.38,0,COOLING,0.0
TXN000461338,2024-01-01 14:00:00.000000,ACC007006,ACC008831,125459.79,0,COOLING,0.0
TXN000101070,2024-01-01 14:00:00.000000,ACC015157,ACC011519,104953.22,0,COOLING,0.0
TXN000365830,2024-01-01 14:00:00.000000,ACC012766,ACC009995,127248.59,0,COOLING,0.0
TXN000058327,2024-01-01 14:00:00.000000,ACC003689,ACC011619,106499.19,0,COOLING,0.0
TXN000857638,2024-01-01 14:00:00.000000,ACC015307,ACC003252,144818.2,0,COOLING,0.0
TXN000812758,2024-01-01 14:00:00.000000,ACC012132,ACC001361,136720.4,0,COOLING,0.0
TXN000612441,2024-01-01 14:00:00.000000,ACC022857,ACC009849,123385.56,0,COOLING,0.0
TXN000680083,2024-01-01 14:00:00.000000,ACC017499,ACC021861,140308.95,0,COOLING,0.0
TXN000994574,2024-01-01 14:00:00.000000,ACC014389,ACC000785,132656.73,0,BLOCK,0.0
TXN000981496,2024-01-01 14:00:00.000000,ACC025568,ACC000906,34993.3,0,BLOCK,0.0
TXN000092777,2024-01-01 14:00:00.000000,ACC007414,ACC024881,103833.96,0,COOLING,0.0
TXN000203933,2024-01-01 14:00:00.000000,ACC004628,ACC003991,140070.38,0,COOLING,0.0
TXN000005145,2024-01-01 14:00:00.000000,ACC002294,ACC018719,108152.22,0,COOLING,0.0
TXN000191827,2024-01-01 14:00:00.000000,ACC010899,ACC023929,136969.23,0,COOLING,0.0
TXN000446823,2024-01-01 14:00:00.000000,ACC012843,ACC020820,129859.32,0,COOLING,0.0
TXN000894199,2024-01-01 14:00:00.000000,ACC026020,ACC018986,102673.69,0,COOLING,0.0
TXN000711822,2024-01-01 14:00:00.000000,ACC004006,ACC011119,138436.13,0,COOLING,0.0
TXN000989796,2024-01-01 14:05:20.000000,ACC000010,ACC013661,143.43,0,BLOCK,1.0
TXN000971204,2024-01-01 14:05:55.000000,ACC000065,ACC026128,199.62,0,BLOCK,1.0
TXN000964685,2024-01-01 14:08:08.000000,ACC000470,ACC004605,258.0,0,BLOCK,1.0
TXN000985960,2024-01-01 14:12:00.000000,ACC000614,ACC001261,214.38,0,BLOCK,1.0
TXN000961699,2024-01-01 14:19:02.000000,ACC000941,ACC017122,2223.67,0,BLOCK,1.0
TXN000968758,2024-01-01 14:19:43.000000,ACC000032,ACC021510,734.78,0,BLOCK,1.0
TXN000998335,2024-01-01 14:19:46.000000,ACC000073,ACC021751,583.7,0,BLOCK,1.0
TXN000999673,2024-01-01 14:20:39.000000,ACC000061,ACC016900,231.08,0,BLOCK,1.0
TXN000995235,2024-01-01 14:24:20.000000,ACC000826,ACC026325,268.75,0,BLOCK,1.0
TXN000985969,2024-01-01 14:29:06.000000,ACC000614,ACC007671,1719.02,0,BLOCK,1.0
TXN000963689,2024-01-01 14:29:12.398293,ACC000002,ACC019491,28612.35,0,BLOCK,1.0
TXN000988793,2024-01-01 14:30:46.000000,ACC000101,ACC014917,1182.64,0,BLOCK,1.0
TXN000989396,2024-01-01 14:31:11.000000,ACC000759,ACC008264,346.83,0,BLOCK,1.0
TXN000981438,2024-01-01 14:32:24.000000,ACC001010,ACC005621,497.05,0,BLOCK,1.0
TXN000988800,2024-01-01 14:33:06.000000,ACC000101,ACC012051,2449.16,0,BLOCK,1.0
TXN000436467,2024-01-01 15:00:00.000000,ACC026418,ACC006314,132638.41,0,COOLING,0.0
TXN000340234,2024-01-01 15:00:00.000000,ACC011808,ACC010292,115189.3,0,COOLING,0.0
TXN000648477,2024-01-01 15:00:00.000000,ACC006246,ACC002978,138541.88,0,COOLING,0.0
TXN000980919,2024-01-01 15:00:00.000000,ACC002368,ACC000649,20883.47,0,BLOCK,0.0
TXN000108192,2024-01-01 15:00:00.000000,ACC005919,ACC017555,134481.74,0,COOLING,0.0
TXN000758043,2024-01-01 15:00:00.000000,ACC025869,ACC010076,146815.31,0,COOLING,0.0
TXN000568547,2024-01-01 15:00:00.000000,ACC012487,ACC005695,139777.16,0,COOLING,0.0
TXN000495099,2024-01-01 15:00:00.000000,ACC010284,ACC021536,108867.04,0,COOLING,0.0
TXN000441462,2024-01-01 15:00:00.000000,ACC002222,ACC015635,119837.54,0,COOLING,0.0
TXN000960625,2024-01-01 15:00:00.000000,ACC001443,ACC000417,57352.76,0,BLOCK,0.0
TXN000492882,2024-01-01 15:00:00.000000,ACC001776,ACC025208,136253.84,0,COOLING,0.0
TXN000985227,2024-01-01 15:04:13.000000,ACC000133,ACC013326,421.66,0,BLOCK,1.0
TXN000966519,2024-01-01 15:09:55.000000,ACC000512,ACC014283,40.31,0,BLOCK,1.0
TXN000969203,2024-01-01 15:10:33.000000,ACC000851,ACC005460,410.2,0,BLOCK,1.0
TXN000704402,2024-01-01 15:12:38.000000,ACC026003,ACC015244,100000.0,0,COOLING,0.0
TXN000961020,2024-01-01 15:28:21.000000,ACC000033,ACC025339,419.61,0,BLOCK,1.0
TXN000997389,2024-01-01 15:29:02.000000,ACC000972,ACC026831,10658.63,0,BLOCK,1.0
TXN000995157,2024-01-01 15:31:09.000000,ACC000892,ACC014619,1067.2,0,BLOCK,1.0
TXN000999261,2024-01-01 15:33:39.000000,ACC000284,ACC003529,455.63,0,BLOCK,1.0
TXN000987974,2024-01-01 15:34:45.523763,ACC000162,ACC024856,35978.26,0,BLOCK,1.0
TXN000986624,2024-01-01 15:50:05.000000,ACC000289,ACC023684,1852.86,0,BLOCK,1.0
TXN000986307,2024-01-01 15:52:39.000000,ACC000165,ACC007359,26184.81,0,BLOCK,1.0
TXN000971883,2024-01-01 15:52:55.000000,ACC000330,ACC021854,13547.9,0,BLOCK,1.0
TXN000966355,2024-01-01 15:54:35.000000,ACC000530,ACC002174,451.85,0,BLOCK,1.0
TXN000093150,2024-01-01 16:00:00.000000,ACC015038,ACC001714,109749.92,0,COOLING,0.0
TXN000205991,2024-01-01 16:00:00.000000,ACC026398,ACC018301,116540.44,0,COOLING,0.0
TXN000826463,2024-01-01 16:00:00.000000,ACC015519,ACC020344,126357.28,0,COOLING,0.0
TXN000253177,2024-01-01 16:00:00.000000,ACC010444,ACC008241,115015.83,0,COOLING,0.0
TXN000403019,2024-01-01 16:00:00.000000,ACC007758,ACC015617,128305.17,0,COOLING,0.0
TXN000822630,2024-01-01 16:00:00.000000,ACC008011,ACC023342,118627.5,0,COOLING,0.0
TXN000103067,2024-01-01 16:00:00.000000,ACC012051,ACC002415,136641.34,0,COOLING,0.0
TXN000109266,2024-01-01 16:00:00.000000,ACC012114,ACC022028,106408.66,0,COOLING,0.0
TXN000028241,2024-01-01 16:00:00.000000,ACC019607,ACC017488,103309.05,0,COOLING,0.0
TXN000437353,2024-01-01 16:00:00.000000,ACC004675,ACC002968,138129.91,0,COOLING,0.0
TXN000193245,2024-01-01 16:00:00.000000,ACC006932,ACC017254,108016.06,0,COOLING,0.0
TXN000380535,2024-01-01 16:00:00.000000,ACC005802,ACC008172,138272.0,0,COOLING,0.0
TXN000999444,2024-01-01 16:04:01.000000,ACC000164,ACC002474,215.72,0,BLOCK,1.0
TXN000962186,2024-01-01 16:08:37.000000,ACC000213,ACC004241,243.36,0,BLOCK,1.0
TXN001000689,2024-01-01 16:22:28.000000,ACC000461,ACC013215,555.22,0,BLOCK,1.0
TXN000970736,2024-01-01 16:25:05.000000,ACC000007,ACC012484,571.34,0,BLOCK,1.0
TXN000981861,2024-01-01 16:34:34.000000,ACC000949,ACC020387,343.88,0,BLOCK,1.0
TXN000988140,2024-01-01 16:47:01.651266,ACC000519,ACC018792,16269.17,1,BLOCK,1.0
TXN000714251,2024-01-01 17:00:00.000000,ACC012129,ACC010489,149995.9,0,COOLING,0.0
TXN000414660,2024-01-01 17:00:00.000000,ACC020157,ACC007004,144462.72,0,COOLING,0.0
TXN000896080,2024-01-01 17:00:00.000000,ACC011524,ACC020232,120615.48,0,COOLING,0.0
TXN000551462,2024-01-01 17:00:00.000000,ACC020784,ACC018165,115462.54,0,COOLING,0.0
TXN000935461,2024-01-01 17:00:00.000000,ACC003563,ACC020694,130370.06,0,COOLING,0.0
TXN000791532,2024-01-01 17:00:00.000000,ACC008882,ACC008383,114260.02,0,COOLING,0.0
TXN000959824,2024-01-01 17:00:00.000000,ACC004299,ACC000911,79907.4,0,BLOCK,0.0
TXN000999985,2024-01-01 17:04:27.000000,ACC000402,ACC019261,159.12,0,BLOCK,1.0
TXN000989570,2024-01-01 17:15:28.000000,ACC000048,ACC016449,187.95,0,BLOCK,1.0
TXN000987824,2024-01-01 17:15:38.000000,ACC000747,ACC010556,225.22,0,BLOCK,1.0
TXN000981499,2024-01-01 17:29:20.834727,ACC000906,ACC012899,14088.52,0,BLOCK,1.0
TXN000995208,2024-01-01 17:35:15.000000,ACC000754,ACC015652,502.06,0,BLOCK,1.0
TXN000998630,2024-01-01 17:41:45.000000,ACC000247,ACC025807,114.84,0,BLOCK,1.0
TXN000995645,2024-01-01 17:53:28.000000,ACC000812,ACC001745,392.55,0,BLOCK,1.0
TXN000961247,2024-01-01 17:57:58.000000,ACC000929,ACC017990,126.87,0,BLOCK,1.0
TXN000307660,2024-01-01 18:00:00.000000,ACC024450,ACC023184,146006.01,0,COOLING,0.0
TXN000357416,2024-01-01 18:00:00.000000,ACC008354,ACC018361,125289.49,0,COOLING,0.0
TXN000156180,2024-01-01 18:00:00.000000,ACC009624,ACC005768,141298.79,0,COOLING,0.0
TXN000175206,2024-01-01 18:00:00.000000,ACC023419,ACC003231,116400.8,0,COOLING,0.0
TXN000573943,2024-01-01 18:00:00.000000,ACC019005,ACC018445,112046.15,0,COOLING,0.0
TXN000283037,2024-01-01 18:00:00.000000,ACC004081,ACC007259,102538.7,0,COOLING,0.0
TXN000380540,2024-01-01 18:00:00.000000,ACC012429,ACC008172,110852.78,0,COOLING,0.0
TXN000052695,2024-01-01 18:00:00.000000,ACC014693,ACC018623,115276.31,0,COOLING,0.0
TXN000845940,2024-01-01 18:00:00.000000,ACC002408,ACC002964,119635.0,0,COOLING,0.0
TXN000984524,2024-01-01 18:07:21.000000,ACC000546,ACC006217,1550.35,0,BLOCK,1.0
TXN000959827,2024-01-01 18:14:52.378798,ACC000911,ACC019241,27491.02,0,BLOCK,1.0
TXN000974400,2024-01-01 18:39:03.890810,ACC000834,ACC022663,84492.54,1,BLOCK,1.0
TXN000960262,2024-01-01 18:45:42.000000,ACC000238,ACC019232,101.0,0,BLOCK,1.0
TXN000986696,2024-01-01 18:49:42.781934,ACC000366,ACC020407,44878.0,1,BLOCK,1.0
TXN000981648,2024-01-01 18:50:35.865762,ACC000486,ACC013587,44868.03,1,BLOCK,1.0
TXN000960628,2024-01-01 18:57:45.920667,ACC000417,ACC010016,20040.89,0,BLOCK,1.0
TXN000991356,2024-01-01 18:59:00.000000,ACC001014,ACC020156,704.2,0,BLOCK,1.0
TXN000963687,2024-01-01 18:59:56.798842,ACC000002,ACC003523,13647.46,0,BLOCK,1.0
TXN000960795,2024-01-01 19:03:28.000000,ACC000130,ACC005144,228.32,0,BLOCK,1.0
TXN000996995,2024-01-01 19:09:43.812820,ACC000182,ACC002350,42350.35,0,BLOCK,1.0
TXN000961906,2024-01-01 19:29:36.000000,ACC000405,ACC007623,395.51,0,BLOCK,1.0
TXN000978365,2024-01-01 19:54:53.000000,ACC002532,ACC000609,90937.84,0,BLOCK,0.0
TXN000967351,2024-01-01 20:09:13.000000,ACC000968,ACC018029,665.19,0,BLOCK,1.0
TXN001000308,2024-01-01 20:14:36.916111,ACC000944,ACC005028,91172.53,1,BLOCK,1.0
TXN000980694,2024-01-01 21:13:34.000000,ACC000591,ACC007216,429.98,0,BLOCK,1.0
TXN000983033,2024-01-01 21:20:02.000000,ACC000753,ACC010766,312.99,0,BLOCK,1.0
TXN000597099,2024-01-01 21:22:30.000000,ACC001871,ACC025688,100000.0,0,COOLING,0.0
TXN000971484,2024-01-01 21:27:42.000000,ACC000857,ACC008230,804.58,0,BLOCK,1.0
TXN000960934,2024-01-01 21:39:35.801032,ACC000930,ACC001003,90098.95,1,BLOCK,1.0
TXN000162136,2024-01-01 21:41:21.000000,ACC002114,ACC011639,100000.0,0,COOLING,0.0
TXN000966360,2024-01-01 21:49:00.000000,ACC000530,ACC006255,4633.51,0,BLOCK,1.0
TXN000981497,2024-01-01 22:41:11.074902,ACC000906,ACC019558,14502.42,0,BLOCK,1.0
TXN000960627,2024-01-01 22:54:24.112311,ACC000417,ACC021456,32796.97,0,BLOCK,1.0
TXN000981498,2024-01-01 23:40:31.359185,ACC000906,ACC020167,21071.11,0,BLOCK,1.0
TXN000966717,2024-01-02 00:00:00.000000,ACC000683,ACC000354,19584.05,1,BLOCK,1.0
TXN000977190,2024-01-02 00:00:00.000000,ACC000541,ACC013171,41426.5,1,BLOCK,1.0
TXN000982061,2024-01-02 00:00:00.000000,ACC000297,ACC000853,80211.75,1,BLOCK,1.0
TXN000975034,2024-01-02 00:00:00.000000,ACC000493,ACC000459,24485.38,1,BLOCK,1.0
TXN000971275,2024-01-02 00:00:00.000000,ACC000817,ACC000917,114134.58,1,BLOCK,1.0
TXN000962110,2024-01-02 00:00:00.000000,ACC000562,ACC000785,37277.76,1,BLOCK,1.0
TXN000999499,2024-01-02 00:00:00.000000,ACC000472,ACC000320,42361.38,1,BLOCK,1.0
TXN000968222,2024-01-02 00:00:00.000000,ACC000919,ACC000644,44644.12,1,BLOCK,1.0
TXN000992655,2024-01-02 00:28:18.000000,ACC014161,ACC001043,10256.23,0,BLOCK,0.0
TXN000990228,2024-01-02 00:46:45.718553,ACC025193,ACC000120,12894.5,1,BLOCK,0.0
TXN000961545,2024-01-02 01:04:58.232900,ACC000107,ACC006656,62060.95,0,BLOCK,1.0
TXN000961544,2024-01-02 01:27:56.457054,ACC000107,ACC010367,67509.35,0,BLOCK,1.0
TXN000981650,2024-01-02 02:13:40.071872,ACC000486,ACC015438,45029.45,1,BLOCK,1.0
TXN000966718,2024-01-02 02:16:13.763302,ACC000354,ACC017427,17955.44,1,BLOCK,1.0
TXN000970542,2024-01-02 02:43:18.000000,ACC000263,ACC011348,4926.15,0,BLOCK,1.0
TXN000994575,2024-01-02 02:53:02.284784,ACC000785,ACC018062,81770.04,0,BLOCK,1.0
TXN000990225,2024-01-02 02:53:50.139360,ACC024832,ACC000120,11736.47,1,BLOCK,0.0
TXN001000311,2024-01-02 02:55:37.055584,ACC000141,ACC000944,83843.38,1,BLOCK,1.0
TXN000977191,2024-01-02 03:04:13.468533,ACC000541,ACC025027,41402.44,1,BLOCK,1.0
TXN000981652,2024-01-02 03:07:48.835971,ACC000486,ACC008858,45171.21,1,BLOCK,1.0
TXN000981358,2024-01-02 03:17:58.000000,ACC000232,ACC009754,1551.35,0,BLOCK,1.0
TXN000975483,2024-01-02 03:52:51.000000,ACC000724,ACC002112,2145.86,0,BLOCK,1.0
TXN000999500,2024-01-02 03:59:28.851178,ACC000320,ACC000224,41090.54,1,BLOCK,1.0
TXN000071057,2024-01-02 04:10:22.988975,ACC003230,ACC016465,100498.43,0,COOLING,0.0
TXN000963688,2024-01-02 04:13:50.616238,ACC000002,ACC019491,19021.19,0,STEP_UP,1.0
TXN000980920,2024-01-02 04:27:48.473305,ACC000649,ACC016891,8927.86,0,BLOCK,1.0
TXN000977192,2024-01-02 04:57:01.159786,ACC000541,ACC017763,41492.97,1,BLOCK,1.0
TXN000999498,2024-01-02 05:04:22.000000,ACC000472,ACC010266,7947.38,0,BLOCK,1.0
TXN000990823,2024-01-02 05:39:09.000000,ACC000607,ACC004568,2502.53,0,BLOCK,1.0
TXN000962111,2024-01-02 05:51:49.270734,ACC000785,ACC000321,36159.43,1,BLOCK,1.0
TXN000967799,2024-01-02 05:52:37.000000,ACC000066,ACC025452,337.3,0,BLOCK,1.0
TXN000981866,2024-01-02 05:54:48.000000,ACC000949,ACC001386,875.59,0,BLOCK,1.0
TXN000966988,2024-01-02 06:25:56.000000,ACC000711,ACC011062,240.69,0,BLOCK,1.0
TXN000977193,2024-01-02 06:31:11.287329,ACC000541,ACC002340,41202.33,1,BLOCK,1.0
TXN000960626,2024-01-02 06:51:12.446885,ACC000417,ACC009871,23088.68,0,BLOCK,1.0
TXN001000309,2024-01-02 07:02:36.427400,ACC000141,ACC000944,27258.87,1,BLOCK,1.0
TXN000959122,2024-01-02 07:03:18.000000,ACC000619,ACC019293,1093.82,0,BLOCK,1.0
TXN000965635,2024-01-02 07:10:04.000000,ACC001017,ACC025870,1260.86,0,BLOCK,1.0
TXN000977264,2024-01-02 07:15:36.000000,ACC000410,ACC005283,1536.16,0,BLOCK,1.0
TXN000986695,2024-01-02 07:23:09.321441,ACC000366,ACC003593,45173.45,1,BLOCK,1.0
TXN000959826,2024-01-02 07:25:37.845726,ACC000911,ACC008845,29590.26,0,BLOCK,1.0
TXN000985733,2024-01-02 07:27:38.000000,ACC000974,ACC010315,269.71,0,BLOCK,1.0
TXN000981651,2024-01-02 07:28:36.016541,ACC000486,ACC013587,45022.92,1,BLOCK,1.0
TXN000989606,2024-01-02 07:29:11.000000,ACC000787,ACC015078,1700.06,0,BLOCK,1.0
TXN000991343,2024-01-02 07:30:12.000000,ACC001811,ACC001014,10464.25,0,BLOCK,0.0
TXN000983402,2024-01-02 07:32:20.000000,ACC000285,ACC009824,1819.3,0,BLOCK,1.0
TXN000968024,2024-01-02 07:49:40.000000,ACC000665,ACC009963,7248.45,0,BLOCK,1.0
TXN000972393,2024-01-02 07:50:16.000000,ACC000160,ACC007609,2441.53,0,BLOCK,1.0
TXN000969246,2024-01-02 07:57:55.000000,ACC000022,ACC019832,251.33,0,BLOCK,1.0
TXN000999501,2024-01-02 07:58:57.702356,ACC000224,ACC000598,39857.83,1,BLOCK,1.0
TXN000109052,2024-01-02 08:00:00.000000,ACC023837,ACC014328,133607.37,0,COOLING,0.0
TXN000147192,2024-01-02 08:00:00.000000,ACC022033,ACC010722,138458.36,0,COOLING,0.0
TXN000161442,2024-01-02 08:00:00.000000,ACC025928,ACC015986,128064.41,0,COOLING,0.0
TXN000779676,2024-01-02 08:00:00.000000,ACC017287,ACC009125,104150.55,0,COOLING,0.0
TXN000409217,2024-01-02 08:00:00.000000,ACC015078,ACC001314,135545.64,0,COOLING,0.0
TXN000890504,2024-01-02 08:00:00.000000,ACC014259,ACC022270,103130.27,0,COOLING,0.0
TXN000969682,2024-01-02 08:00:00.000000,ACC017657,ACC000647,61437.48,0,BLOCK,0.0
TXN000987827,2024-01-02 08:00:00.000000,ACC017334,ACC000747,51896.06,0,BLOCK,0.0
TXN000408627,2024-01-02 08:00:00.000000,ACC016439,ACC006403,129929.15,0,COOLING,0.0
TXN000496332,2024-01-02 08:00:00.000000,ACC010677,ACC010220,136227.54,0,COOLING,0.0
TXN000065490,2024-01-02 08:00:00.000000,ACC002663,ACC026406,125759.88,0,COOLING,0.0
TXN000950629,2024-01-02 08:00:00.000000,ACC005626,ACC017695,137712.75,0,COOLING,0.0
TXN000989441,2024-01-02 08:15:23.000000,ACC000718,ACC011407,326.74,0,BLOCK,1.0
TXN000966906,2024-01-02 08:21:17.000000,ACC000608,ACC022221,393.81,0,BLOCK,1.0
TXN000999590,2024-01-02 08:22:34.000000,ACC000504,ACC022962,3064.04,0,BLOCK,1.0
TXN000960935,2024-01-02 08:29:23.701548,ACC001003,ACC000102,87395.99,1,BLOCK,1.0
TXN000996205,2024-01-02 08:30:50.000000,ACC000677,ACC019099,18889.81,0,BLOCK,1.0
TXN000990052,2024-01-02 08:32:57.000000,ACC000166,ACC023308,1308.84,0,BLOCK,1.0
TXN000989335,2024-01-02 08:36:30.000000,ACC000094,ACC020470,669.16,0,BLOCK,1.0
TXN000972101,2024-01-02 08:36:34.000000,ACC000867,ACC008970,43.49,0,BLOCK,1.0
TXN000983996,2024-01-02 08:41:53.000000,ACC000916,ACC020052,30.94,0,BLOCK,1.0
TXN000496886,2024-01-02 08:42:43.668911,ACC006148,ACC022185,100833.31,0,COOLING,0.0
TXN000999462,2024-01-02 08:45:58.000000,ACC000164,ACC025419,225.86,0,BLOCK,1.0
TXN000968567,2024-01-02 08:46:46.000000,ACC000026,ACC023524,651.6,0,BLOCK,1.0
TXN000961324,2024-01-02 08:48:41.000000,ACC000300,ACC001848,725.14,0,BLOCK,1.0
TXN000658174,2024-01-02 09:00:00.000000,ACC003611,ACC001560,116420.48,0,COOLING,0.0
TXN000281975,2024-01-02 09:00:00.000000,ACC003604,ACC002584,116668.27,0,COOLING,0.0
TXN000015349,2024-01-02 09:00:00.000000,ACC020355,ACC022587,111781.43,0,COOLING,0.0
TXN000230087,2024-01-02 09:00:00.000000,ACC015232,ACC021068,126784.58,0,COOLING,0.0
TXN000852511,2024-01-02 09:00:00.000000,ACC026401,ACC011061,120018.52,0,COOLING,0.0
TXN000390024,2024-01-02 09:00:00.000000,ACC026364,ACC002735,110510.71,0,COOLING,0.0
TXN000467153,2024-01-02 09:00:00.000000,ACC013625,ACC003376,101375.53,0,COOLING,0.0
TXN000569248,2024-01-02 09:00:00.000000,ACC015425,ACC010576,138131.81,0,COOLING,0.0
TXN000227022,2024-01-02 09:00:00.000000,ACC003336,ACC019397,130038.78,0,COOLING,0.0
TXN000576151,2024-01-02 09:00:00.000000,ACC007924,ACC003622,112366.66,0,COOLING,0.0
TXN000706539,2024-01-02 09:00:00.000000,ACC011107,ACC020168,114774.82,0,COOLING,0.0
TXN000943475,2024-01-02 09:00:00.000000,ACC024319,ACC013737,136080.8,0,COOLING,0.0
TXN000684589,2024-01-02 09:00:00.000000,ACC005698,ACC002689,126576.84,0,COOLING,0.0
TXN000588329,2024-01-02 09:00:00.000000,ACC015062,ACC025519,132119.91,0,COOLING,0.0
TXN000770259,2024-01-02 09:00:00.000000,ACC013371,ACC009674,138355.82,0,COOLING,0.0
TXN000827043,2024-01-02 09:00:00.000000,ACC024098,ACC026762,126930.87,0,COOLING,0.0
TXN000033184,2024-01-02 09:00:00.000000,ACC016268,ACC014803,146158.27,0,COOLING,0.0
TXN000286590,2024-01-02 09:00:00.000000,ACC008192,ACC005660,120568.02,0,COOLING,0.0
TXN000822626,2024-01-02 09:00:00.000000,ACC003868,ACC023342,100195.71,0,COOLING,0.0
TXN000997751,2024-01-02 09:03:16.000000,ACC000631,ACC005531,7649.14,0,BLOCK,1.0
TXN000962870,2024-01-02 09:08:26.000000,ACC000538,ACC011377,263.95,0,BLOCK,1.0
TXN000986705,2024-01-02 09:31:49.000000,ACC000103,ACC023183,4529.28,0,BLOCK,1.0
TXN000965395,2024-01-02 09:36:47.000000,ACC000000,ACC018579,835.27,0,BLOCK,1.0
TXN000959477,2024-01-02 09:38:49.000000,ACC001033,ACC007502,18527.1,0,BLOCK,1.0
TXN000967287,2024-01-02 09:48:59.000000,ACC000420,ACC017749,207.73,0,BLOCK,1.0
TXN000987429,2024-01-02 09:58:57.000000,ACC000039,ACC002685,1034.2,0,BLOCK,1.0
TXN000969155,2024-01-02 09:59:09.000000,ACC001041,ACC015616,297.58,0,BLOCK,1.0
TXN000819208,2024-01-02 10:00:00.000000,ACC026678,ACC010707,109148.25,0,COOLING,0.0
TXN000795958,2024-01-02 10:00:00.000000,ACC017294,ACC014618,109706.11,0,COOLING,0.0
TXN000991073,2024-01-02 10:00:00.000000,ACC024572,ACC000141,97240.02,0,BLOCK,0.0
TXN000039853,2024-01-02 10:00:00.000000,ACC017356,ACC026399,140154.39,0,COOLING,0.0
TXN000518153,2024-01-02 10:00:00.000000,ACC007908,ACC019177,142533.61,0,COOLING,0.0
TXN000263396,2024-01-02 10:00:00.000000,ACC026402,ACC004388,128488.34,0,COOLING,0.0
TXN000762155,2024-01-02 10:00:00.000000,ACC003685,ACC026987,109222.15,0,COOLING,0.0
TXN000837494,2024-01-02 10:00:00.000000,ACC016305,ACC008549,142014.25,0,COOLING,0.0
TXN000997584,2024-01-02 10:14:20.000000,ACC000809,ACC018844,734.61,0,BLOCK,1.0
TXN000996399,2024-01-02 10:20:15.000000,ACC000947,ACC002273,220.54,0,BLOCK,1.0
TXN000987920,2024-01-02 10:22:23.000000,ACC000304,ACC014142,103.69,0,BLOCK,1.0
TXN000967740,2024-01-02 10:28:11.000000,ACC000602,ACC012698,1095.42,0,BLOCK,1.0
TXN000959825,2024-01-02 10:35:22.418052,ACC000911,ACC012901,22895.79,0,BLOCK,1.0
TXN001000061,2024-01-02 10:38:20.000000,ACC000721,ACC022049,1996.63,0,BLOCK,1.0
TXN000986697,2024-01-02 10:40:36.687347,ACC000366,ACC005596,45121.01,1,BLOCK,1.0
TXN000976865,2024-01-02 10:42:56.000000,ACC000436,ACC018233,962.86,0,BLOCK,1.0
TXN000996500,2024-01-02 10:44:01.000000,ACC000429,ACC026427,850.81,0,BLOCK,1.0
TXN000973928,2024-01-02 10:47:48.000000,ACC000393,ACC024067,833.67,0,BLOCK,1.0
TXN000960929,2024-01-02 10:48:09.000000,ACC000102,ACC008353,81.59,0,BLOCK,1.0
TXN000976446,2024-01-02 10:53:20.000000,ACC000050,ACC012411,5209.16,0,BLOCK,1.0
TXN000976403,2024-01-02 10:53:37.000000,ACC000980,ACC003521,499.66,0,BLOCK,1.0
TXN000990592,2024-01-02 10:56:36.000000,ACC001579,ACC000927,12356.46,0,BLOCK,0.0
TXN000129745,2024-01-02 11:00:00.000000,ACC019398,ACC015399,126011.12,0,COOLING,0.0
TXN000655635,2024-01-02 11:00:00.000000,ACC019577,ACC018659,131919.97,0,COOLING,0.0
TXN000309581,2024-01-02 11:00:00.000000,ACC005883,ACC013538,143561.33,0,COOLING,0.0
TXN000995745,2024-01-02 11:00:00.000000,ACC024513,ACC000180,107363.84,0,BLOCK,0.0
TXN000780763,2024-01-02 11:00:00.000000,ACC022125,ACC007835,112832.59,0,COOLING,0.0
TXN000974433,2024-01-02 11:03:52.000000,ACC000185,ACC007552,1755.01,0,BLOCK,1.0
TXN000977195,2024-01-02 11:08:22.438464,ACC000541,ACC017457,41348.72,1,BLOCK,1.0
TXN000971276,2024-01-02 11:09:40.998896,ACC000917,ACC000108,110710.54,1,BLOCK,1.0
TXN000958997,2024-01-02 11:18:15.000000,ACC000343,ACC016660,4569.82,0,BLOCK,1.0
TXN000970326,2024-01-02 11:20:20.000000,ACC000771,ACC005549,296.78,0,BLOCK,1.0
TXN000988814,2024-01-02 11:21:36.000000,ACC000751,ACC026793,310.06,0,BLOCK,1.0
TXN000961390,2024-01-02 11:30:45.000000,ACC000962,ACC015413,5595.71,0,BLOCK,1.0
TXN000982062,2024-01-02 11:35:23.073176,ACC000853,ACC000558,77805.4,1,BLOCK,1.0
TXN000961802,2024-01-02 11:40:37.000000,ACC000788,ACC009776,1306.98,0,BLOCK,1.0
TXN000962112,2024-01-02 11:43:38.541467,ACC000321,ACC000430,35074.64,1,BLOCK,1.0
TXN000960582,2024-01-02 11:46:54.000000,ACC000292,ACC008194,4202.88,0,BLOCK,1.0
TXN000986699,2024-01-02 11:48:30.345925,ACC000366,ACC006203,45180.58,1,BLOCK,1.0
TXN000971492,2024-01-02 11:51:07.000000,ACC000857,ACC025974,1026.77,0,BLOCK,1.0
TXN000987743,2024-01-02 11:52:39.000000,ACC000802,ACC011936,1975.68,0,BLOCK,1.0
TXN000962670,2024-01-02 11:55:30.000000,ACC000191,ACC022311,969.31,0,BLOCK,1.0
TXN000999502,2024-01-02 11:58:26.553534,ACC000598,ACC000472,38662.09,1,BLOCK,1.0
TXN000412216,2024-01-02 12:00:00.000000,ACC018516,ACC010636,109847.81,0,COOLING,0.0
TXN000183777,2024-01-02 12:00:00.000000,ACC021331,ACC023899,132769.14,0,COOLING,0.0
TXN000386203,2024-01-02 12:00:00.000000,ACC006441,ACC012715,120650.28,0,COOLING,0.0
TXN000157318,2024-01-02 12:00:00.000000,ACC012266,ACC021216,101759.14,0,COOLING,0.0
TXN000284003,2024-01-02 12:00:00.000000,ACC017936,ACC003015,146381.12,0,COOLING,0.0
TXN000814897,2024-01-02 12:00:00.000000,ACC005359,ACC022515,137320.48,0,COOLING,0.0
TXN000464419,2024-01-02 12:00:00.000000,ACC009655,ACC020683,133518.6,0,COOLING,0.0
TXN001000140,2024-01-02 12:00:00.000000,ACC005150,ACC000373,124883.53,0,BLOCK,0.0
TXN000240322,2024-01-02 12:00:00.000000,ACC003078,ACC008976,138881.7,0,COOLING,0.0
TXN000993429,2024-01-02 12:02:03.000000,ACC001021,ACC002607,962.99,0,BLOCK,1.0
TXN000970469,2024-01-02 12:08:39.000000,ACC000660,ACC019000,136.05,0,BLOCK,1.0
TXN000987849,2024-01-02 12:09:17.000000,ACC000650,ACC012945,200.47,0,BLOCK,1.0
TXN000977194,2024-01-02 12:12:47.202205,ACC000541,ACC021841,41431.18,1,BLOCK,1.0
TXN000983898,2024-01-02 12:20:10.000000,ACC000036,ACC017836,245.82,0,BLOCK,1.0
TXN000986239,2024-01-02 12:23:22.000000,ACC000485,ACC024119,53.44,0,BLOCK,1.0
TXN000984268,2024-01-02 12:26:02.000000,ACC000841,ACC008078,83.87,0,BLOCK,1.0
TXN000990217,2024-01-02 12:28:14.372781,ACC006612,ACC000120,13071.74,1,BLOCK,0.0
TXN000968116,2024-01-02 12:32:08.000000,ACC000082,ACC017799,1005.48,0,BLOCK,1.0
TXN000995363,2024-01-02 12:39:05.000000,ACC000603,ACC007448,1636.42,0,BLOCK,1.0
TXN000989122,2024-01-02 12:45:08.000000,ACC000844,ACC004081,543.59,0,BLOCK,1.0
TXN000984640,2024-01-02 12:52:21.000000,ACC000643,ACC011299,2051.63,0,BLOCK,1.0
TXN000993433,2024-01-02 12:56:20.000000,ACC001021,ACC008539,361.14,0,BLOCK,1.0
TXN000964874,2024-01-02 12:57:11.000000,ACC000627,ACC015503,3641.76,0,BLOCK,1.0
TXN000964751,2024-01-02 12:58:08.000000,ACC000259,ACC011883,137.27,0,BLOCK,1.0
TXN000763484,2024-01-02 13:00:00.000000,ACC012514,ACC020282,138174.86,0,COOLING,0.0
TXN000959977,2024-01-02 13:00:00.000000,ACC002825,ACC000196,100406.92,0,BLOCK,0.0
TXN000380494,2024-01-02 13:00:00.000000,ACC008045,ACC008955,127068.47,0,COOLING,0.0
TXN000920145,2024-01-02 13:00:00.000000,ACC022286,ACC019288,134124.5,0,COOLING,0.0
TXN000437357,2024-01-02 13:00:00.000000,ACC019263,ACC002968,101800.08,0,COOLING,0.0
TXN000052866,2024-01-02 13:00:00.000000,ACC001124,ACC006161,100536.72,0,COOLING,0.0
TXN000113595,2024-01-02 13:00:00.000000,ACC001385,ACC014533,122876.3,0,COOLING,0.0
TXN000594759,2024-01-02 13:00:00.000000,ACC004810,ACC012966,139281.74,0,COOLING,0.0
TXN000790797,2024-01-02 13:00:00.000000,ACC002009,ACC010839,129822.4,0,COOLING,0.0
TXN000336862,2024-01-02 13:00:00.000000,ACC020396,ACC008834,143279.64,0,COOLING,0.0
TXN000199452,2024-01-02 13:00:00.000000,ACC019315,ACC001830,114274.14,0,COOLING,0.0
TXN000118556,2024-01-02 13:00:00.000000,ACC020186,ACC004137,147620.9,0,COOLING,0.0
TXN000730648,2024-01-02 13:00:00.000000,ACC002041,ACC016056,123397.82,0,COOLING,0.0
TXN000832909,2024-01-02 13:00:00.000000,ACC009547,ACC008756,128774.36,0,COOLING,0.0
TXN000808620,2024-01-02 13:00:00.000000,ACC017235,ACC014748,101067.43,0,COOLING,0.0
TXN000983985,2024-01-02 13:01:51.000000,ACC000916,ACC020915,286.04,0,BLOCK,1.0
TXN000973534,2024-01-02 13:02:10.000000,ACC000550,ACC002626,2344.21,0,BLOCK,1.0
TXN000976293,2024-01-02 13:02:41.458606,ACC000197,ACC000249,79665.76,1,BLOCK,1.0
TXN000974243,2024-01-02 13:03:37.000000,ACC000212,ACC003318,680.11,0,BLOCK,1.0
TXN000969237,2024-01-02 13:07:18.000000,ACC000022,ACC025360,1062.41,0,BLOCK,1.0
TXN000969683,2024-01-02 13:08:55.369581,ACC000647,ACC006652,28748.22,0,BLOCK,1.0
TXN000981653,2024-01-02 13:17:02.482810,ACC000486,ACC018253,45038.43,1,BLOCK,1.0
TXN000992242,2024-01-02 13:22:48.000000,ACC001032,ACC013895,1308.12,0,BLOCK,1.0
TXN000965206,2024-01-02 13:31:04.000000,ACC000856,ACC014695,146.52,0,BLOCK,1.0
TXN000993319,2024-01-02 13:33:39.000000,ACC001061,ACC021818,1364.63,0,BLOCK,1.0
TXN000960766,2024-01-02 13:48:18.000000,ACC000527,ACC022217,372.83,0,BLOCK,1.0
TXN000996924,2024-01-02 13:51:09.000000,ACC000193,ACC006719,281.36,0,BLOCK,1.0
TXN000990221,2024-01-02 13:56:40.665943,ACC014784,ACC000120,12844.9,1,BLOCK,0.0
TXN000976871,2024-01-02 14:00:00.000000,ACC023751,ACC000436,92357.61,0,BLOCK,0.0
TXN000886440,2024-01-02 14:00:00.000000,ACC004227,ACC022134,108627.0,0,COOLING,0.0
TXN000981100,2024-01-02 14:00:00.000000,ACC013995,ACC000594,60899.41,0,BLOCK,0.0
TXN000091952,2024-01-02 14:00:00.000000,ACC004190,ACC011026,120738.09,0,COOLING,0.0
TXN000977599,2024-01-02 14:00:00.000000,ACC020977,ACC000710,55812.64,0,BLOCK,0.0
TXN000123322,2024-01-02 14:00:00.000000,ACC021082,ACC024444,120644.07,0,COOLING,0.0
TXN000832672,2024-01-02 14:00:00.000000,ACC013534,ACC012079,109172.61,0,COOLING,0.0
TXN000891598,2024-01-02 14:00:00.000000,ACC006280,ACC005777,143657.2,0,COOLING,0.0
TXN000050798,2024-01-02 14:00:00.000000,ACC001902,ACC024266,117234.76,0,COOLING,0.0
TXN000685933,2024-01-02 14:00:00.000000,ACC005985,ACC009196,126738.74,0,COOLING,0.0
TXN000980996,2024-01-02 14:03:48.000000,ACC000079,ACC005674,4168.8,0,BLOCK,1.0
TXN000984084,2024-01-02 14:06:17.000000,ACC000430,ACC016630,398.88,0,BLOCK,1.0
TXN000990841,2024-01-02 14:14:33.000000,ACC000716,ACC010221,194.4,0,BLOCK,1.0
TXN000993323,2024-01-02 14:21:01.000000,ACC001061,ACC002586,336.71,0,BLOCK,1.0
TXN000964411,2024-01-02 14:27:27.000000,ACC000038,ACC011168,784.04,0,BLOCK,1.0
TXN000961759,2024-01-02 14:29:41.000000,ACC000632,ACC022941,113.04,0,BLOCK,1.0
TXN000976638,2024-01-02 14:44:14.000000,ACC000998,ACC016911,3289.75,0,BLOCK,1.0
TXN000965648,2024-01-02 14:47:43.000000,ACC001017,ACC017782,350.2,0,BLOCK,1.0
TXN000964597,2024-01-02 14:56:04.000000,ACC001047,ACC024120,606.69,0,BLOCK,1.0
TXN000982167,2024-01-02 14:58:26.000000,ACC000669,ACC015140,376.43,0,BLOCK,1.0
TXN000576696,2024-01-02 15:00:00.000000,ACC013377,ACC025836,127868.4,0,COOLING,0.0
TXN000546102,2024-01-02 15:00:00.000000,ACC005960,ACC008212,110178.65,0,COOLING,0.0
TXN000564361,2024-01-02 15:00:00.000000,ACC002121,ACC004008,120599.32,0,COOLING,0.0
TXN000489763,2024-01-02 15:00:00.000000,ACC003354,ACC019326,109628.51,0,COOLING,0.0
TXN000271454,2024-01-02 15:00:00.000000,ACC017069,ACC012652,104067.52,0,COOLING,0.0
TXN000732791,2024-01-02 15:00:00.000000,ACC001446,ACC020140,115375.39,0,COOLING,0.0
TXN000967467,2024-01-02 15:06:31.000000,ACC000177,ACC004563,295.46,0,BLOCK,1.0
TXN000973159,2024-01-02 15:09:21.000000,ACC000967,ACC023945,2078.99,0,BLOCK,1.0
TXN000961480,2024-01-02 15:09:29.000000,ACC000455,ACC018820,1399.85,0,BLOCK,1.0
TXN000991227,2024-01-02 15:15:20.000000,ACC000910,ACC024728,410.12,0,BLOCK,1.0
TXN000993362,2024-01-02 15:18:52.000000,ACC000190,ACC010615,265.9,0,BLOCK,1.0
TXN000962298,2024-01-02 15:23:15.000000,ACC000501,ACC023312,1185.4,0,BLOCK,1.0
TXN000978598,2024-01-02 15:24:24.000000,ACC000313,ACC005283,68.42,0,BLOCK,1.0
TXN000958839,2024-01-02 15:31:10.000000,ACC000183,ACC012077,532.33,0,BLOCK,1.0
TXN000995947,2024-01-02 15:34:50.000000,ACC000583,ACC008740,26.11,0,BLOCK,1.0
TXN000972503,2024-01-02 15:44:49.000000,ACC000573,ACC017152,21649.72,0,BLOCK,1.0
TXN000971341,2024-01-02 15:44:58.000000,ACC000296,ACC026368,87.51,0,BLOCK,1.0
TXN000963110,2024-01-02 15:51:52.000000,ACC000454,ACC001759,41.21,0,BLOCK,1.0
TXN000987829,2024-01-02 15:52:32.104231,ACC000747,ACC002456,19738.69,0,BLOCK,1.0
TXN000961563,2024-01-02 15:54:44.000000,ACC000476,ACC009183,1216.32,0,BLOCK,1.0
TXN000959844,2024-01-02 15:55:06.000000,ACC000384,ACC026880,805.24,0,BLOCK,1.0
TXN000362224,2024-01-02 15:56:31.000000,ACC004116,ACC007161,100000.0,0,COOLING,0.0
TXN000836975,2024-01-02 16:00:00.000000,ACC019356,ACC011382,147245.17,0,COOLING,0.0
TXN000750028,2024-01-02 16:00:00.000000,ACC015180,ACC008828,121549.56,0,COOLING,0.0
TXN000810014,2024-01-02 16:00:00.000000,ACC017180,ACC007220,130592.75,0,COOLING,0.0
TXN000167725,2024-01-02 16:00:00.000000,ACC012675,ACC012088,116166.23,0,COOLING,0.0
TXN000994163,2024-01-02 16:00:00.000000,ACC019103,ACC000671,87271.61,0,BLOCK,0.0
TXN000695743,2024-01-02 16:00:00.000000,ACC026463,ACC013669,132920.51,0,COOLING,0.0
TXN000272318,2024-01-02 16:00:00.000000,ACC016236,ACC001674,102067.37,0,COOLING,0.0
TXN000963690,2024-01-02 16:00:00.000000,ACC004627,ACC000002,66978.0,0,BLOCK,0.0
TXN000993920,2024-01-02 16:19:20.000000,ACC000151,ACC006356,269.67,0,BLOCK,1.0
TXN000988537,2024-01-02 16:29:54.000000,ACC000186,ACC006858,605.41,0,BLOCK,1.0
TXN000961475,2024-01-02 16:45:07.000000,ACC000455,ACC011839,4890.22,0,BLOCK,1.0
TXN000986576,2024-01-02 16:53:07.000000,ACC000794,ACC014561,214.96,0,BLOCK,1.0
TXN000966304,2024-01-02 16:57:35.000000,ACC000610,ACC023374,625.88,0,BLOCK,1.0
TXN000977576,2024-01-02 16:57:53.000000,ACC000710,ACC015604,2523.05,0,BLOCK,1.0
TXN001000882,2024-01-02 17:00:00.000000,ACC019541,ACC000144,105614.01,0,BLOCK,0.0
TXN000891064,2024-01-02 17:00:00.000000,ACC016709,ACC017304,136489.94,0,COOLING,0.0
TXN000001703,2024-01-02 17:00:00.000000,ACC011517,ACC003456,122105.2,0,COOLING,0.0
TXN000978318,2024-01-02 17:00:00.000000,ACC008026,ACC000617,146480.12,0,BLOCK,0.0
TXN000998718,2024-01-02 17:00:00.000000,ACC014187,ACC000633,147177.25,0,BLOCK,0.0
TXN000968130,2024-01-02 17:00:00.000000,ACC017518,ACC000082,113293.29,0,BLOCK,0.0
TXN000987205,2024-01-02 17:00:00.000000,ACC002348,ACC000136,134352.67,0,BLOCK,0.0
TXN000985685,2024-01-02 17:00:00.000000,ACC004911,ACC000280,122579.01,0,BLOCK,0.0
TXN000773961,2024-01-02 17:00:00.000000,ACC021496,ACC007646,122532.35,0,COOLING,0.0
TXN000991739,2024-01-02 17:01:40.000000,ACC000349,ACC013730,977.35,0,BLOCK,1.0
TXN000995689,2024-01-02 17:02:57.000000,ACC000489,ACC009928,4445.17,0,BLOCK,1.0
TXN000963716,2024-01-02 17:06:51.000000,ACC000713,ACC005340,125.3,0,BLOCK,1.0
TXN000990227,2024-01-02 17:11:25.147646,ACC014091,ACC000120,12504.53,1,BLOCK,0.0
TXN000986542,2024-01-02 17:15:53.000000,ACC000794,ACC019723,675.16,0,BLOCK,1.0
TXN000982445,2024-01-02 17:22:57.000000,ACC000273,ACC013890,415.96,0,BLOCK,1.0
TXN001000822,2024-01-02 17:24:14.000000,ACC000431,ACC021603,1240.18,0,BLOCK,1.0
TXN000976122,2024-01-02 17:25:01.000000,ACC000306,ACC003307,1165.47,0,BLOCK,1.0
TXN000963083,2024-01-02 17:25:10.000000,ACC000069,ACC023287,5371.2,0,BLOCK,1.0
TXN000963627,2024-01-02 17:26:09.000000,ACC000352,ACC012790,211.45,0,BLOCK,1.0
TXN000986701,2024-01-02 17:27:01.021985,ACC000366,ACC009682,44973.77,1,BLOCK,1.0
TXN000973359,2024-01-02 17:29:22.000000,ACC000465,ACC006107,3640.35,0,BLOCK,1.0
TXN000962113,2024-01-02 17:35:27.812201,ACC000430,ACC000562,34022.4,1,BLOCK,1.0
TXN000978973,2024-01-02 17:36:20.000000,ACC000477,ACC023969,2905.67,0,BLOCK,1.0
TXN000981101,2024-01-02 17:44:05.027949,ACC000594,ACC013973,33419.5,0,BLOCK,1.0
TXN000975035,2024-01-02 17:51:43.035095,ACC000459,ACC017469,22937.8,1,BLOCK,1.0
TXN000960580,2024-01-02 17:55:39.000000,ACC000292,ACC024098,479.49,0,BLOCK,1.0
TXN000983601,2024-01-02 17:56:00.000000,ACC000842,ACC015431,912.51,0,BLOCK,1.0
TXN000996300,2024-01-02 17:56:32.000000,ACC000014,ACC010972,776.32,0,BLOCK,1.0
TXN000448677,2024-01-02 18:00:00.000000,ACC023002,ACC026552,134439.47,0,COOLING,0.0
TXN000194069,2024-01-02 18:00:00.000000,ACC009926,ACC002664,106140.23,0,COOLING,0.0
TXN000038791,2024-01-02 18:00:00.000000,ACC017493,ACC001959,140524.41,0,COOLING,0.0
TXN000486297,2024-01-02 18:00:00.000000,ACC001480,ACC002681,120772.38,0,COOLING,0.0
TXN000632426,2024-01-02 18:00:00.000000,ACC016010,ACC014012,129121.48,0,COOLING,0.0
TXN000011028,2024-01-02 18:00:00.000000,ACC025705,ACC007989,129679.98,0,COOLING,0.0
TXN000988141,2024-01-02 18:08:07.315448,ACC000761,ACC000519,47937.62,1,BLOCK,1.0
TXN000959978,2024-01-02 18:34:17.918131,ACC000196,ACC019367,47584.91,0,BLOCK,1.0
TXN000963692,2024-01-02 18:35:31.972351,ACC000002,ACC018816,22995.47,0,BLOCK,1.0
TXN000994164,2024-01-02 18:38:51.940175,ACC000671,ACC019103,32052.1,0,BLOCK,1.0
TXN001000312,2024-01-02 18:39:13.384010,ACC000944,ACC005028,82962.35,1,BLOCK,1.0
TXN000981654,2024-01-02 18:43:58.989943,ACC000486,ACC015309,45197.12,1,BLOCK,1.0
TXN000959979,2024-01-02 18:44:25.231094,ACC000196,ACC019367,56416.43,0,BLOCK,1.0
TXN000990440,2024-01-02 18:56:01.000000,ACC000886,ACC016210,3053.39,0,BLOCK,1.0
TXN001000141,2024-01-02 19:04:36.463269,ACC000373,ACC013916,64416.74,0,BLOCK,1.0
TXN000991075,2024-01-02 19:26:39.006529,ACC000141,ACC012666,27465.36,0,BLOCK,1.0
TXN000995746,2024-01-02 19:27:00.779157,ACC000180,ACC009519,38648.08,0,BLOCK,1.0
TXN000981742,2024-01-02 19:37:03.000000,ACC000920,ACC003626,793.53,0,BLOCK,1.0
TXN000992486,2024-01-02 19:47:56.000000,ACC000750,ACC004068,1948.07,0,BLOCK,1.0
TXN000985687,2024-01-02 19:52:37.784197,ACC000280,ACC001637,39254.5,0,BLOCK,1.0
TXN000987828,2024-01-02 19:53:44.519476,ACC000747,ACC017321,27167.12,0,BLOCK,1.0
TXN000968131,2024-01-02 20:41:57.926474,ACC000082,ACC008607,56559.53,0,BLOCK,1.0
TXN000962022,2024-01-02 20:46:40.000000,ACC014539,ACC000275,28119.9,0,BLOCK,0.0
TXN000961907,2024-01-02 20:56:17.000000,ACC000405,ACC019331,65.41,0,BLOCK,1.0
TXN000976874,2024-01-02 21:06:49.940566,ACC000436,ACC022040,46971.48,0,BLOCK,1.0
TXN000980065,2024-01-02 21:24:03.000000,ACC001078,ACC001668,80.77,0,BLOCK,1.0
TXN000968223,2024-01-02 21:44:58.231738,ACC000644,ACC011072,42543.87,1,BLOCK,1.0
TXN000966719,2024-01-02 21:50:22.391449,ACC000683,ACC000354,86818.51,1,BLOCK,1.0
TXN000961230,2024-01-02 21:52:58.000000,ACC000929,ACC017985,1340.77,0,BLOCK,1.0
TXN000977196,2024-01-02 22:12:11.913829,ACC000541,ACC002340,41230.79,1,BLOCK,1.0
TXN000971277,2024-01-02 22:19:21.997792,ACC000108,ACC000854,107389.22,1,BLOCK,1.0
TXN001000142,2024-01-02 22:43:01.117498,ACC000373,ACC006168,43181.61,0,BLOCK,1.0
TXN001000884,2024-01-02 22:57:57.129473,ACC000144,ACC023282,41266.42,0,BLOCK,1.0
TXN000982063,2024-01-02 23:10:46.146353,ACC000558,ACC001063,75471.24,1,BLOCK,1.0
TXN000960343,2024-01-02 23:26:23.000000,ACC000188,ACC008692,71.32,0,BLOCK,1.0
TXN001000310,2024-01-02 23:47:59.590472,ACC000944,ACC005028,25881.45,1,BLOCK,1.0
TXN000960583,2024-01-03 00:00:00.000000,ACC000292,ACC000406,103698.43,1,BLOCK,1.0
TXN000985638,2024-01-03 00:00:00.000000,ACC000596,ACC000889,42608.87,1,BLOCK,1.0
TXN000971155,2024-01-03 00:00:00.000000,ACC000989,ACC000994,68494.72,1,BLOCK,1.0
TXN000970967,2024-01-03 00:00:00.000000,ACC000496,ACC021917,38604.11,1,BLOCK,1.0
TXN000959953,2024-01-03 00:00:00.000000,ACC000252,ACC000137,138365.93,1,BLOCK,1.0
TXN000992132,2024-01-03 00:00:00.000000,ACC000756,ACC019587,42249.25,1,BLOCK,1.0
TXN000965655,2024-01-03 00:00:00.000000,ACC001017,ACC000789,180561.72,1,BLOCK,1.0
TXN000966583,2024-01-03 00:00:00.000000,ACC000426,ACC000244,46818.17,1,BLOCK,1.0
TXN000975038,2024-01-03 00:13:28.393737,ACC000493,ACC000459,17663.74,1,BLOCK,1.0
TXN000980235,2024-01-03 00:18:36.964781,ACC015108,ACC000445,10898.53,1,BLOCK,0.0
TXN000990236,2024-01-03 01:03:36.524838,ACC000120,ACC014725,69108.96,1,BLOCK,1.0
TXN000985686,2024-01-03 01:13:20.979417,ACC000280,ACC001637,77698.09,0,BLOCK,1.0
TXN001000883,2024-01-03 01:16:24.277592,ACC000144,ACC026351,32601.49,0,BLOCK,1.0
TXN000986702,2024-01-03 01:26:00.632840,ACC000366,ACC004704,45177.11,1,BLOCK,1.0
TXN000987207,2024-01-03 01:33:18.982691,ACC000136,ACC015634,75430.1,0,BLOCK,1.0
TXN000998719,2024-01-03 01:44:42.187534,ACC000633,ACC011665,82094.35,0,BLOCK,1.0
TXN000991074,2024-01-03 01:56:15.562509,ACC000141,ACC019343,33411.67,0,BLOCK,1.0
TXN000959980,2024-01-03 02:01:31.074507,ACC000196,ACC012146,53332.53,0,BLOCK,1.0
TXN000978319,2024-01-03 02:39:12.265058,ACC000617,ACC018209,91133.03,0,BLOCK,1.0
TXN000970968,2024-01-03 03:31:10.022463,ACC000496,ACC004956,38616.3,1,BLOCK,1.0
TXN000968152,2024-01-03 03:35:11.471979,ACC014166,ACC000345,14225.58,1,BLOCK,0.0
TXN000992133,2024-01-03 03:51:21.576033,ACC000756,ACC007867,42250.5,1,BLOCK,1.0
TXN000976872,2024-01-03 04:05:05.163342,ACC000436,ACC018233,50165.79,0,BLOCK,1.0
TXN000976294,2024-01-03 04:07:51.746225,ACC000249,ACC014279,72577.58,1,BLOCK,1.0
TXN000980246,2024-01-03 04:50:18.081268,ACC007333,ACC000445,11137.19,1,BLOCK,0.0
TXN000968176,2024-01-03 04:51:07.424919,ACC017849,ACC000345,14721.68,1,BLOCK,0.0
TXN000972211,2024-01-03 05:03:01.537699,ACC005185,ACC000495,13281.83,1,BLOCK,0.0
TXN000992135,2024-01-03 05:17:57.708253,ACC000756,ACC008600,42225.33,1,BLOCK,1.0
TXN000968177,2024-01-03 05:21:36.275338,ACC001888,ACC000345,11286.36,1,BLOCK,0.0
TXN000970970,2024-01-03 05:46:03.228404,ACC000496,ACC007561,38585.62,1,BLOCK,1.0
TXN000968172,2024-01-03 06:13:19.273523,ACC015951,ACC000345,11127.1,1,BLOCK,0.0
TXN000959954,2024-01-03 06:44:49.600987,ACC000137,ACC000143,134214.96,1,BLOCK,1.0
TXN000976873,2024-01-03 06:46:53.170702,ACC000436,ACC021004,30704.2,0,BLOCK,1.0
TXN000970969,2024-01-03 07:00:05.071597,ACC000496,ACC004956,38663.38,1,BLOCK,1.0
TXN000959854,2024-01-03 07:04:13.582131,ACC000365,ACC000384,11565.03,1,BLOCK,1.0
TXN000976273,2024-01-03 07:04:42.000000,ACC000932,ACC005763,668.71,0,BLOCK,1.0
TXN000991694,2024-01-03 07:06:05.000000,ACC000210,ACC022042,36.13,0,BLOCK,1.0
TXN000996866,2024-01-03 07:08:07.000000,ACC000178,ACC010170,510.18,0,BLOCK,1.0
TXN000981679,2024-01-03 07:08:20.000000,ACC000344,ACC017884,166.62,0,BLOCK,1.0
TXN000968168,2024-01-03 07:09:36.156990,ACC006817,ACC000345,10461.83,1,BLOCK,0.0
TXN000992134,2024-01-03 07:12:53.487912,ACC000756,ACC020988,41962.31,1,BLOCK,1.0
TXN000968170,2024-01-03 07:14:13.350280,ACC012826,ACC000345,12075.52,1,BLOCK,0.0
TXN000996429,2024-01-03 07:14:16.000000,ACC000722,ACC002538,6955.55,0,BLOCK,1.0
TXN000975039,2024-01-03 07:21:46.717929,ACC000459,ACC017469,17224.91,1,STEP_UP,1.0
TXN000981102,2024-01-03 07:22:02.651695,ACC000594,ACC022866,18283.46,0,BLOCK,1.0
TXN000998584,2024-01-03 07:34:48.000000,ACC000474,ACC007320,529.86,0,BLOCK,1.0
TXN000992138,2024-01-03 07:36:07.765887,ACC000756,ACC003683,42214.48,1,BLOCK,1.0
TXN000990048,2024-01-03 07:37:41.000000,ACC000166,ACC007298,522.82,0,BLOCK,1.0
TXN000979225,2024-01-03 07:39:30.000000,ACC000223,ACC009168,1075.7,0,BLOCK,1.0
TXN000963693,2024-01-03 07:41:54.432586,ACC000002,ACC025674,27211.64,0,BLOCK,1.0
TXN000966341,2024-01-03 07:43:31.000000,ACC000181,ACC004886,1403.37,0,BLOCK,1.0
TXN000977600,2024-01-03 07:45:09.208456,ACC000710,ACC023923,16961.79,0,BLOCK,1.0
TXN000964145,2024-01-03 07:47:54.000000,ACC000961,ACC003527,207.27,0,BLOCK,1.0
TXN000999705,2024-01-03 07:59:35.000000,ACC000381,ACC020836,2526.23,0,BLOCK,1.0
TXN000117801,2024-01-03 08:00:00.000000,ACC026628,ACC004796,121645.31,0,COOLING,0.0
TXN000918316,2024-01-03 08:00:00.000000,ACC017011,ACC025420,143823.29,0,COOLING,0.0
TXN000058166,2024-01-03 08:00:00.000000,ACC006115,ACC018761,116432.11,0,COOLING,0.0
TXN000946059,2024-01-03 08:00:00.000000,ACC004377,ACC025413,141253.42,0,COOLING,0.0
TXN000829254,2024-01-03 08:00:00.000000,ACC003609,ACC024599,102959.18,0,COOLING,0.0
TXN000756582,2024-01-03 08:00:00.000000,ACC021007,ACC018450,105021.23,0,COOLING,0.0
TXN000396934,2024-01-03 08:00:00.000000,ACC004895,ACC015782,147808.15,0,COOLING,0.0
TXN000819210,2024-01-03 08:00:00.000000,ACC022079,ACC010707,115107.29,0,COOLING,0.0
TXN000787753,2024-01-03 08:00:00.000000,ACC010754,ACC007321,109355.18,0,COOLING,0.0
TXN000619795,2024-01-03 08:00:00.000000,ACC021297,ACC022176,107835.21,0,COOLING,0.0
TXN000483945,2024-01-03 08:00:00.000000,ACC006387,ACC001782,127283.45,0,COOLING,0.0
TXN000218837,2024-01-03 08:00:00.000000,ACC017780,ACC015423,149361.67,0,COOLING,0.0
TXN000065734,2024-01-03 08:00:00.000000,ACC015404,ACC005997,122958.87,0,COOLING,0.0
TXN000366534,2024-01-03 08:00:00.000000,ACC005690,ACC013651,138120.37,0,COOLING,0.0
TXN000959887,2024-01-03 08:03:39.000000,ACC000201,ACC022972,190.79,0,BLOCK,1.0
TXN000968752,2024-01-03 08:16:44.000000,ACC000032,ACC012690,6280.27,0,BLOCK,1.0
TXN000976911,2024-01-03 08:18:17.000000,ACC001034,ACC026261,3772.89,0,BLOCK,1.0
TXN000973410,2024-01-03 08:21:02.000000,ACC000556,ACC020270,936.5,0,BLOCK,1.0
TXN000968158,2024-01-03 08:22:21.232376,ACC005188,ACC000345,10042.19,1,BLOCK,0.0
TXN000991578,2024-01-03 08:34:07.000000,ACC001056,ACC005787,778.45,0,BLOCK,1.0
TXN000960584,2024-01-03 08:35:08.951790,ACC000406,ACC001006,100587.48,1,BLOCK,1.0
TXN000969560,2024-01-03 08:50:55.000000,ACC000663,ACC002558,516.26,0,BLOCK,1.0
TXN000036428,2024-01-03 09:00:00.000000,ACC012540,ACC011069,130262.17,0,COOLING,0.0
TXN000282684,2024-01-03 09:00:00.000000,ACC005500,ACC022072,128730.96,0,COOLING,0.0
TXN000028135,2024-01-03 09:00:00.000000,ACC013521,ACC005697,133189.53,0,COOLING,0.0
TXN000825743,2024-01-03 09:00:00.000000,ACC001416,ACC011998,129000.18,0,COOLING,0.0
TXN000497494,2024-01-03 09:00:00.000000,ACC013717,ACC006933,132614.89,0,COOLING,0.0
TXN000961978,2024-01-03 09:00:00.000000,ACC022273,ACC001026,59692.3,0,BLOCK,0.0
TXN000706323,2024-01-03 09:00:00.000000,ACC024721,ACC024215,129890.85,0,COOLING,0.0
TXN000925753,2024-01-03 09:00:00.000000,ACC023608,ACC021166,123287.22,0,COOLING,0.0
TXN000920880,2024-01-03 09:00:00.000000,ACC006766,ACC009476,128750.98,0,COOLING,0.0
TXN000543700,2024-01-03 09:00:00.000000,ACC008037,ACC012424,101828.88,0,COOLING,0.0
TXN000977430,2024-01-03 09:00:00.000000,ACC012087,ACC001040,59671.53,0,BLOCK,0.0
TXN000499650,2024-01-03 09:00:00.000000,ACC012193,ACC006268,132523.6,0,COOLING,0.0
TXN000035511,2024-01-03 09:00:00.000000,ACC011387,ACC017675,112056.99,0,COOLING,0.0
TXN000024092,2024-01-03 09:00:00.000000,ACC026932,ACC013438,139551.31,0,COOLING,0.0
TXN000899633,2024-01-03 09:00:00.000000,ACC013852,ACC019065,141855.37,0,COOLING,0.0
TXN000980232,2024-01-03 09:03:57.020087,ACC008407,ACC000445,14120.09,1,BLOCK,0.0
TXN000980242,2024-01-03 09:06:31.617167,ACC007091,ACC000445,10656.73,1,BLOCK,0.0
TXN000965656,2024-01-03 09:11:53.604342,ACC000789,ACC000864,175144.86,1,BLOCK,1.0
TXN000968864,2024-01-03 09:14:04.000000,ACC001070,ACC005934,1190.73,0,BLOCK,1.0
TXN000968178,2024-01-03 09:15:28.943772,ACC000345,ACC002968,201352.0,1,BLOCK,1.0
TXN000986077,2024-01-03 09:21:27.000000,ACC000260,ACC013189,350.9,0,BLOCK,1.0
TXN000974555,2024-01-03 09:24:03.000000,ACC000319,ACC023871,719.35,0,BLOCK,1.0
TXN000986700,2024-01-03 09:24:32.992520,ACC000366,ACC012009,44982.05,1,BLOCK,1.0
TXN000999083,2024-01-03 09:24:33.000000,ACC000971,ACC019494,121.53,0,BLOCK,1.0
TXN000978771,2024-01-03 09:26:14.000000,ACC000403,ACC006254,151.59,0,BLOCK,1.0
TXN000971278,2024-01-03 09:29:02.996688,ACC000854,ACC000817,104167.55,1,BLOCK,1.0
TXN000966393,2024-01-03 09:32:22.000000,ACC000557,ACC019619,2977.62,0,BLOCK,1.0
TXN000977994,2024-01-03 09:36:06.000000,ACC000984,ACC007715,335.07,0,BLOCK,1.0
TXN000988421,2024-01-03 09:39:27.000000,ACC000426,ACC026800,806.27,0,BLOCK,1.0
TXN000095971,2024-01-03 10:00:00.000000,ACC004265,ACC003922,137221.06,0,COOLING,0.0
TXN000467623,2024-01-03 10:00:00.000000,ACC023024,ACC020007,139135.9,0,COOLING,0.0
TXN000219078,2024-01-03 10:00:00.000000,ACC021990,ACC013022,145695.57,0,COOLING,0.0
TXN000190773,2024-01-03 10:00:00.000000,ACC005334,ACC014033,126180.47,0,COOLING,0.0
TXN000979734,2024-01-03 10:00:00.000000,ACC025330,ACC000684,31300.08,0,BLOCK,0.0
TXN000779796,2024-01-03 10:00:00.000000,ACC023879,ACC022029,138083.2,0,COOLING,0.0
TXN000274128,2024-01-03 10:00:00.000000,ACC025847,ACC002196,115356.81,0,COOLING,0.0
TXN000759139,2024-01-03 10:00:00.000000,ACC012505,ACC006241,138228.87,0,COOLING,0.0
TXN000921024,2024-01-03 10:00:00.000000,ACC022441,ACC026437,110523.82,0,COOLING,0.0
TXN000233598,2024-01-03 10:00:00.000000,ACC021668,ACC001326,105915.55,0,COOLING,0.0
TXN000968169,2024-01-03 10:00:54.758140,ACC023331,ACC000345,14787.15,1,BLOCK,0.0
TXN000998706,2024-01-03 10:04:34.000000,ACC000633,ACC024699,5897.29,0,BLOCK,1.0
TXN000966584,2024-01-03 10:06:31.762655,ACC000244,ACC025389,46229.38,1,BLOCK,1.0
TXN000716590,2024-01-03 10:06:52.000000,ACC022527,ACC001950,596.44,0,STEP_UP,0.8253
TXN000983697,2024-01-03 10:16:03.000000,ACC000392,ACC007687,983.49,0,BLOCK,1.0
TXN000989385,2024-01-03 10:16:20.000000,ACC000759,ACC016794,3086.53,0,BLOCK,1.0
TXN000978320,2024-01-03 10:20:53.719832,ACC000617,ACC018209,44394.45,0,BLOCK,1.0
TXN000970971,2024-01-03 10:27:12.526389,ACC000496,ACC004956,38429.02,1,BLOCK,1.0
TXN000979737,2024-01-03 10:32:02.659025,ACC000684,ACC025330,8864.75,0,BLOCK,1.0
TXN000964169,2024-01-03 10:32:33.000000,ACC000961,ACC026203,1011.6,0,BLOCK,1.0
TXN000992136,2024-01-03 10:36:04.672036,ACC000756,ACC019587,42158.29,1,BLOCK,1.0
TXN000982990,2024-01-03 10:40:32.000000,ACC000070,ACC017098,166.93,0,BLOCK,1.0
TXN000982064,2024-01-03 10:46:09.219529,ACC001063,ACC000297,73207.1,1,BLOCK,1.0
TXN000964823,2024-01-03 10:48:17.000000,ACC000565,ACC023780,837.48,0,BLOCK,1.0
TXN000968159,2024-01-03 10:57:58.208970,ACC005610,ACC000345,14269.49,1,BLOCK,0.0
TXN000987206,2024-01-03 10:59:05.585440,ACC000136,ACC018797,37654.36,0,BLOCK,1.0
TXN000441469,2024-01-03 11:00:00.000000,ACC025862,ACC015635,137905.45,0,COOLING,0.0
TXN000505949,2024-01-03 11:00:00.000000,ACC019306,ACC002271,141110.45,0,COOLING,0.0
TXN000923480,2024-01-03 11:00:00.000000,ACC013435,ACC006659,128207.97,0,COOLING,0.0
TXN000979213,2024-01-03 11:00:00.000000,ACC019589,ACC001057,129041.25,0,BLOCK,0.0
TXN000232341,2024-01-03 11:00:00.000000,ACC009392,ACC005322,110545.76,0,COOLING,0.0
TXN000028067,2024-01-03 11:00:00.000000,ACC019640,ACC013310,138878.85,0,COOLING,0.0
TXN000023495,2024-01-03 11:00:00.000000,ACC018028,ACC018931,133320.15,0,COOLING,0.0
TXN000291042,2024-01-03 11:00:00.000000,ACC018610,ACC004648,122058.28,0,COOLING,0.0
TXN000970761,2024-01-03 11:07:38.000000,ACC000339,ACC018820,350.25,0,BLOCK,1.0
TXN000988142,2024-01-03 11:09:13.793785,ACC000519,ACC018792,44961.17,1,BLOCK,1.0
TXN000962079,2024-01-03 11:10:04.000000,ACC000562,ACC009874,869.79,0,BLOCK,1.0
TXN000994801,2024-01-03 11:16:50.000000,ACC000499,ACC017923,3.04,0,BLOCK,1.0
TXN000963691,2024-01-03 11:17:21.530853,ACC000002,ACC014747,35797.83,0,BLOCK,1.0
TXN000968165,2024-01-03 11:18:24.198642,ACC017960,ACC000345,10359.22,1,BLOCK,0.0
TXN000982442,2024-01-03 11:20:01.000000,ACC000273,ACC022913,1020.74,0,BLOCK,1.0
TXN000988678,2024-01-03 11:23:31.000000,ACC000704,ACC024536,1569.79,0,BLOCK,1.0
TXN001000626,2024-01-03 11:26:37.000000,ACC001067,ACC024270,2354.64,0,BLOCK,1.0
TXN000998628,2024-01-03 11:29:26.000000,ACC000247,ACC017748,2726.92,0,BLOCK,1.0
TXN000973887,2024-01-03 11:31:27.000000,ACC000340,ACC023110,3488.25,0,BLOCK,1.0
TXN000992142,2024-01-03 11:32:06.814839,ACC000756,ACC019587,42033.56,1,BLOCK,1.0
TXN000979735,2024-01-03 11:33:47.436211,ACC000684,ACC009439,9247.24,0,BLOCK,1.0
TXN000969915,2024-01-03 11:37:00.000000,ACC000377,ACC016643,2176.11,0,BLOCK,1.0
TXN000962330,2024-01-03 11:44:24.000000,ACC000040,ACC002494,1172.52,0,BLOCK,1.0
TXN000994109,2024-01-03 11:46:59.000000,ACC000475,ACC025889,1212.27,0,BLOCK,1.0
TXN000968029,2024-01-03 11:49:46.000000,ACC000665,ACC016660,26579.01,0,BLOCK,1.0
TXN000992198,2024-01-03 11:56:40.000000,ACC000497,ACC011177,346.35,0,BLOCK,1.0
TXN000076684,2024-01-03 12:00:00.000000,ACC007396,ACC018168,113919.88,0,COOLING,0.0
TXN000973959,2024-01-03 12:00:00.000000,ACC008413,ACC000393,48743.33,0,BLOCK,0.0
TXN000544970,2024-01-03 12:00:00.000000,ACC026917,ACC009644,139661.0,0,COOLING,0.0
TXN000061115,2024-01-03 12:00:00.000000,ACC013370,ACC020096,141206.24,0,COOLING,0.0
TXN000999277,2024-01-03 12:00:27.000000,ACC001003,ACC012427,4182.49,0,BLOCK,1.0
TXN000996085,2024-01-03 12:08:19.000000,ACC000979,ACC017950,63.93,0,BLOCK,1.0
TXN000968153,2024-01-03 12:10:20.324354,ACC004617,ACC000345,14427.86,1,BLOCK,0.0
TXN000968746,2024-01-03 12:18:38.000000,ACC000032,ACC001395,1226.29,0,BLOCK,1.0
TXN000960055,2024-01-03 12:20:34.000000,ACC005088,ACC000046,29627.79,0,BLOCK,0.0
TXN000969512,2024-01-03 12:26:31.000000,ACC000965,ACC010970,290.66,0,BLOCK,1.0
TXN000992145,2024-01-03 12:27:23.532414,ACC000756,ACC004394,42154.62,1,BLOCK,1.0
TXN000998827,2024-01-03 12:31:36.000000,ACC000860,ACC011534,1367.39,0,BLOCK,1.0
TXN000984525,2024-01-03 12:31:40.000000,ACC000546,ACC009312,230.03,0,BLOCK,1.0
TXN000980236,2024-01-03 12:34:21.325326,ACC017037,ACC000445,14790.64,1,BLOCK,0.0
TXN000987288,2024-01-03 12:34:41.000000,ACC000509,ACC026883,850.77,0,BLOCK,1.0
TXN000964220,2024-01-03 12:35:07.000000,ACC000246,ACC026348,815.49,0,BLOCK,1.0
TXN000982893,2024-01-03 12:37:44.000000,ACC000862,ACC016917,795.97,0,BLOCK,1.0
TXN000980240,2024-01-03 12:38:46.785100,ACC014264,ACC000445,13490.13,1,BLOCK,0.0
TXN000988304,2024-01-03 12:41:40.000000,ACC000096,ACC002502,555.59,0,BLOCK,1.0
TXN000990235,2024-01-03 12:48:24.478157,ACC000120,ACC014725,132272.32,1,BLOCK,1.0
TXN001000885,2024-01-03 12:52:19.206431,ACC000144,ACC005693,30860.28,0,BLOCK,1.0
TXN000968699,2024-01-03 12:56:45.000000,ACC000702,ACC005271,116.94,0,BLOCK,1.0
TXN000596599,2024-01-03 13:00:00.000000,ACC015427,ACC019811,137096.07,0,COOLING,0.0
TXN000497947,2024-01-03 13:00:00.000000,ACC015584,ACC022678,102141.93,0,COOLING,0.0
TXN000716402,2024-01-03 13:00:00.000000,ACC012278,ACC018076,130746.91,0,COOLING,0.0
TXN000080906,2024-01-03 13:00:00.000000,ACC004560,ACC010300,102788.19,0,COOLING,0.0
TXN000546573,2024-01-03 13:00:00.000000,ACC012841,ACC015691,138833.08,0,COOLING,0.0
TXN000038488,2024-01-03 13:00:00.000000,ACC004243,ACC006438,144238.75,0,COOLING,0.0
TXN000964090,2024-01-03 13:00:00.000000,ACC003741,ACC000138,126247.78,0,BLOCK,0.0
TXN000509115,2024-01-03 13:00:00.000000,ACC013207,ACC020528,122669.04,0,COOLING,0.0
TXN000895676,2024-01-03 13:00:00.000000,ACC008195,ACC022081,104057.21,0,COOLING,0.0
TXN000746897,2024-01-03 13:00:00.000000,ACC002690,ACC022976,114137.91,0,COOLING,0.0
TXN000359728,2024-01-03 13:00:00.000000,ACC002911,ACC012448,122835.3,0,COOLING,0.0
TXN000946970,2024-01-03 13:00:00.000000,ACC024642,ACC022254,102935.61,0,COOLING,0.0
TXN000547023,2024-01-03 13:00:00.000000,ACC012029,ACC014773,109707.1,0,COOLING,0.0
TXN000993930,2024-01-03 13:01:04.000000,ACC000151,ACC014598,146.48,0,BLOCK,1.0
TXN000966720,2024-01-03 13:03:24.506958,ACC000354,ACC017427,85422.65,1,BLOCK,1.0
TXN000980228,2024-01-03 13:04:36.512525,ACC003166,ACC000445,13941.53,1,BLOCK,0.0
TXN000983240,2024-01-03 13:09:05.000000,ACC000117,ACC004630,6038.79,0,BLOCK,1.0
TXN000965542,2024-01-03 13:12:48.000000,ACC001005,ACC016710,1442.18,0,BLOCK,1.0
TXN000997510,2024-01-03 13:20:04.000000,ACC000640,ACC018658,186.17,0,BLOCK,1.0
TXN000987553,2024-01-03 13:23:14.000000,ACC000214,ACC007217,477.07,0,BLOCK,1.0
TXN000965402,2024-01-03 13:23:59.000000,ACC000000,ACC013623,2124.43,0,BLOCK,1.0
TXN000959955,2024-01-03 13:29:39.201974,ACC000143,ACC000149,130188.51,1,BLOCK,1.0
TXN000984824,2024-01-03 13:32:21.000000,ACC000737,ACC010654,122.05,0,BLOCK,1.0
TXN000832874,2024-01-03 13:33:17.000000,ACC023345,ACC002879,100000.0,0,COOLING,0.0
TXN000996919,2024-01-03 13:42:59.000000,ACC000193,ACC021663,410.67,0,BLOCK,1.0
TXN000990604,2024-01-03 13:43:26.000000,ACC000529,ACC022639,819.21,0,BLOCK,1.0
TXN000974035,2024-01-03 13:49:43.000000,ACC000460,ACC026194,920.43,0,BLOCK,1.0
TXN000993504,2024-01-03 13:50:24.000000,ACC000885,ACC021558,631.09,0,BLOCK,1.0
TXN000131431,2024-01-03 14:00:00.000000,ACC003928,ACC021301,100089.1,0,COOLING,0.0
TXN000706204,2024-01-03 14:00:00.000000,ACC020112,ACC017424,102803.04,0,COOLING,0.0
TXN000185311,2024-01-03 14:00:00.000000,ACC018227,ACC005616,115576.64,0,COOLING,0.0
TXN000138181,2024-01-03 14:00:00.000000,ACC019355,ACC008402,135885.22,0,COOLING,0.0
TXN000259123,2024-01-03 14:00:00.000000,ACC023077,ACC015889,149074.67,0,COOLING,0.0
TXN000951388,2024-01-03 14:00:00.000000,ACC008069,ACC021136,118614.96,0,COOLING,0.0
TXN000413187,2024-01-03 14:00:00.000000,ACC003984,ACC007663,124647.42,0,COOLING,0.0
TXN000297263,2024-01-03 14:00:00.000000,ACC006522,ACC006103,112228.35,0,COOLING,0.0
TXN000850129,2024-01-03 14:00:00.000000,ACC011023,ACC004242,141193.61,0,COOLING,0.0
TXN000083201,2024-01-03 14:00:00.000000,ACC011696,ACC017671,133928.11,0,COOLING,0.0
TXN000971156,2024-01-03 14:01:14.912179,ACC000994,ACC013343,67728.71,1,BLOCK,1.0
TXN000969225,2024-01-03 14:02:20.000000,ACC000717,ACC010499,1221.22,0,BLOCK,1.0
TXN000968163,2024-01-03 14:03:01.813328,ACC017960,ACC000345,11965.84,1,BLOCK,0.0
TXN000996856,2024-01-03 14:05:11.000000,ACC000178,ACC023844,260.76,0,BLOCK,1.0
TXN000973421,2024-01-03 14:09:05.000000,ACC000556,ACC023994,101.98,0,BLOCK,1.0
TXN000976047,2024-01-03 14:12:33.000000,ACC000951,ACC019955,3049.19,0,BLOCK,1.0
TXN000972209,2024-01-03 14:12:40.754542,ACC025479,ACC000495,14063.81,1,BLOCK,0.0
TXN000982786,2024-01-03 14:13:28.000000,ACC000664,ACC010283,234.22,0,BLOCK,1.0
TXN000959602,2024-01-03 14:15:11.000000,ACC000600,ACC016630,581.98,0,BLOCK,1.0
TXN000990161,2024-01-03 14:21:10.000000,ACC000226,ACC001800,1107.55,0,BLOCK,1.0
TXN000969719,2024-01-03 14:22:05.000000,ACC000953,ACC021940,1489.69,0,BLOCK,1.0
TXN000977934,2024-01-03 14:24:17.000000,ACC000758,ACC023195,641.47,0,BLOCK,1.0
TXN001000502,2024-01-03 14:36:02.000000,ACC000696,ACC012273,4441.81,0,BLOCK,1.0
TXN000968767,2024-01-03 14:44:34.000000,ACC000032,ACC006005,226.5,0,BLOCK,1.0
TXN000013221,2024-01-03 15:00:00.000000,ACC020187,ACC005181,100044.54,0,COOLING,0.0
TXN000930156,2024-01-03 15:00:00.000000,ACC011139,ACC019605,111645.69,0,COOLING,0.0
TXN000323390,2024-01-03 15:00:00.000000,ACC006891,ACC004467,100228.02,0,COOLING,0.0
TXN000321059,2024-01-03 15:00:00.000000,ACC014304,ACC018252,139798.22,0,COOLING,0.0
TXN000545398,2024-01-03 15:00:00.000000,ACC019584,ACC008442,108884.0,0,COOLING,0.0
TXN000297989,2024-01-03 15:00:00.000000,ACC018197,ACC007013,114263.65,0,COOLING,0.0
TXN000818641,2024-01-03 15:00:00.000000,ACC003334,ACC014230,100294.84,0,COOLING,0.0
TXN000302434,2024-01-03 15:00:00.000000,ACC024460,ACC026594,148702.07,0,COOLING,0.0
TXN000961981,2024-01-03 15:02:20.711697,ACC001026,ACC016063,19303.72,0,BLOCK,1.0
TXN000970973,2024-01-03 15:04:09.504046,ACC000496,ACC021739,38612.95,1,BLOCK,1.0
TXN000962934,2024-01-03 15:08:27.000000,ACC000332,ACC025486,400.08,0,BLOCK,1.0
TXN000985977,2024-01-03 15:24:29.000000,ACC000614,ACC003077,3809.21,0,BLOCK,1.0
TXN000985707,2024-01-03 15:24:53.000000,ACC000974,ACC020038,267.73,0,BLOCK,1.0
TXN000986644,2024-01-03 15:25:17.000000,ACC000366,ACC004002,556.38,0,BLOCK,1.0
TXN000992189,2024-01-03 15:28:49.000000,ACC000497,ACC004338,1348.42,0,BLOCK,1.0
TXN000974637,2024-01-03 15:33:48.000000,ACC000218,ACC015419,164.29,0,BLOCK,1.0
TXN000984831,2024-01-03 15:35:29.000000,ACC000233,ACC017923,1443.7,0,BLOCK,1.0
TXN000990593,2024-01-03 15:36:59.000000,ACC000927,ACC012994,3271.36,0,BLOCK,1.0
TXN000524324,2024-01-03 16:00:00.000000,ACC012736,ACC018298,110345.83,0,COOLING,0.0
TXN000520562,2024-01-03 16:00:00.000000,ACC017215,ACC023842,127096.31,0,COOLING,0.0
TXN000339764,2024-01-03 16:00:00.000000,ACC025558,ACC010594,144528.16,0,COOLING,0.0
TXN000800384,2024-01-03 16:00:00.000000,ACC006270,ACC010940,141456.11,0,COOLING,0.0
TXN000091684,2024-01-03 16:00:00.000000,ACC022746,ACC009655,101085.63,0,COOLING,0.0
TXN000198320,2024-01-03 16:00:00.000000,ACC009193,ACC013517,116446.3,0,COOLING,0.0
TXN000186894,2024-01-03 16:00:00.000000,ACC006885,ACC024313,113836.93,0,COOLING,0.0
TXN000293626,2024-01-03 16:00:00.000000,ACC010786,ACC009990,138807.24,0,COOLING,0.0
TXN000048874,2024-01-03 16:00:00.000000,ACC015748,ACC008211,114585.3,0,COOLING,0.0
TXN000366727,2024-01-03 16:00:00.000000,ACC008518,ACC015575,107390.59,0,COOLING,0.0
TXN000748163,2024-01-03 16:00:00.000000,ACC013754,ACC017381,105216.7,0,COOLING,0.0
TXN000982057,2024-01-03 16:03:48.000000,ACC000297,ACC014001,208.33,0,BLOCK,1.0
TXN000996705,2024-01-03 16:06:55.000000,ACC000992,ACC021760,85.45,0,BLOCK,1.0
TXN000970423,2024-01-03 16:10:26.000000,ACC001060,ACC011197,498.43,0,BLOCK,1.0
TXN000964091,2024-01-03 16:26:55.462600,ACC000138,ACC017455,74742.24,0,BLOCK,1.0
TXN001000194,2024-01-03 16:30:02.000000,ACC000312,ACC020095,5742.98,0,BLOCK,1.0
TXN000994500,2024-01-03 16:35:05.000000,ACC000624,ACC015772,1706.3,0,BLOCK,1.0
TXN000089806,2024-01-03 16:37:44.000000,ACC022788,ACC016570,100000.0,0,COOLING,0.0
TXN000989334,2024-01-03 16:39:22.000000,ACC000094,ACC023748,253.39,0,BLOCK,1.0
TXN000991220,2024-01-03 16:56:51.000000,ACC000910,ACC014696,1213.98,0,BLOCK,1.0
TXN000985202,2024-01-03 17:00:00.000000,ACC007421,ACC000371,149484.74,0,BLOCK,0.0
TXN000998040,2024-01-03 17:00:00.000000,ACC021621,ACC000853,126509.29,0,BLOCK,0.0
TXN000738180,2024-01-03 17:00:00.000000,ACC009552,ACC002993,126534.16,0,COOLING,0.0
TXN000937965,2024-01-03 17:00:00.000000,ACC008349,ACC005059,128290.14,0,COOLING,0.0
TXN000983283,2024-01-03 17:00:00.000000,ACC007616,ACC000462,88251.71,0,BLOCK,0.0
TXN000226486,2024-01-03 17:00:00.000000,ACC015923,ACC026918,111171.3,0,COOLING,0.0
TXN000816747,2024-01-03 17:00:00.000000,ACC023249,ACC013007,125945.06,0,COOLING,0.0
TXN000072495,2024-01-03 17:00:00.000000,ACC024747,ACC002463,149361.25,0,COOLING,0.0
TXN000505385,2024-01-03 17:00:00.000000,ACC026808,ACC014978,101054.58,0,COOLING,0.0
TXN000968329,2024-01-03 17:03:31.000000,ACC000846,ACC026671,3353.53,0,BLOCK,1.0
TXN000999610,2024-01-03 17:07:23.000000,ACC000504,ACC020255,374.68,0,BLOCK,1.0
TXN000960585,2024-01-03 17:10:17.903580,ACC001006,ACC000286,97569.85,1,BLOCK,1.0
TXN000983137,2024-01-03 17:11:29.000000,ACC000357,ACC002269,291.7,0,BLOCK,1.0
TXN000977017,2024-01-03 17:13:13.000000,ACC000060,ACC021635,175.4,0,BLOCK,1.0
TXN000987550,2024-01-03 17:23:07.000000,ACC000214,ACC025502,82.14,0,BLOCK,1.0
TXN000971633,2024-01-03 17:24:26.000000,ACC000567,ACC011080,470.84,0,BLOCK,1.0
TXN000961587,2024-01-03 17:32:14.000000,ACC000044,ACC005080,1262.73,0,BLOCK,1.0
TXN001000375,2024-01-03 17:32:19.000000,ACC000379,ACC017722,544.01,0,BLOCK,1.0
TXN000970225,2024-01-03 17:35:52.000000,ACC000736,ACC025403,330.25,0,BLOCK,1.0
TXN000969361,2024-01-03 17:36:15.000000,ACC000287,ACC011768,259.92,0,BLOCK,1.0
TXN000970468,2024-01-03 17:40:03.000000,ACC000660,ACC005029,93.63,0,BLOCK,1.0
TXN000958886,2024-01-03 17:46:17.000000,ACC000709,ACC013866,96.48,0,BLOCK,1.0
TXN000984606,2024-01-03 17:47:58.000000,ACC000850,ACC021226,651.61,0,BLOCK,1.0
TXN000971423,2024-01-03 17:55:01.000000,ACC000205,ACC008357,1667.96,0,BLOCK,1.0
TXN000980238,2024-01-03 17:55:38.144297,ACC006466,ACC000445,14540.72,1,BLOCK,0.0
TXN000628221,2024-01-03 18:00:00.000000,ACC015489,ACC010232,147167.99,0,COOLING,0.0
TXN000717778,2024-01-03 18:00:00.000000,ACC017762,ACC022349,113572.46,0,COOLING,0.0
TXN000109209,2024-01-03 18:00:00.000000,ACC024174,ACC023466,106483.48,0,COOLING,0.0
TXN000595386,2024-01-03 18:00:00.000000,ACC001878,ACC019667,146159.1,0,COOLING,0.0
TXN000002938,2024-01-03 18:00:00.000000,ACC022054,ACC009706,113156.98,0,COOLING,0.0
TXN000921013,2024-01-03 18:00:00.000000,ACC007931,ACC026437,111584.82,0,COOLING,0.0
TXN000802876,2024-01-03 18:00:00.000000,ACC003313,ACC020569,140774.73,0,COOLING,0.0
TXN000497070,2024-01-03 18:00:00.000000,ACC009382,ACC014561,141292.17,0,COOLING,0.0
TXN000168596,2024-01-03 18:00:00.000000,ACC011896,ACC017461,111762.54,0,COOLING,0.0
TXN000996525,2024-01-03 18:00:00.000000,ACC011185,ACC000429,62674.21,0,BLOCK,0.0
TXN000210585,2024-01-03 18:00:00.000000,ACC004673,ACC012943,124649.36,0,COOLING,0.0
TXN000986105,2024-01-03 18:00:00.000000,ACC009665,ACC000260,53937.75,0,BLOCK,0.0
TXN000627105,2024-01-03 18:00:00.000000,ACC014344,ACC020546,103594.0,0,COOLING,0.0
TXN000694824,2024-01-03 18:00:00.000000,ACC017017,ACC026564,127021.56,0,COOLING,0.0
TXN000320633,2024-01-03 18:00:00.000000,ACC007070,ACC004621,106083.77,0,COOLING,0.0
TXN000878486,2024-01-03 18:00:00.000000,ACC005373,ACC002317,126240.74,0,COOLING,0.0
TXN000983245,2024-01-03 18:00:43.000000,ACC000117,ACC013877,1652.05,0,BLOCK,1.0
TXN000965657,2024-01-03 18:23:47.208684,ACC000864,ACC000011,169890.52,1,BLOCK,1.0
TXN000993296,2024-01-03 18:31:53.000000,ACC013911,ACC001007,31815.68,0,BLOCK,0.0
TXN000980226,2024-01-03 18:31:56.875050,ACC007333,ACC000445,13736.01,1,BLOCK,0.0
TXN000977432,2024-01-03 18:33:12.268599,ACC001040,ACC021825,19357.32,0,BLOCK,1.0
TXN000966659,2024-01-03 18:35:05.000000,ACC000358,ACC020209,611.52,0,BLOCK,1.0
TXN000978166,2024-01-03 18:39:46.000000,ACC000674,ACC008758,1913.41,0,BLOCK,1.0
TXN000983908,2024-01-03 18:52:50.000000,ACC008260,ACC000036,12264.57,0,BLOCK,0.0
TXN000974403,2024-01-03 18:57:55.784148,ACC001021,ACC000834,57503.61,1,BLOCK,1.0
TXN000999199,2024-01-03 18:58:29.000000,ACC000746,ACC007667,228.02,0,BLOCK,1.0
TXN000961353,2024-01-03 19:04:22.000000,ACC021648,ACC000874,12259.85,0,BLOCK,0.0
TXN000977431,2024-01-03 19:11:45.506655,ACC001040,ACC012087,19054.09,0,BLOCK,1.0
TXN000972212,2024-01-03 19:12:21.926048,ACC016222,ACC000495,13757.59,1,BLOCK,0.0
TXN000992137,2024-01-03 19:14:39.103414,ACC000756,ACC013981,42162.04,1,BLOCK,1.0
TXN000992139,2024-01-03 19:15:54.258540,ACC000756,ACC019587,42177.91,1,BLOCK,1.0
TXN000992143,2024-01-03 19:16:58.249940,ACC000756,ACC022396,42287.74,1,BLOCK,1.0
TXN000985640,2024-01-03 19:24:19.647674,ACC000596,ACC000889,37757.69,1,BLOCK,1.0
TXN000983284,2024-01-03 19:37:26.191700,ACC000462,ACC020510,54201.3,0,BLOCK,1.0
TXN000970972,2024-01-03 19:51:27.525496,ACC000496,ACC008438,38410.69,1,BLOCK,1.0
TXN000959956,2024-01-03 20:14:28.802961,ACC000149,ACC000252,126282.85,1,BLOCK,1.0
TXN000974401,2024-01-03 20:16:48.632001,ACC001021,ACC000834,79170.77,1,BLOCK,1.0
TXN000985639,2024-01-03 20:22:13.593438,ACC000889,ACC026188,41304.25,1,BLOCK,1.0
TXN000976295,2024-01-03 20:33:50.564034,ACC000197,ACC000249,99760.32,1,BLOCK,1.0
TXN000977433,2024-01-03 20:37:04.817401,ACC001040,ACC021825,21370.61,0,BLOCK,1.0
TXN001000380,2024-01-03 20:48:53.000000,ACC000379,ACC023048,23154.85,0,BLOCK,1.0
TXN000977689,2024-01-03 20:57:13.000000,ACC000192,ACC019205,2307.64,0,BLOCK,1.0
TXN000961980,2024-01-03 21:01:49.634860,ACC001026,ACC022151,26176.83,0,BLOCK,1.0
TXN000980222,2024-01-03 21:27:19.383468,ACC017025,ACC000445,12100.86,1,BLOCK,0.0
TXN000998041,2024-01-03 21:42:53.878184,ACC000853,ACC009898,72588.64,0,BLOCK,1.0
TXN000990277,2024-01-03 22:11:16.000000,ACC000122,ACC021080,3864.23,0,BLOCK,1.0
TXN000980247,2024-01-03 22:33:03.753005,ACC011430,ACC000445,13534.24,1,BLOCK,0.0
TXN000961979,2024-01-03 22:50:37.410919,ACC001026,ACC020903,39630.28,0,BLOCK,1.0
TXN000996528,2024-01-03 22:59:17.871178,ACC000429,ACC009288,20769.46,0,BLOCK,1.0
TXN000990237,2024-01-03 23:09:32.928740,ACC000120,ACC014725,45246.85,1,BLOCK,1.0
TXN000986106,2024-01-03 23:46:46.078603,ACC000260,ACC009665,22864.29,0,BLOCK,1.0
TXN000968226,2024-01-03 23:50:27.758039,ACC000919,ACC000644,48796.81,1,BLOCK,1.0
TXN000961298,2024-01-04 00:00:00.000000,ACC000010,ACC000484,87474.88,1,BLOCK,1.0
TXN000976882,2024-01-04 00:00:00.000000,ACC000436,ACC012112,43342.31,1,BLOCK,1.0
TXN000982675,2024-01-04 00:00:00.000000,ACC000560,ACC000899,82856.2,1,BLOCK,1.0
TXN000990611,2024-01-04 00:00:00.000000,ACC000888,ACC000529,88236.96,1,BLOCK,1.0
TXN000991410,2024-01-04 00:00:00.000000,ACC000118,ACC000699,48436.93,1,BLOCK,1.0
TXN000976765,2024-01-04 00:02:05.065762,ACC010443,ACC000325,13618.31,1,BLOCK,0.0
TXN000985204,2024-01-04 00:06:12.469375,ACC000371,ACC026928,85884.61,0,BLOCK,1.0
TXN000980250,2024-01-04 00:36:28.266065,ACC000445,ACC011887,72212.18,1,BLOCK,1.0
TXN000998043,2024-01-04 00:51:08.640602,ACC000853,ACC016544,82325.36,0,BLOCK,1.0
TXN000991411,2024-01-04 01:12:22.101541,ACC000699,ACC010489,47102.76,1,BLOCK,1.0
TXN000979214,2024-01-04 01:20:37.158155,ACC001057,ACC018129,44670.03,0,BLOCK,1.0
TXN000976754,2024-01-04 01:31:02.032940,ACC019799,ACC000325,10516.2,1,BLOCK,0.0
TXN000976296,2024-01-04 01:45:24.403244,ACC000249,ACC014279,97139.99,1,BLOCK,1.0
TXN000960586,2024-01-04 01:45:26.855370,ACC000286,ACC000292,94642.76,1,BLOCK,1.0
TXN000959855,2024-01-04 01:48:35.258061,ACC000384,ACC019494,11094.63,1,STEP_UP,1.0
TXN000976769,2024-01-04 01:59:09.945039,ACC000325,ACC005625,38229.54,1,BLOCK,1.0
TXN000973961,2024-01-04 02:02:40.081594,ACC000393,ACC007155,26548.03,0,BLOCK,1.0
TXN000979429,2024-01-04 02:25:06.960847,ACC006635,ACC000200,14690.25,1,BLOCK,0.0
TXN000987726,2024-01-04 02:51:18.758104,ACC023729,ACC001065,13603.82,1,BLOCK,0.0
TXN000980249,2024-01-04 02:53:02.625736,ACC000445,ACC011887,104222.24,1,BLOCK,1.0
TXN000992140,2024-01-04 02:54:52.549005,ACC000756,ACC013981,42221.1,1,BLOCK,1.0
TXN000976757,2024-01-04 03:20:33.941851,ACC012778,ACC000325,14668.54,1,BLOCK,0.0
TXN000964092,2024-01-04 03:22:04.196986,ACC000138,ACC025731,82647.08,0,BLOCK,1.0
TXN000987730,2024-01-04 03:26:09.245107,ACC015790,ACC001065,10185.51,1,BLOCK,0.0
TXN000972224,2024-01-04 03:29:35.890162,ACC000495,ACC011768,122510.51,1,BLOCK,1.0
TXN000965658,2024-01-04 03:35:40.813026,ACC000011,ACC001017,164793.8,1,BLOCK,1.0
TXN000979434,2024-01-04 03:37:56.550996,ACC004260,ACC000200,14919.29,1,BLOCK,0.0
TXN000976883,2024-01-04 03:43:46.842836,ACC000436,ACC012888,43342.67,1,BLOCK,1.0
TXN000961299,2024-01-04 03:53:52.033099,ACC000484,ACC012604,84737.66,1,BLOCK,1.0
TXN000996366,2024-01-04 03:59:35.862287,ACC003063,ACC000835,13567.21,1,BLOCK,0.0
TXN000991200,2024-01-04 04:28:05.582360,ACC010924,ACC000865,14816.43,1,BLOCK,0.0
TXN000980248,2024-01-04 04:41:45.123283,ACC000445,ACC011887,209203.84,1,BLOCK,1.0
TXN000979736,2024-01-04 04:42:07.835095,ACC000684,ACC003479,19784.04,0,BLOCK,1.0
TXN000974409,2024-01-04 04:54:47.736713,ACC001021,ACC000834,25029.22,1,BLOCK,1.0
TXN000979215,2024-01-04 04:58:28.560492,ACC001057,ACC005352,66723.92,0,BLOCK,1.0
TXN000973960,2024-01-04 05:00:42.352129,ACC000393,ACC023316,18076.73,0,BLOCK,1.0
TXN000979424,2024-01-04 05:11:04.878072,ACC025596,ACC000200,14179.89,1,BLOCK,0.0
TXN000976885,2024-01-04 05:19:16.426410,ACC000436,ACC014348,43627.16,1,BLOCK,1.0
TXN000985203,2024-01-04 05:41:15.887943,ACC000371,ACC015962,78323.72,0,BLOCK,1.0
TXN000991202,2024-01-04 06:25:34.893799,ACC025789,ACC000865,14283.75,1,BLOCK,0.0
TXN000990156,2024-01-04 06:39:02.000000,ACC000226,ACC018641,1901.96,0,BLOCK,1.0
TXN000974402,2024-01-04 06:49:42.771062,ACC000834,ACC022663,77329.32,1,BLOCK,1.0
TXN000999155,2024-01-04 07:00:43.000000,ACC000723,ACC009457,7499.75,0,BLOCK,1.0
TXN000995362,2024-01-04 07:01:21.000000,ACC000603,ACC004849,838.18,0,BLOCK,1.0
TXN000976884,2024-01-04 07:05:12.861762,ACC000436,ACC024233,43351.43,1,BLOCK,1.0
TXN000987727,2024-01-04 07:09:26.867322,ACC024235,ACC001065,13008.89,1,BLOCK,0.0
TXN000963428,2024-01-04 07:18:59.000000,ACC000618,ACC020468,33.06,0,BLOCK,1.0
TXN000994554,2024-01-04 07:19:09.000000,ACC000785,ACC001806,226.56,0,BLOCK,1.0
TXN000987760,2024-01-04 07:21:11.000000,ACC000083,ACC023338,99.6,0,BLOCK,1.0
TXN000962705,2024-01-04 07:27:36.000000,ACC000127,ACC020180,1976.0,0,BLOCK,1.0
TXN000979425,2024-01-04 07:30:48.958032,ACC012077,ACC000200,11081.3,1,BLOCK,0.0
TXN000967758,2024-01-04 07:33:49.000000,ACC000602,ACC012603,121.53,0,BLOCK,1.0
TXN000973679,2024-01-04 07:39:24.000000,ACC000342,ACC021489,146.64,0,BLOCK,1.0
TXN000980713,2024-01-04 07:39:28.000000,ACC000463,ACC017254,2632.22,0,BLOCK,1.0
TXN000964580,2024-01-04 07:40:49.000000,ACC001047,ACC023894,41.5,0,BLOCK,1.0
TXN000996917,2024-01-04 07:41:26.000000,ACC000193,ACC020683,1912.48,0,BLOCK,1.0
TXN000969429,2024-01-04 07:59:34.000000,ACC000553,ACC022732,3101.5,0,BLOCK,1.0
TXN000029693,2024-01-04 08:00:00.000000,ACC012538,ACC014067,133392.32,0,COOLING,0.0
TXN000181311,2024-01-04 08:00:00.000000,ACC010262,ACC003847,147654.65,0,COOLING,0.0
TXN000600719,2024-01-04 08:00:00.000000,ACC006790,ACC004114,148695.76,0,COOLING,0.0
TXN000597597,2024-01-04 08:00:00.000000,ACC019621,ACC024816,143362.29,0,COOLING,0.0
TXN000734261,2024-01-04 08:00:00.000000,ACC014715,ACC023430,104145.82,0,COOLING,0.0
TXN000991984,2024-01-04 08:00:00.000000,ACC001661,ACC000739,96705.93,0,BLOCK,0.0
TXN000233397,2024-01-04 08:00:00.000000,ACC007952,ACC002270,134926.21,0,COOLING,0.0
TXN000886774,2024-01-04 08:00:00.000000,ACC021852,ACC005079,149912.74,0,COOLING,0.0
TXN000464406,2024-01-04 08:00:00.000000,ACC008090,ACC020683,124227.7,0,COOLING,0.0
TXN000390493,2024-01-04 08:00:00.000000,ACC023184,ACC015359,142549.26,0,COOLING,0.0
TXN000166608,2024-01-04 08:00:00.000000,ACC008146,ACC003722,130377.04,0,COOLING,0.0
TXN000707250,2024-01-04 08:00:00.000000,ACC023788,ACC004458,101646.74,0,COOLING,0.0
TXN000722947,2024-01-04 08:00:00.000000,ACC014153,ACC014711,133375.64,0,COOLING,0.0
TXN000648486,2024-01-04 08:00:00.000000,ACC015617,ACC002978,121730.14,0,COOLING,0.0
TXN000668227,2024-01-04 08:00:00.000000,ACC010906,ACC023101,149210.76,0,COOLING,0.0
TXN000996557,2024-01-04 08:01:43.000000,ACC000208,ACC021583,1298.74,0,BLOCK,1.0
TXN000972222,2024-01-04 08:02:04.841262,ACC003236,ACC000495,10562.22,1,BLOCK,0.0
TXN000987721,2024-01-04 08:03:52.416862,ACC016129,ACC001065,14826.84,1,BLOCK,0.0
TXN000967960,2024-01-04 08:08:33.000000,ACC000741,ACC015601,3067.78,0,BLOCK,1.0
TXN000964093,2024-01-04 08:09:54.413921,ACC000138,ACC009107,45202.34,0,BLOCK,1.0
TXN000992141,2024-01-04 08:10:03.819371,ACC000756,ACC019619,42019.94,1,BLOCK,1.0
TXN000968227,2024-01-04 08:14:31.038682,ACC000644,ACC011072,46951.26,1,BLOCK,1.0
TXN000992144,2024-01-04 08:14:57.509446,ACC000756,ACC020988,42142.83,1,BLOCK,1.0
TXN000990878,2024-01-04 08:15:22.000000,ACC000978,ACC008991,546.1,0,BLOCK,1.0
TXN000996367,2024-01-04 08:38:40.716628,ACC012944,ACC000835,10547.46,1,BLOCK,0.0
TXN000968114,2024-01-04 08:46:16.000000,ACC000082,ACC008041,376.91,0,BLOCK,1.0
TXN000978493,2024-01-04 08:52:47.000000,ACC000008,ACC021782,486.92,0,BLOCK,1.0
TXN000965201,2024-01-04 08:58:30.000000,ACC000856,ACC014246,4689.73,0,BLOCK,1.0
TXN000146898,2024-01-04 09:00:00.000000,ACC009936,ACC012303,127534.14,0,COOLING,0.0
TXN000309444,2024-01-04 09:00:00.000000,ACC014250,ACC003261,125120.99,0,COOLING,0.0
TXN000669389,2024-01-04 09:00:00.000000,ACC018353,ACC005523,114923.68,0,COOLING,0.0
TXN000827179,2024-01-04 09:00:00.000000,ACC014975,ACC010288,116062.41,0,COOLING,0.0
TXN000018216,2024-01-04 09:00:00.000000,ACC013354,ACC024146,111274.17,0,COOLING,0.0
TXN000990630,2024-01-04 09:01:41.000000,ACC000653,ACC004630,1072.74,0,BLOCK,1.0
TXN000996368,2024-01-04 09:18:55.176616,ACC003390,ACC000835,11047.59,1,BLOCK,0.0
TXN000966513,2024-01-04 09:24:46.000000,ACC000512,ACC011846,712.97,0,BLOCK,1.0
TXN000963629,2024-01-04 09:25:36.000000,ACC000352,ACC026624,284.47,0,BLOCK,1.0
TXN000987720,2024-01-04 09:26:52.241807,ACC009591,ACC001065,12890.47,1,BLOCK,0.0
TXN000981838,2024-01-04 09:28:36.000000,ACC000586,ACC012962,1180.37,0,BLOCK,1.0
TXN000976890,2024-01-04 09:33:56.269309,ACC000436,ACC010170,43610.73,1,BLOCK,1.0
TXN000996282,2024-01-04 09:34:19.000000,ACC000915,ACC021166,1568.01,0,BLOCK,1.0
TXN000976886,2024-01-04 09:34:52.715512,ACC000436,ACC002594,43416.01,1,BLOCK,1.0
TXN000983167,2024-01-04 09:35:54.000000,ACC000691,ACC024364,14978.2,0,BLOCK,1.0
TXN000980180,2024-01-04 09:37:11.000000,ACC000731,ACC008629,224.14,0,BLOCK,1.0
TXN000990056,2024-01-04 09:54:07.000000,ACC000166,ACC002049,1025.47,0,BLOCK,1.0
TXN000991205,2024-01-04 09:57:18.052799,ACC005733,ACC000865,11614.84,1,BLOCK,0.0
TXN000984359,2024-01-04 09:58:22.000000,ACC000411,ACC002262,5810.1,0,BLOCK,1.0
TXN000433274,2024-01-04 10:00:00.000000,ACC017308,ACC015755,107367.94,0,COOLING,0.0
TXN000426684,2024-01-04 10:00:00.000000,ACC013312,ACC021281,137764.15,0,COOLING,0.0
TXN000709183,2024-01-04 10:00:00.000000,ACC021621,ACC002107,113275.09,0,COOLING,0.0
TXN000557633,2024-01-04 10:00:00.000000,ACC002890,ACC005905,146648.8,0,COOLING,0.0
TXN000637086,2024-01-04 10:00:00.000000,ACC018234,ACC019204,140120.18,0,COOLING,0.0
TXN000227075,2024-01-04 10:00:00.000000,ACC020602,ACC006878,126362.33,0,COOLING,0.0
TXN000710870,2024-01-04 10:00:00.000000,ACC003225,ACC003206,107350.54,0,COOLING,0.0
TXN000982626,2024-01-04 10:00:00.000000,ACC005847,ACC000936,122829.91,0,BLOCK,0.0
TXN000430954,2024-01-04 10:00:00.000000,ACC010488,ACC003084,118294.05,0,COOLING,0.0
TXN000976764,2024-01-04 10:04:49.277334,ACC023978,ACC000325,13960.25,1,BLOCK,0.0
TXN000976889,2024-01-04 10:20:04.372205,ACC000436,ACC010170,43396.37,1,BLOCK,1.0
TXN000958825,2024-01-04 10:21:20.000000,ACC000183,ACC003012,631.7,0,BLOCK,1.0
TXN000979376,2024-01-04 10:22:20.000000,ACC001074,ACC015084,2221.43,0,BLOCK,1.0
TXN000982518,2024-01-04 10:25:46.000000,ACC000922,ACC001132,73.31,0,BLOCK,1.0
TXN000987729,2024-01-04 10:28:02.779914,ACC015790,ACC001065,13822.19,1,BLOCK,0.0
TXN000979427,2024-01-04 10:28:29.063973,ACC007406,ACC000200,11860.15,1,BLOCK,0.0
TXN000960428,2024-01-04 10:29:49.000000,ACC000110,ACC007035,2415.69,0,BLOCK,1.0
TXN000968486,2024-01-04 10:37:25.000000,ACC000092,ACC002689,145.6,0,BLOCK,1.0
TXN000978864,2024-01-04 10:38:16.000000,ACC000167,ACC010891,126.94,0,BLOCK,1.0
TXN000961226,2024-01-04 10:46:14.000000,ACC000929,ACC012909,753.2,0,BLOCK,1.0
TXN000962942,2024-01-04 10:57:14.000000,ACC000332,ACC005525,358.43,0,BLOCK,1.0
TXN000731218,2024-01-04 11:00:00.000000,ACC023039,ACC009422,140281.6,0,COOLING,0.0
TXN000503000,2024-01-04 11:00:00.000000,ACC023346,ACC016179,109170.0,0,COOLING,0.0
TXN000514526,2024-01-04 11:00:00.000000,ACC006979,ACC019269,108041.42,0,COOLING,0.0
TXN000558303,2024-01-04 11:00:00.000000,ACC015437,ACC002661,104622.41,0,COOLING,0.0
TXN000730012,2024-01-04 11:00:00.000000,ACC013480,ACC016582,118776.14,0,COOLING,0.0
TXN000068748,2024-01-04 11:00:00.000000,ACC013911,ACC006482,100308.48,0,COOLING,0.0
TXN000390645,2024-01-04 11:00:00.000000,ACC010857,ACC018984,147170.12,0,COOLING,0.0
TXN000207532,2024-01-04 11:00:00.000000,ACC026015,ACC002503,109095.58,0,COOLING,0.0
TXN000201767,2024-01-04 11:00:00.000000,ACC009210,ACC024466,129451.3,0,COOLING,0.0
TXN000307788,2024-01-04 11:00:00.000000,ACC002481,ACC023964,144600.84,0,COOLING,0.0
TXN000986339,2024-01-04 11:00:22.000000,ACC000963,ACC025133,297.79,0,BLOCK,1.0
TXN000982628,2024-01-04 11:01:05.611862,ACC000936,ACC013471,66821.88,0,BLOCK,1.0
TXN000996376,2024-01-04 11:04:55.963515,ACC000835,ACC006058,39865.53,1,BLOCK,1.0
TXN000981710,2024-01-04 11:13:24.000000,ACC000112,ACC021808,409.95,0,BLOCK,1.0
TXN000985154,2024-01-04 11:23:41.000000,ACC000371,ACC015885,430.24,0,BLOCK,1.0
TXN000981865,2024-01-04 11:24:11.000000,ACC000949,ACC018162,355.9,0,BLOCK,1.0
TXN000996527,2024-01-04 11:37:40.897540,ACC000429,ACC002402,24707.4,0,BLOCK,1.0
TXN000958924,2024-01-04 11:38:23.000000,ACC000543,ACC022631,2040.86,0,BLOCK,1.0
TXN000988994,2024-01-04 11:40:30.000000,ACC000678,ACC007901,872.99,0,BLOCK,1.0
TXN000975587,2024-01-04 11:43:02.000000,ACC000093,ACC016822,19.06,0,BLOCK,1.0
TXN000998042,2024-01-04 11:46:09.688519,ACC000853,ACC016544,66530.38,0,BLOCK,1.0
TXN000999393,2024-01-04 11:46:19.000000,ACC000328,ACC010329,274.35,0,BLOCK,1.0
TXN000997742,2024-01-04 11:55:38.000000,ACC000631,ACC026345,195.44,0,BLOCK,1.0
TXN000197897,2024-01-04 12:00:00.000000,ACC009425,ACC021207,103023.53,0,COOLING,0.0
TXN000649419,2024-01-04 12:00:00.000000,ACC021116,ACC016234,133150.74,0,COOLING,0.0
TXN000268026,2024-01-04 12:00:00.000000,ACC011491,ACC012885,101960.16,0,COOLING,0.0
TXN000551022,2024-01-04 12:00:00.000000,ACC013670,ACC020674,110048.88,0,COOLING,0.0
TXN000938338,2024-01-04 12:00:00.000000,ACC025431,ACC019237,120862.07,0,COOLING,0.0
TXN000377318,2024-01-04 12:00:00.000000,ACC006481,ACC019338,124318.17,0,COOLING,0.0
TXN000982629,2024-01-04 12:04:28.753475,ACC000936,ACC003222,83972.88,0,BLOCK,1.0
TXN000991462,2024-01-04 12:07:11.000000,ACC000748,ACC025207,7792.88,0,BLOCK,1.0
TXN000979629,2024-01-04 12:08:00.000000,ACC000318,ACC001738,3447.29,0,BLOCK,1.0
TXN000982350,2024-01-04 12:12:24.000000,ACC000822,ACC024053,518.46,0,BLOCK,1.0
TXN000997351,2024-01-04 12:14:15.000000,ACC001001,ACC025378,314.03,0,BLOCK,1.0
TXN000998084,2024-01-04 12:19:36.000000,ACC000467,ACC022939,822.25,0,BLOCK,1.0
TXN000979849,2024-01-04 12:28:22.000000,ACC000440,ACC021739,718.06,0,BLOCK,1.0
TXN000976496,2024-01-04 12:39:55.000000,ACC000648,ACC013519,2594.82,0,BLOCK,1.0
TXN000997271,2024-01-04 12:42:54.000000,ACC000807,ACC010903,905.17,0,BLOCK,1.0
TXN000977891,2024-01-04 12:49:41.000000,ACC000267,ACC023851,146.18,0,BLOCK,1.0
TXN000977937,2024-01-04 12:54:18.000000,ACC000758,ACC018245,550.11,0,BLOCK,1.0
TXN000961965,2024-01-04 12:55:24.000000,ACC001026,ACC018117,315.15,0,BLOCK,1.0
TXN000367362,2024-01-04 13:00:00.000000,ACC018515,ACC026559,115555.08,0,COOLING,0.0
TXN000700722,2024-01-04 13:00:00.000000,ACC026695,ACC012035,110578.91,0,COOLING,0.0
TXN000447696,2024-01-04 13:00:00.000000,ACC013511,ACC024043,138327.26,0,COOLING,0.0
TXN000909314,2024-01-04 13:00:00.000000,ACC014305,ACC011587,148970.65,0,COOLING,0.0
TXN000555015,2024-01-04 13:00:00.000000,ACC008080,ACC017911,142158.92,0,COOLING,0.0
TXN000203091,2024-01-04 13:00:00.000000,ACC024136,ACC025027,144385.26,0,COOLING,0.0
TXN000100877,2024-01-04 13:00:00.000000,ACC023251,ACC014175,105865.43,0,COOLING,0.0
TXN000892441,2024-01-04 13:00:00.000000,ACC011790,ACC009459,137440.6,0,COOLING,0.0
TXN000315906,2024-01-04 13:00:00.000000,ACC004831,ACC007345,104997.54,0,COOLING,0.0
TXN000751909,2024-01-04 13:00:00.000000,ACC004679,ACC023005,112293.06,0,COOLING,0.0
TXN000983371,2024-01-04 13:01:48.000000,ACC000528,ACC025872,1052.95,0,BLOCK,1.0
TXN000993730,2024-01-04 13:02:06.000000,ACC000626,ACC026619,228.62,0,BLOCK,1.0
TXN000991210,2024-01-04 13:04:39.282733,ACC005418,ACC000865,14699.26,1,BLOCK,0.0
TXN000993515,2024-01-04 13:04:51.000000,ACC000885,ACC023749,151.37,0,BLOCK,1.0
TXN000970944,2024-01-04 13:07:06.000000,ACC000496,ACC007277,62.97,0,BLOCK,1.0
TXN000977020,2024-01-04 13:07:15.000000,ACC000060,ACC015110,2453.57,0,BLOCK,1.0
TXN000988611,2024-01-04 13:19:22.000000,ACC001079,ACC004316,380.39,0,BLOCK,1.0
TXN000991033,2024-01-04 13:21:02.000000,ACC000839,ACC008316,417.95,0,BLOCK,1.0
TXN000992350,2024-01-04 13:21:56.000000,ACC000453,ACC014190,241.7,0,BLOCK,1.0
TXN000990031,2024-01-04 13:22:38.000000,ACC000305,ACC011068,2116.71,0,BLOCK,1.0
TXN000961941,2024-01-04 13:23:12.000000,ACC000397,ACC020105,2319.36,0,BLOCK,1.0
TXN000978000,2024-01-04 13:23:33.000000,ACC000984,ACC016083,3905.79,0,BLOCK,1.0
TXN000985641,2024-01-04 13:23:53.002758,ACC000889,ACC026188,35455.23,1,BLOCK,1.0
TXN000972223,2024-01-04 13:27:14.767199,ACC003481,ACC000495,10445.44,1,BLOCK,0.0
TXN000999889,2024-01-04 13:28:53.000000,ACC000052,ACC010291,40093.78,0,BLOCK,1.0
TXN000986614,2024-01-04 13:29:06.000000,ACC000289,ACC013955,1766.23,0,BLOCK,1.0
TXN000996526,2024-01-04 13:31:51.763845,ACC000429,ACC017265,32754.95,0,BLOCK,1.0
TXN000972216,2024-01-04 13:33:02.308460,ACC003728,ACC000495,11469.93,1,BLOCK,0.0
TXN000979227,2024-01-04 13:33:05.000000,ACC000223,ACC010923,3439.23,0,BLOCK,1.0
TXN000960905,2024-01-04 13:37:03.000000,ACC001054,ACC012602,285.17,0,BLOCK,1.0
TXN000996375,2024-01-04 13:42:41.741934,ACC000835,ACC006058,84923.67,1,BLOCK,1.0
TXN001000108,2024-01-04 13:46:07.000000,ACC000373,ACC001146,1290.24,0,BLOCK,1.0
TXN000974410,2024-01-04 13:57:36.410918,ACC000834,ACC022663,24119.01,1,BLOCK,1.0
TXN000991930,2024-01-04 14:00:00.000000,ACC013330,ACC000414,140889.24,0,BLOCK,0.0
TXN000012539,2024-01-04 14:00:00.000000,ACC014424,ACC008812,111751.64,0,COOLING,0.0
TXN000710348,2024-01-04 14:00:00.000000,ACC012767,ACC016636,108177.8,0,COOLING,0.0
TXN000848276,2024-01-04 14:00:00.000000,ACC019723,ACC013889,105216.41,0,COOLING,0.0
TXN000750941,2024-01-04 14:00:00.000000,ACC003584,ACC025822,125192.75,0,COOLING,0.0
TXN000170698,2024-01-04 14:00:00.000000,ACC007145,ACC014263,110905.93,0,COOLING,0.0
TXN000771466,2024-01-04 14:00:00.000000,ACC002841,ACC026589,117414.54,0,COOLING,0.0
TXN000978940,2024-01-04 14:03:47.000000,ACC000396,ACC024936,853.33,0,BLOCK,1.0
TXN000999279,2024-01-04 14:17:26.000000,ACC001003,ACC009373,97.8,0,BLOCK,1.0
TXN000925894,2024-01-04 14:19:56.000000,ACC004598,ACC011858,100000.0,0,COOLING,0.0
TXN000970852,2024-01-04 14:30:16.000000,ACC000828,ACC012146,545.99,0,BLOCK,1.0
TXN000986524,2024-01-04 14:30:34.000000,ACC000206,ACC021785,492.63,0,BLOCK,1.0
TXN000975015,2024-01-04 14:32:36.000000,ACC000459,ACC003467,58.82,0,BLOCK,1.0
TXN000991373,2024-01-04 14:35:52.000000,ACC000492,ACC012607,468.37,0,BLOCK,1.0
TXN000968539,2024-01-04 14:41:58.000000,ACC000016,ACC023854,207.51,0,BLOCK,1.0
TXN000971858,2024-01-04 14:43:25.000000,ACC000006,ACC005095,1067.09,0,BLOCK,1.0
TXN000987387,2024-01-04 14:45:12.000000,ACC000215,ACC011606,1390.88,0,BLOCK,1.0
TXN000979431,2024-01-04 14:51:56.964421,ACC014970,ACC000200,11965.32,1,BLOCK,0.0
TXN000987723,2024-01-04 14:53:24.035527,ACC002289,ACC001065,13091.52,1,BLOCK,0.0
TXN000988364,2024-01-04 14:58:34.000000,ACC000176,ACC021027,131.29,0,BLOCK,1.0
TXN000975342,2024-01-04 14:59:31.000000,ACC000569,ACC009050,13962.3,0,BLOCK,1.0
TXN000341073,2024-01-04 15:00:00.000000,ACC004821,ACC012647,142486.0,0,COOLING,0.0
TXN000391947,2024-01-04 15:00:00.000000,ACC009196,ACC019235,132370.11,0,COOLING,0.0
TXN000865836,2024-01-04 15:00:00.000000,ACC002210,ACC007799,146775.76,0,COOLING,0.0
TXN000513200,2024-01-04 15:00:00.000000,ACC018617,ACC011042,108044.69,0,COOLING,0.0
TXN000356489,2024-01-04 15:00:00.000000,ACC015739,ACC005406,147763.28,0,COOLING,0.0
TXN000226348,2024-01-04 15:00:00.000000,ACC016800,ACC008809,115893.73,0,COOLING,0.0
TXN000861027,2024-01-04 15:00:00.000000,ACC022112,ACC001363,137163.53,0,COOLING,0.0
TXN000801375,2024-01-04 15:00:00.000000,ACC017338,ACC011161,143758.24,0,COOLING,0.0
TXN000609780,2024-01-04 15:00:00.000000,ACC013330,ACC019100,145499.21,0,COOLING,0.0
TXN000605472,2024-01-04 15:00:00.000000,ACC002367,ACC018508,121849.05,0,COOLING,0.0
TXN000919118,2024-01-04 15:00:00.000000,ACC003633,ACC026662,138169.25,0,COOLING,0.0
TXN000170356,2024-01-04 15:00:00.000000,ACC019599,ACC023078,137478.56,0,COOLING,0.0
TXN000987697,2024-01-04 15:00:26.000000,ACC001065,ACC017443,1889.1,0,BLOCK,1.0
TXN000979428,2024-01-04 15:22:03.597973,ACC004260,ACC000200,10038.94,1,BLOCK,0.0
TXN000961694,2024-01-04 15:22:37.000000,ACC000941,ACC007454,188.32,0,BLOCK,1.0
TXN000991931,2024-01-04 15:26:35.537374,ACC000414,ACC011155,69486.39,0,BLOCK,1.0
TXN000997126,2024-01-04 15:28:25.000000,ACC001048,ACC010613,4735.36,0,BLOCK,1.0
TXN000961352,2024-01-04 15:32:33.000000,ACC000874,ACC022823,7221.32,0,BLOCK,1.0
TXN000997691,2024-01-04 15:32:47.000000,ACC000864,ACC025570,3150.32,0,BLOCK,1.0
TXN000975356,2024-01-04 15:39:30.000000,ACC000533,ACC015409,1435.07,0,BLOCK,1.0
TXN000995546,2024-01-04 15:40:14.000000,ACC000124,ACC025327,2963.71,0,BLOCK,1.0
TXN000979124,2024-01-04 15:44:58.000000,ACC000253,ACC001552,659.45,0,BLOCK,1.0
TXN000981190,2024-01-04 15:48:42.000000,ACC000623,ACC013073,771.66,0,BLOCK,1.0
TXN000976386,2024-01-04 15:59:01.000000,ACC000980,ACC006820,3304.75,0,BLOCK,1.0
TXN000512697,2024-01-04 16:00:00.000000,ACC023347,ACC014113,126362.7,0,COOLING,0.0
TXN000759894,2024-01-04 16:00:00.000000,ACC009566,ACC016238,106487.86,0,COOLING,0.0
TXN000695475,2024-01-04 16:00:00.000000,ACC003279,ACC006708,142099.98,0,COOLING,0.0
TXN000555327,2024-01-04 16:00:00.000000,ACC005028,ACC017654,121348.06,0,COOLING,0.0
TXN000730773,2024-01-04 16:00:00.000000,ACC004997,ACC022378,109105.41,0,COOLING,0.0
TXN000430035,2024-01-04 16:00:00.000000,ACC008471,ACC013927,128839.83,0,COOLING,0.0
TXN000345091,2024-01-04 16:00:00.000000,ACC019156,ACC001705,137541.83,0,COOLING,0.0
TXN000350899,2024-01-04 16:00:00.000000,ACC020855,ACC022418,110079.08,0,COOLING,0.0
TXN000325006,2024-01-04 16:00:00.000000,ACC008714,ACC005511,130380.85,0,COOLING,0.0
TXN000902943,2024-01-04 16:00:00.000000,ACC002143,ACC015851,143792.34,0,COOLING,0.0
TXN000866134,2024-01-04 16:00:00.000000,ACC023401,ACC005249,105125.21,0,COOLING,0.0
TXN001000790,2024-01-04 16:00:29.000000,ACC000015,ACC007401,1261.57,0,BLOCK,1.0
TXN000998163,2024-01-04 16:02:42.000000,ACC000805,ACC002474,1172.8,0,BLOCK,1.0
TXN000968373,2024-01-04 16:05:43.000000,ACC000063,ACC020856,1813.96,0,BLOCK,1.0
TXN000963253,2024-01-04 16:09:04.000000,ACC000170,ACC011671,1110.46,0,BLOCK,1.0
TXN000983220,2024-01-04 16:11:37.000000,ACC000507,ACC025874,326.53,0,BLOCK,1.0
TXN000991983,2024-01-04 16:12:28.000000,ACC000739,ACC023873,2531.48,0,BLOCK,1.0
TXN000986672,2024-01-04 16:15:06.000000,ACC000366,ACC004596,432.49,0,BLOCK,1.0
TXN000994263,2024-01-04 16:23:34.000000,ACC000615,ACC009494,1191.28,0,BLOCK,1.0
TXN000994411,2024-01-04 16:24:42.000000,ACC000097,ACC007415,403.38,0,BLOCK,1.0
TXN000976896,2024-01-04 16:29:47.764163,ACC000436,ACC012112,43366.1,1,BLOCK,1.0
TXN000984377,2024-01-04 16:35:21.000000,ACC000926,ACC018349,76.79,0,BLOCK,1.0
TXN000962308,2024-01-04 16:37:52.000000,ACC000501,ACC003639,129.14,0,BLOCK,1.0
TXN000977570,2024-01-04 16:38:56.000000,ACC000710,ACC013174,387.82,0,BLOCK,1.0
TXN000984386,2024-01-04 16:40:47.000000,ACC000926,ACC023027,3272.66,0,BLOCK,1.0
TXN000033457,2024-01-04 17:00:00.000000,ACC019013,ACC026841,129862.75,0,COOLING,0.0
TXN000300212,2024-01-04 17:00:00.000000,ACC006360,ACC026764,131592.88,0,COOLING,0.0
TXN000097162,2024-01-04 17:00:00.000000,ACC011557,ACC022925,130081.55,0,COOLING,0.0
TXN000174350,2024-01-04 17:00:00.000000,ACC020051,ACC005120,138515.9,0,COOLING,0.0
TXN000238317,2024-01-04 17:00:00.000000,ACC002458,ACC008050,124146.63,0,COOLING,0.0
TXN000694506,2024-01-04 17:00:00.000000,ACC006018,ACC021427,107187.54,0,COOLING,0.0
TXN000991631,2024-01-04 17:09:31.000000,ACC000078,ACC013981,2416.39,0,BLOCK,1.0
TXN000972269,2024-01-04 17:13:35.000000,ACC000536,ACC013041,651.09,0,BLOCK,1.0
TXN000974404,2024-01-04 17:15:56.861154,ACC000834,ACC022663,55591.37,1,BLOCK,1.0
TXN000976887,2024-01-04 17:24:36.766990,ACC000436,ACC024233,43504.62,1,BLOCK,1.0
TXN000977571,2024-01-04 17:30:04.000000,ACC000710,ACC022509,459.06,0,BLOCK,1.0
TXN000998248,2024-01-04 17:51:37.000000,ACC000380,ACC005864,735.73,0,BLOCK,1.0
TXN000403022,2024-01-04 18:00:00.000000,ACC013595,ACC015617,111181.02,0,COOLING,0.0
TXN000970699,2024-01-04 18:00:00.000000,ACC005351,ACC000514,123806.34,0,BLOCK,0.0
TXN000899600,2024-01-04 18:00:00.000000,ACC017121,ACC007133,120951.58,0,COOLING,0.0
TXN000378509,2024-01-04 18:00:00.000000,ACC004048,ACC018919,148835.66,0,COOLING,0.0
TXN000700422,2024-01-04 18:00:00.000000,ACC026543,ACC012488,116798.79,0,COOLING,0.0
TXN000195502,2024-01-04 18:00:00.000000,ACC009697,ACC025457,140234.7,0,COOLING,0.0
TXN000419009,2024-01-04 18:00:00.000000,ACC008449,ACC009587,141109.68,0,COOLING,0.0
TXN000937212,2024-01-04 18:00:00.000000,ACC017356,ACC011036,129357.61,0,COOLING,0.0
TXN000720475,2024-01-04 18:00:00.000000,ACC006990,ACC024518,107084.64,0,COOLING,0.0
TXN000072276,2024-01-04 18:00:00.000000,ACC015069,ACC005135,109799.63,0,COOLING,0.0
TXN000857972,2024-01-04 18:00:00.000000,ACC026934,ACC022701,124605.93,0,COOLING,0.0
TXN000965136,2024-01-04 18:08:18.000000,ACC002082,ACC000548,19398.03,0,BLOCK,0.0
TXN000976891,2024-01-04 18:19:32.235189,ACC000436,ACC002940,43503.39,1,BLOCK,1.0
TXN000987722,2024-01-04 18:23:09.342641,ACC014838,ACC001065,14237.74,1,BLOCK,0.0
TXN000975036,2024-01-04 18:23:46.786947,ACC000493,ACC000459,85780.05,1,BLOCK,1.0
TXN000979415,2024-01-04 18:23:55.000000,ACC000200,ACC022207,506.04,0,BLOCK,1.0
TXN000968224,2024-01-04 18:24:08.928939,ACC000919,ACC000644,46036.98,1,BLOCK,1.0
TXN000973746,2024-01-04 19:00:51.000000,ACC000115,ACC016963,5639.71,0,BLOCK,1.0
TXN000982676,2024-01-04 19:23:31.447243,ACC000899,ACC007497,81479.85,1,BLOCK,1.0
TXN000998695,2024-01-04 19:26:20.000000,ACC000633,ACC024827,602.09,0,BLOCK,1.0
TXN000975081,2024-01-04 19:46:45.000000,ACC000987,ACC026332,635.57,0,BLOCK,1.0
TXN000971343,2024-01-04 19:48:19.000000,ACC000296,ACC017867,559.12,0,BLOCK,1.0
TXN000978821,2024-01-04 20:10:54.000000,ACC000836,ACC015530,3259.53,0,BLOCK,1.0
TXN000991204,2024-01-04 20:22:57.941311,ACC013324,ACC000865,14358.43,1,BLOCK,0.0
TXN000982888,2024-01-04 20:30:09.000000,ACC000862,ACC019266,223.36,0,BLOCK,1.0
TXN000976897,2024-01-04 20:39:32.452307,ACC000436,ACC002940,43700.39,1,BLOCK,1.0
TXN000991207,2024-01-04 21:07:10.727627,ACC018113,ACC000865,12206.53,1,BLOCK,0.0
TXN000976894,2024-01-04 21:16:47.730706,ACC000436,ACC010170,43597.51,1,BLOCK,1.0
TXN000966027,2024-01-04 21:23:56.000000,ACC000820,ACC006405,664.4,0,BLOCK,1.0
TXN000984278,2024-01-04 22:30:29.000000,ACC000655,ACC026615,188.66,0,BLOCK,1.0
TXN000990612,2024-01-04 22:46:32.173465,ACC000529,ACC023331,86320.76,1,BLOCK,1.0
TXN000991208,2024-01-04 22:56:27.593348,ACC002355,ACC000865,10450.75,1,BLOCK,0.0
TXN000976898,2024-01-04 23:06:48.218100,ACC000436,ACC016159,43640.96,1,BLOCK,1.0
TXN000976895,2024-01-04 23:11:09.070184,ACC000436,ACC010468,43311.74,1,BLOCK,1.0
TXN000976893,2024-01-04 23:43:59.839811,ACC000436,ACC018256,43503.2,1,BLOCK,1.0
TXN000976888,2024-01-04 23:57:43.427039,ACC000436,ACC012888,43371.68,1,BLOCK,1.0
TXN000991986,2024-01-04 23:58:11.249453,ACC000739,ACC006110,56988.74,0,BLOCK,1.0
TXN000992965,2024-01-05 00:00:00.000000,ACC000354,ACC000434,62138.86,1,BLOCK,1.0
TXN000973019,2024-01-05 00:00:00.000000,ACC000636,ACC007162,45980.32,1,BLOCK,1.0
TXN000988314,2024-01-05 00:00:00.000000,ACC000096,ACC004447,38541.51,1,BLOCK,1.0
TXN000977488,2024-01-05 00:00:00.000000,ACC000199,ACC000089,69027.58,1,BLOCK,1.0
TXN000975658,2024-01-05 00:00:00.000000,ACC000561,ACC021629,44745.23,1,BLOCK,1.0
TXN000982357,2024-01-05 00:00:00.000000,ACC000822,ACC000715,91071.59,1,BLOCK,1.0
TXN000990322,2024-01-05 00:00:00.000000,ACC000001,ACC013109,42756.93,1,BLOCK,1.0
TXN000982627,2024-01-05 00:01:07.631848,ACC000936,ACC006611,46759.79,0,BLOCK,1.0
TXN000970700,2024-01-05 00:12:05.310152,ACC000514,ACC019313,74287.07,0,BLOCK,1.0
TXN000991196,2024-01-05 00:28:14.512802,ACC007104,ACC000865,13863.96,1,BLOCK,0.0
TXN000986615,2024-01-05 01:03:50.000000,ACC000289,ACC010036,636.71,0,BLOCK,1.0
TXN000991985,2024-01-05 01:05:55.575205,ACC000739,ACC019047,64201.93,0,BLOCK,1.0
TXN000973300,2024-01-05 01:19:11.505783,ACC015287,ACC000545,12529.9,1,BLOCK,0.0
TXN000997517,2024-01-05 01:21:14.000000,ACC000640,ACC003842,4235.75,0,BLOCK,1.0
TXN000973020,2024-01-05 01:25:02.368754,ACC000636,ACC026936,45967.67,1,BLOCK,1.0
TXN000970701,2024-01-05 01:26:58.010691,ACC000514,ACC016295,55131.08,0,BLOCK,1.0
TXN000987732,2024-01-05 01:27:09.186422,ACC001065,ACC004140,179376.51,1,BLOCK,1.0
TXN000973308,2024-01-05 01:34:52.149305,ACC000545,ACC019704,100742.3,1,BLOCK,1.0
TXN000999396,2024-01-05 01:42:20.000000,ACC000328,ACC003610,1239.37,0,BLOCK,1.0
TXN000991987,2024-01-05 01:42:53.816900,ACC000739,ACC006110,52044.07,0,BLOCK,1.0
TXN000990325,2024-01-05 01:47:06.421695,ACC000001,ACC018296,42760.42,1,BLOCK,1.0
TXN000990323,2024-01-05 01:47:17.976972,ACC000001,ACC010843,42944.59,1,BLOCK,1.0
TXN000990324,2024-01-05 01:48:26.697549,ACC000001,ACC004636,42699.93,1,BLOCK,1.0
TXN000992146,2024-01-05 02:10:37.764671,ACC000756,ACC019619,42140.06,1,BLOCK,1.0
TXN000977489,2024-01-05 02:17:50.902544,ACC000089,ACC010584,67367.4,1,BLOCK,1.0
TXN000973023,2024-01-05 02:25:01.337309,ACC000636,ACC011350,46042.02,1,BLOCK,1.0
TXN000988315,2024-01-05 02:31:48.920081,ACC000096,ACC009441,38377.26,1,BLOCK,1.0
TXN000976768,2024-01-05 02:37:03.618237,ACC000325,ACC005625,57906.96,1,BLOCK,1.0
TXN000973280,2024-01-05 02:49:01.948193,ACC026731,ACC000545,12723.31,1,BLOCK,0.0
TXN000970062,2024-01-05 03:02:22.000000,ACC000004,ACC021129,398.4,0,BLOCK,1.0
TXN000975659,2024-01-05 03:23:46.770371,ACC000561,ACC025886,44631.83,1,BLOCK,1.0
TXN000988316,2024-01-05 03:38:09.880689,ACC000096,ACC009441,38685.99,1,BLOCK,1.0
TXN000973289,2024-01-05 03:41:07.792123,ACC022602,ACC000545,12146.39,1,BLOCK,0.0
TXN000991212,2024-01-05 03:47:43.649376,ACC000865,ACC002253,72324.55,1,BLOCK,1.0
TXN000975661,2024-01-05 03:51:20.017988,ACC000561,ACC007706,44967.47,1,BLOCK,1.0
TXN000971161,2024-01-05 03:52:00.743042,ACC000989,ACC000994,62040.7,1,BLOCK,1.0
TXN000991206,2024-01-05 04:17:40.212681,ACC025789,ACC000865,11597.08,1,BLOCK,0.0
TXN000991933,2024-01-05 04:19:29.712283,ACC000414,ACC015790,55261.07,0,BLOCK,1.0
TXN000988317,2024-01-05 04:26:42.259091,ACC000096,ACC008953,38584.78,1,BLOCK,1.0
TXN000968232,2024-01-05 04:55:57.584645,ACC000919,ACC000644,97265.81,1,BLOCK,1.0
TXN000988319,2024-01-05 05:10:49.594419,ACC000096,ACC008953,38636.25,1,BLOCK,1.0
TXN000973027,2024-01-05 05:16:55.962837,ACC000636,ACC022828,45761.57,1,BLOCK,1.0
TXN000973025,2024-01-05 05:22:06.281843,ACC000636,ACC007421,45805.61,1,BLOCK,1.0
TXN000975667,2024-01-05 05:31:29.877793,ACC000561,ACC007946,44957.25,1,BLOCK,1.0
TXN000959856,2024-01-05 05:54:28.770223,ACC000365,ACC000384,27469.19,1,BLOCK,1.0
TXN000964998,2024-01-05 05:58:04.000000,ACC000435,ACC018231,124.28,0,BLOCK,1.0
TXN000973022,2024-01-05 06:03:22.832511,ACC000636,ACC004139,45818.14,1,BLOCK,1.0
TXN000992492,2024-01-05 06:36:31.000000,ACC000750,ACC006306,404.7,0,BLOCK,1.0
TXN000975660,2024-01-05 06:49:19.757362,ACC000561,ACC025316,44964.86,1,BLOCK,1.0
TXN000976299,2024-01-05 06:54:55.908165,ACC000197,ACC000249,17230.44,1,BLOCK,1.0
TXN000973033,2024-01-05 07:10:58.731940,ACC000636,ACC021625,45869.91,1,BLOCK,1.0
TXN000970384,2024-01-05 07:12:45.000000,ACC000248,ACC025974,1808.38,0,BLOCK,1.0
TXN000968570,2024-01-05 07:17:22.000000,ACC000026,ACC009757,358.99,0,BLOCK,1.0
TXN000973021,2024-01-05 07:17:51.127611,ACC000636,ACC006023,45934.26,1,BLOCK,1.0
TXN000984279,2024-01-05 07:25:45.000000,ACC000655,ACC018811,6147.79,0,BLOCK,1.0
TXN000989507,2024-01-05 07:26:31.000000,ACC000100,ACC008850,1485.27,0,BLOCK,1.0
TXN000988318,2024-01-05 07:57:49.713692,ACC000096,ACC003921,38407.1,1,BLOCK,1.0
TXN000901490,2024-01-05 08:00:00.000000,ACC015200,ACC008036,121076.34,0,COOLING,0.0
TXN000839323,2024-01-05 08:00:00.000000,ACC008675,ACC018808,102246.62,0,COOLING,0.0
TXN000661192,2024-01-05 08:00:00.000000,ACC023761,ACC011047,111614.61,0,COOLING,0.0
TXN000879602,2024-01-05 08:00:00.000000,ACC010023,ACC026086,115320.46,0,COOLING,0.0
TXN000352893,2024-01-05 08:00:00.000000,ACC005817,ACC025411,142084.39,0,COOLING,0.0
TXN000378775,2024-01-05 08:00:00.000000,ACC011322,ACC015601,129992.57,0,COOLING,0.0
TXN000992767,2024-01-05 08:10:44.000000,ACC000719,ACC008991,666.09,0,BLOCK,1.0
TXN000990817,2024-01-05 08:11:07.000000,ACC000607,ACC024305,341.99,0,BLOCK,1.0
TXN000973281,2024-01-05 08:12:34.574453,ACC026551,ACC000545,13600.25,1,BLOCK,0.0
TXN000964957,2024-01-05 08:20:12.000000,ACC000419,ACC020151,526.18,0,BLOCK,1.0
TXN000960748,2024-01-05 08:20:19.000000,ACC008275,ACC000527,100000.0,0,BLOCK,0.0
TXN000994005,2024-01-05 08:23:36.000000,ACC000522,ACC020595,1086.26,0,BLOCK,1.0
TXN000975666,2024-01-05 08:31:02.201878,ACC000561,ACC022658,44822.42,1,BLOCK,1.0
TXN000982679,2024-01-05 08:44:21.997777,ACC000560,ACC000899,37032.18,1,BLOCK,1.0
TXN000976892,2024-01-05 08:45:52.033128,ACC000436,ACC024906,43698.8,1,BLOCK,1.0
TXN000982358,2024-01-05 08:48:04.706879,ACC000715,ACC000438,88339.45,1,BLOCK,1.0
TXN000416727,2024-01-05 09:00:00.000000,ACC012330,ACC006497,131600.87,0,COOLING,0.0
TXN000365547,2024-01-05 09:00:00.000000,ACC022951,ACC015960,123350.92,0,COOLING,0.0
TXN000789041,2024-01-05 09:00:00.000000,ACC020840,ACC014228,132726.67,0,COOLING,0.0
TXN000426015,2024-01-05 09:00:00.000000,ACC014817,ACC015380,145235.32,0,COOLING,0.0
TXN000983112,2024-01-05 09:00:00.000000,ACC023604,ACC000919,60384.31,0,BLOCK,0.0
TXN000925006,2024-01-05 09:00:00.000000,ACC004854,ACC005452,139824.58,0,COOLING,0.0
TXN000478279,2024-01-05 09:00:00.000000,ACC026675,ACC016497,121802.11,0,COOLING,0.0
TXN000121200,2024-01-05 09:00:00.000000,ACC020261,ACC001522,127682.39,0,COOLING,0.0
TXN000554590,2024-01-05 09:00:00.000000,ACC006112,ACC024982,144036.4,0,COOLING,0.0
TXN000445381,2024-01-05 09:00:00.000000,ACC008807,ACC016487,126325.19,0,COOLING,0.0
TXN000968225,2024-01-05 09:06:19.615325,ACC000644,ACC011072,45551.09,1,BLOCK,1.0
TXN000959311,2024-01-05 09:12:13.000000,ACC000482,ACC007353,1152.39,0,BLOCK,1.0
TXN000991932,2024-01-05 09:12:54.732589,ACC000414,ACC025474,64944.25,0,BLOCK,1.0
TXN000981534,2024-01-05 09:17:41.000000,ACC000104,ACC018648,2748.57,0,BLOCK,1.0
TXN000988320,2024-01-05 09:20:18.678464,ACC000096,ACC002028,38450.39,1,BLOCK,1.0
TXN000989157,2024-01-05 09:22:51.000000,ACC000025,ACC007849,2884.03,0,BLOCK,1.0
TXN000959857,2024-01-05 09:34:57.269039,ACC000384,ACC019494,26274.35,1,BLOCK,1.0
TXN000991199,2024-01-05 09:36:29.912985,ACC019071,ACC000865,12011.94,1,BLOCK,0.0
TXN000993028,2024-01-05 09:42:24.000000,ACC000845,ACC008693,2983.73,0,BLOCK,1.0
TXN000996398,2024-01-05 09:53:34.000000,ACC000947,ACC021613,312.09,0,BLOCK,1.0
TXN000965396,2024-01-05 09:54:53.000000,ACC000000,ACC009001,5151.53,0,BLOCK,1.0
TXN000975664,2024-01-05 09:55:36.924085,ACC000561,ACC023047,44979.48,1,BLOCK,1.0
TXN000545533,2024-01-05 10:00:00.000000,ACC005475,ACC010414,105731.52,0,COOLING,0.0
TXN000878443,2024-01-05 10:00:00.000000,ACC025208,ACC014374,114848.76,0,COOLING,0.0
TXN000057781,2024-01-05 10:00:00.000000,ACC024259,ACC004015,112341.81,0,COOLING,0.0
TXN000898673,2024-01-05 10:00:00.000000,ACC019211,ACC001286,149229.3,0,COOLING,0.0
TXN000623211,2024-01-05 10:00:00.000000,ACC025886,ACC016767,148528.86,0,COOLING,0.0
TXN000321061,2024-01-05 10:00:00.000000,ACC002477,ACC018252,134988.96,0,COOLING,0.0
TXN000707788,2024-01-05 10:00:00.000000,ACC022202,ACC022934,134671.24,0,COOLING,0.0
TXN000471248,2024-01-05 10:00:00.000000,ACC002511,ACC002938,148232.8,0,COOLING,0.0
TXN000347825,2024-01-05 10:00:00.000000,ACC024032,ACC018696,149682.39,0,COOLING,0.0
TXN000486407,2024-01-05 10:00:00.000000,ACC019023,ACC020713,124904.62,0,COOLING,0.0
TXN000234293,2024-01-05 10:00:00.000000,ACC002987,ACC002388,143575.79,0,COOLING,0.0
TXN000997924,2024-01-05 10:11:14.000000,ACC000184,ACC013602,42.76,0,BLOCK,1.0
TXN000988174,2024-01-05 10:35:29.000000,ACC001008,ACC026668,591.12,0,BLOCK,1.0
TXN000973302,2024-01-05 10:42:16.436257,ACC014268,ACC000545,11706.97,1,BLOCK,0.0
TXN000978865,2024-01-05 10:48:21.000000,ACC000167,ACC013516,283.25,0,BLOCK,1.0
TXN000968627,2024-01-05 11:00:00.000000,ACC019579,ACC000317,55361.41,0,BLOCK,0.0
TXN000224443,2024-01-05 11:00:00.000000,ACC023458,ACC009607,118748.39,0,COOLING,0.0
TXN000978855,2024-01-05 11:00:00.000000,ACC015530,ACC000836,20327.23,0,BLOCK,0.0
TXN000579073,2024-01-05 11:00:00.000000,ACC006195,ACC014779,144791.49,0,COOLING,0.0
TXN000746168,2024-01-05 11:00:00.000000,ACC004747,ACC017415,135142.12,0,COOLING,0.0
TXN000078188,2024-01-05 11:00:00.000000,ACC009363,ACC015113,105123.68,0,COOLING,0.0
TXN000996091,2024-01-05 11:00:00.000000,ACC008245,ACC000979,109070.79,0,BLOCK,0.0
TXN000895678,2024-01-05 11:00:00.000000,ACC021114,ACC022081,148287.37,0,COOLING,0.0
TXN000434053,2024-01-05 11:00:00.000000,ACC020652,ACC003212,148695.87,0,COOLING,0.0
TXN000984744,2024-01-05 11:00:00.000000,ACC025110,ACC000437,140871.45,0,BLOCK,0.0
TXN000720677,2024-01-05 11:00:00.000000,ACC024684,ACC017625,143240.66,0,COOLING,0.0
TXN000578566,2024-01-05 11:00:00.000000,ACC002374,ACC007800,107936.9,0,COOLING,0.0
TXN000071375,2024-01-05 11:00:00.000000,ACC012268,ACC006430,145045.1,0,COOLING,0.0
TXN000757873,2024-01-05 11:00:00.000000,ACC001824,ACC019944,129282.82,0,COOLING,0.0
TXN000151578,2024-01-05 11:00:00.000000,ACC023228,ACC001544,120744.4,0,COOLING,0.0
TXN000975222,2024-01-05 11:00:10.000000,ACC000763,ACC018920,1153.14,0,BLOCK,1.0
TXN000969289,2024-01-05 11:01:15.000000,ACC000767,ACC003253,82.51,0,BLOCK,1.0
TXN000959868,2024-01-05 11:11:48.830128,ACC000365,ACC000384,78278.42,1,BLOCK,1.0
TXN000973288,2024-01-05 11:18:59.268655,ACC017824,ACC000545,10258.8,1,BLOCK,0.0
TXN000973295,2024-01-05 11:23:09.676918,ACC004171,ACC000545,13184.23,1,BLOCK,0.0
TXN000967179,2024-01-05 11:24:38.000000,ACC000859,ACC005570,161.26,0,BLOCK,1.0
TXN000976375,2024-01-05 11:27:19.000000,ACC000980,ACC017423,2453.48,0,BLOCK,1.0
TXN000989750,2024-01-05 11:30:09.000000,ACC000062,ACC010306,224.77,0,BLOCK,1.0
TXN000975972,2024-01-05 11:30:43.000000,ACC001037,ACC003513,609.82,0,BLOCK,1.0
TXN000982714,2024-01-05 11:32:08.000000,ACC000423,ACC020014,663.01,0,BLOCK,1.0
TXN000961288,2024-01-05 11:34:26.000000,ACC000484,ACC024655,94.38,0,BLOCK,1.0
TXN000972001,2024-01-05 11:40:09.000000,ACC000255,ACC010224,736.07,0,BLOCK,1.0
TXN000970702,2024-01-05 11:40:13.377780,ACC000514,ACC021873,42221.37,0,BLOCK,1.0
TXN000990326,2024-01-05 11:41:08.142691,ACC000001,ACC004717,42842.07,1,BLOCK,1.0
TXN000991430,2024-01-05 11:45:31.000000,ACC000748,ACC005762,288.06,0,BLOCK,1.0
TXN000962556,2024-01-05 11:51:23.000000,ACC000034,ACC016217,3570.63,0,BLOCK,1.0
TXN000991877,2024-01-05 11:54:05.000000,ACC000996,ACC025667,544.3,0,BLOCK,1.0
TXN000973290,2024-01-05 11:54:50.142445,ACC005361,ACC000545,11328.44,1,BLOCK,0.0
TXN000995263,2024-01-05 11:57:02.000000,ACC000572,ACC006570,1488.37,0,BLOCK,1.0
TXN000989445,2024-01-05 11:58:27.000000,ACC000718,ACC003267,145.09,0,BLOCK,1.0
TXN000978857,2024-01-05 11:59:02.024810,ACC000836,ACC023643,10295.46,0,BLOCK,1.0
TXN000552846,2024-01-05 12:00:00.000000,ACC016563,ACC014467,130975.07,0,COOLING,0.0
TXN000860926,2024-01-05 12:00:00.000000,ACC011353,ACC019161,137461.38,0,COOLING,0.0
TXN000440720,2024-01-05 12:00:00.000000,ACC022217,ACC004335,119008.24,0,COOLING,0.0
TXN000883455,2024-01-05 12:00:00.000000,ACC014289,ACC003150,113545.38,0,COOLING,0.0
TXN000591524,2024-01-05 12:00:00.000000,ACC021963,ACC011056,105376.09,0,COOLING,0.0
TXN000975037,2024-01-05 12:08:57.503613,ACC000459,ACC017469,79145.16,1,BLOCK,1.0
TXN000966257,2024-01-05 12:13:46.000000,ACC000827,ACC019218,374.32,0,BLOCK,1.0
TXN000392936,2024-01-05 12:13:46.000000,ACC014430,ACC015964,100000.0,0,COOLING,0.0
TXN000993507,2024-01-05 12:13:48.000000,ACC000885,ACC017741,1066.91,0,BLOCK,1.0
TXN000958980,2024-01-05 12:24:20.000000,ACC000343,ACC014052,422.53,0,BLOCK,1.0
TXN000966474,2024-01-05 12:27:07.000000,ACC000163,ACC005290,1036.19,0,BLOCK,1.0
TXN000979381,2024-01-05 12:28:34.000000,ACC001074,ACC005465,180.08,0,BLOCK,1.0
TXN000990329,2024-01-05 12:30:00.847997,ACC000001,ACC004636,42779.91,1,BLOCK,1.0
TXN000990978,2024-01-05 12:31:20.000000,ACC000279,ACC016583,265.69,0,BLOCK,1.0
TXN000978856,2024-01-05 12:31:26.932298,ACC000836,ACC023643,11394.06,0,STEP_UP,1.0
TXN000973292,2024-01-05 12:32:16.678763,ACC004171,ACC000545,14235.07,1,BLOCK,0.0
TXN000969936,2024-01-05 12:33:32.000000,ACC000629,ACC022308,852.29,0,BLOCK,1.0
TXN000990328,2024-01-05 12:36:47.994719,ACC000001,ACC004395,42926.34,1,BLOCK,1.0
TXN000977476,2024-01-05 12:38:28.000000,ACC000089,ACC014898,2167.1,0,BLOCK,1.0
TXN000995095,2024-01-05 12:40:30.000000,ACC000498,ACC018685,19539.43,0,BLOCK,1.0
TXN000969722,2024-01-05 12:41:43.000000,ACC000953,ACC004908,1768.45,0,BLOCK,1.0
TXN000985468,2024-01-05 12:43:52.000000,ACC000830,ACC008901,170.41,0,BLOCK,1.0
TXN000996092,2024-01-05 12:48:09.504701,ACC000979,ACC007003,54023.71,0,BLOCK,1.0
TXN000967227,2024-01-05 12:48:42.000000,ACC000491,ACC005566,9716.33,0,BLOCK,1.0
TXN000984261,2024-01-05 12:51:40.000000,ACC000841,ACC024749,175.75,0,BLOCK,1.0
TXN000972044,2024-01-05 12:56:15.000000,ACC000390,ACC003035,208.92,0,BLOCK,1.0
TXN000690782,2024-01-05 13:00:00.000000,ACC011067,ACC025771,120398.29,0,COOLING,0.0
TXN000499911,2024-01-05 13:00:00.000000,ACC017145,ACC004192,130105.54,0,COOLING,0.0
TXN000348833,2024-01-05 13:00:00.000000,ACC018936,ACC026771,106871.53,0,COOLING,0.0
TXN000805483,2024-01-05 13:00:00.000000,ACC001889,ACC011178,114133.53,0,COOLING,0.0
TXN000432883,2024-01-05 13:00:00.000000,ACC001124,ACC008673,105834.19,0,COOLING,0.0
TXN000687166,2024-01-05 13:00:00.000000,ACC019408,ACC026347,135231.26,0,COOLING,0.0
TXN000990327,2024-01-05 13:04:10.747463,ACC000001,ACC004636,42985.42,1,BLOCK,1.0
TXN000965113,2024-01-05 13:11:50.000000,ACC000686,ACC002786,623.95,0,BLOCK,1.0
TXN000987588,2024-01-05 13:12:07.000000,ACC000975,ACC008922,2654.31,0,BLOCK,1.0
TXN000975662,2024-01-05 13:12:50.031681,ACC000561,ACC004350,44831.13,1,BLOCK,1.0
TXN000960011,2024-01-05 13:14:01.000000,ACC000918,ACC011079,457.37,0,BLOCK,1.0
TXN000979458,2024-01-05 13:22:30.000000,ACC000368,ACC015158,149.07,0,BLOCK,1.0
TXN000980807,2024-01-05 13:22:51.000000,ACC000146,ACC013140,286.98,0,BLOCK,1.0
TXN000988329,2024-01-05 13:23:12.000000,ACC000143,ACC001217,334.82,0,BLOCK,1.0
TXN000962668,2024-01-05 13:26:43.000000,ACC000191,ACC020399,2594.1,0,BLOCK,1.0
TXN000990348,2024-01-05 13:28:27.000000,ACC000054,ACC003022,156.89,0,BLOCK,1.0
TXN000973203,2024-01-05 13:29:56.000000,ACC000408,ACC025575,351.71,0,BLOCK,1.0
TXN000991412,2024-01-05 13:30:57.991202,ACC000118,ACC000699,44020.6,1,BLOCK,1.0
TXN000970290,2024-01-05 13:38:59.000000,ACC000706,ACC005627,664.81,0,BLOCK,1.0
TXN000982680,2024-01-05 13:46:46.065500,ACC000899,ACC007497,33802.6,1,BLOCK,1.0
TXN000987092,2024-01-05 13:51:32.000000,ACC000327,ACC019340,10368.97,0,BLOCK,1.0
TXN000157949,2024-01-05 14:00:00.000000,ACC005435,ACC009209,126120.2,0,COOLING,0.0
TXN000189866,2024-01-05 14:00:00.000000,ACC015038,ACC013235,104660.87,0,COOLING,0.0
TXN000139925,2024-01-05 14:00:00.000000,ACC012409,ACC014371,135805.57,0,COOLING,0.0
TXN000748965,2024-01-05 14:00:00.000000,ACC025656,ACC015882,147527.41,0,COOLING,0.0
TXN000238461,2024-01-05 14:00:00.000000,ACC008894,ACC018669,147369.2,0,COOLING,0.0
TXN000854966,2024-01-05 14:00:00.000000,ACC024887,ACC024348,107808.2,0,COOLING,0.0
TXN000767921,2024-01-05 14:00:00.000000,ACC023373,ACC022199,120339.03,0,COOLING,0.0
TXN000954090,2024-01-05 14:00:00.000000,ACC002438,ACC026314,124119.46,0,COOLING,0.0
TXN000354579,2024-01-05 14:00:00.000000,ACC001398,ACC018089,113617.32,0,COOLING,0.0
TXN000691831,2024-01-05 14:00:00.000000,ACC025983,ACC013188,126133.91,0,COOLING,0.0
TXN000992442,2024-01-05 14:00:00.000000,ACC009103,ACC000508,143884.6,0,BLOCK,0.0
TXN000594765,2024-01-05 14:00:00.000000,ACC012960,ACC012966,124812.35,0,COOLING,0.0
TXN000964282,2024-01-05 14:00:00.000000,ACC003749,ACC000310,36174.27,0,BLOCK,0.0
TXN000919366,2024-01-05 14:00:00.000000,ACC004247,ACC004533,127914.35,0,COOLING,0.0
TXN000977322,2024-01-05 14:01:57.000000,ACC000762,ACC016873,1002.36,0,BLOCK,1.0
TXN000985887,2024-01-05 14:02:35.000000,ACC000228,ACC011789,399.19,0,BLOCK,1.0
TXN000976558,2024-01-05 14:04:33.000000,ACC000668,ACC015376,1965.14,0,BLOCK,1.0
TXN000990613,2024-01-05 14:06:52.479118,ACC000888,ACC000529,73864.73,1,BLOCK,1.0
TXN000978983,2024-01-05 14:09:54.000000,ACC000477,ACC015070,900.03,0,BLOCK,1.0
TXN000983824,2024-01-05 14:15:01.000000,ACC000364,ACC026605,4412.0,0,BLOCK,1.0
TXN000988749,2024-01-05 14:16:58.000000,ACC000955,ACC005081,1061.8,0,BLOCK,1.0
TXN000982077,2024-01-05 14:23:56.000000,ACC000950,ACC005393,750.37,0,BLOCK,1.0
TXN000969864,2024-01-05 14:33:29.000000,ACC000288,ACC026791,839.45,0,BLOCK,1.0
TXN000996186,2024-01-05 14:34:48.000000,ACC000786,ACC002659,424.58,0,BLOCK,1.0
TXN000994327,2024-01-05 14:46:35.000000,ACC000912,ACC014339,875.78,0,BLOCK,1.0
TXN000983169,2024-01-05 14:47:19.000000,ACC000691,ACC016328,23.96,0,BLOCK,1.0
TXN000973307,2024-01-05 14:48:31.820991,ACC000545,ACC019704,193828.1,1,BLOCK,1.0
TXN000975189,2024-01-05 14:49:08.000000,ACC000129,ACC011430,978.09,0,BLOCK,1.0
TXN000977464,2024-01-05 14:50:10.000000,ACC000089,ACC005276,2154.58,0,BLOCK,1.0
TXN000983969,2024-01-05 14:54:49.000000,ACC000916,ACC007808,1185.89,0,BLOCK,1.0
TXN000795783,2024-01-05 15:00:00.000000,ACC013276,ACC024246,129558.93,0,COOLING,0.0
TXN000663621,2024-01-05 15:00:00.000000,ACC002166,ACC002755,104760.69,0,COOLING,0.0
TXN000361791,2024-01-05 15:00:00.000000,ACC011502,ACC012506,115876.36,0,COOLING,0.0
TXN000712340,2024-01-05 15:00:00.000000,ACC001911,ACC022005,121983.42,0,COOLING,0.0
TXN000200874,2024-01-05 15:00:00.000000,ACC007015,ACC023402,111867.05,0,COOLING,0.0
TXN000830765,2024-01-05 15:00:00.000000,ACC004624,ACC007828,104447.33,0,COOLING,0.0
TXN000721567,2024-01-05 15:00:00.000000,ACC011738,ACC005352,126000.03,0,COOLING,0.0
TXN000968770,2024-01-05 15:00:00.000000,ACC024207,ACC000032,85491.96,0,BLOCK,0.0
TXN000984745,2024-01-05 15:05:33.307465,ACC000437,ACC008263,53223.48,0,BLOCK,1.0
TXN000996093,2024-01-05 15:06:05.246430,ACC000979,ACC003349,64427.07,0,BLOCK,1.0
TXN000966534,2024-01-05 15:13:26.000000,ACC000256,ACC009099,572.76,0,BLOCK,1.0
TXN000981886,2024-01-05 15:15:04.000000,ACC000301,ACC015387,133.81,0,BLOCK,1.0
TXN000979059,2024-01-05 15:16:10.000000,ACC000796,ACC024529,292.39,0,BLOCK,1.0
TXN000992444,2024-01-05 15:19:01.236515,ACC000508,ACC011798,58853.76,0,BLOCK,1.0
TXN000976083,2024-01-05 15:25:01.000000,ACC000268,ACC001223,866.98,0,BLOCK,1.0
TXN000142333,2024-01-05 15:25:08.000000,ACC020668,ACC025625,100000.0,0,COOLING,0.0
TXN000987494,2024-01-05 15:31:27.000000,ACC000960,ACC012675,425.89,0,BLOCK,1.0
TXN000991917,2024-01-05 15:32:52.000000,ACC000414,ACC016390,1545.93,0,BLOCK,1.0
TXN000982677,2024-01-05 15:37:39.443057,ACC000560,ACC000899,97760.23,1,BLOCK,1.0
TXN000991178,2024-01-05 15:37:50.000000,ACC000865,ACC004677,1903.97,0,BLOCK,1.0
TXN000975663,2024-01-05 15:40:38.943619,ACC000561,ACC004310,44906.18,1,BLOCK,1.0
TXN000978445,2024-01-05 15:40:57.000000,ACC000887,ACC016880,1635.06,0,BLOCK,1.0
TXN000985648,2024-01-05 15:41:08.000000,ACC000280,ACC010642,122.44,0,BLOCK,1.0
TXN000994437,2024-01-05 15:47:01.000000,ACC000673,ACC016384,1255.54,0,BLOCK,1.0
TXN000989200,2024-01-05 15:47:15.000000,ACC000634,ACC021945,719.54,0,BLOCK,1.0
TXN000998470,2024-01-05 15:48:25.000000,ACC000531,ACC026217,249.04,0,BLOCK,1.0
TXN000987733,2024-01-05 15:50:49.028540,ACC001065,ACC004140,94963.04,1,BLOCK,1.0
TXN000997556,2024-01-05 15:51:56.333775,ACC014688,ACC000375,11961.44,1,BLOCK,0.0
TXN000973024,2024-01-05 15:52:07.276930,ACC000636,ACC005208,45974.65,1,BLOCK,1.0
TXN000462280,2024-01-05 16:00:00.000000,ACC014206,ACC005066,130704.22,0,COOLING,0.0
TXN000588568,2024-01-05 16:00:00.000000,ACC019226,ACC011607,131631.65,0,COOLING,0.0
TXN000248134,2024-01-05 16:00:00.000000,ACC024159,ACC001825,103465.2,0,COOLING,0.0
TXN000546624,2024-01-05 16:00:00.000000,ACC020773,ACC009115,116891.96,0,COOLING,0.0
TXN000293634,2024-01-05 16:00:00.000000,ACC010988,ACC009990,111754.74,0,COOLING,0.0
TXN000779958,2024-01-05 16:00:00.000000,ACC014831,ACC013714,102837.58,0,COOLING,0.0
TXN000968772,2024-01-05 16:02:24.362123,ACC000032,ACC022810,25007.83,0,BLOCK,1.0
TXN000973301,2024-01-05 16:05:16.828333,ACC020386,ACC000545,13685.97,1,BLOCK,0.0
TXN000993643,2024-01-05 16:09:07.000000,ACC000480,ACC012106,1223.65,0,BLOCK,1.0
TXN000975040,2024-01-05 16:10:03.927972,ACC000493,ACC000459,10983.5,1,BLOCK,1.0
TXN000976297,2024-01-05 16:11:26.030546,ACC000197,ACC000249,78899.88,1,BLOCK,1.0
TXN000990330,2024-01-05 16:20:34.861770,ACC000001,ACC023442,43001.42,1,BLOCK,1.0
TXN000985081,2024-01-05 16:23:50.000000,ACC000576,ACC002643,237.13,0,BLOCK,1.0
TXN000993304,2024-01-05 16:25:06.000000,ACC001061,ACC004371,1051.3,0,BLOCK,1.0
TXN000964559,2024-01-05 16:35:26.000000,ACC000019,ACC005640,241.37,0,BLOCK,1.0
TXN000961943,2024-01-05 16:40:52.000000,ACC000397,ACC005334,412.93,0,BLOCK,1.0
TXN000977698,2024-01-05 16:49:44.000000,ACC000581,ACC015283,1588.53,0,BLOCK,1.0
TXN000996349,2024-01-05 16:57:05.000000,ACC000835,ACC022640,46.78,0,BLOCK,1.0
TXN000649729,2024-01-05 17:00:00.000000,ACC022395,ACC019927,146798.69,0,COOLING,0.0
TXN000330753,2024-01-05 17:00:00.000000,ACC004820,ACC017335,128148.55,0,COOLING,0.0
TXN000259745,2024-01-05 17:00:00.000000,ACC002422,ACC006654,128745.73,0,COOLING,0.0
TXN000776221,2024-01-05 17:00:00.000000,ACC009330,ACC002216,130423.55,0,COOLING,0.0
TXN000997397,2024-01-05 17:00:00.000000,ACC021366,ACC000972,24665.48,0,BLOCK,0.0
TXN000983973,2024-01-05 17:01:15.000000,ACC000916,ACC004657,3490.29,0,BLOCK,1.0
TXN000975141,2024-01-05 17:09:10.000000,ACC000447,ACC003475,342.79,0,BLOCK,1.0
TXN000976193,2024-01-05 17:15:07.000000,ACC000939,ACC006547,2641.41,0,BLOCK,1.0
TXN000959706,2024-01-05 17:19:36.000000,ACC001023,ACC010973,3533.17,0,BLOCK,1.0
TXN000969353,2024-01-05 17:22:03.000000,ACC000287,ACC003448,552.45,0,BLOCK,1.0
TXN000978858,2024-01-05 17:23:32.554704,ACC000836,ACC004899,8359.31,0,BLOCK,1.0
TXN000982359,2024-01-05 17:36:09.413757,ACC000438,ACC000598,85689.26,1,BLOCK,1.0
TXN000969565,2024-01-05 17:40:38.000000,ACC000663,ACC011333,4764.43,0,BLOCK,1.0
TXN000987893,2024-01-05 17:47:59.000000,ACC000258,ACC007626,203.85,0,BLOCK,1.0
TXN000328023,2024-01-05 17:53:29.000000,ACC007055,ACC009234,100000.0,0,COOLING,0.0
TXN000458756,2024-01-05 18:00:00.000000,ACC011824,ACC009404,131881.44,0,COOLING,0.0
TXN000016771,2024-01-05 18:00:00.000000,ACC017833,ACC011671,109823.77,0,COOLING,0.0
TXN000983840,2024-01-05 18:00:00.000000,ACC026605,ACC000364,45705.78,0,BLOCK,0.0
TXN000231442,2024-01-05 18:00:00.000000,ACC005852,ACC009379,130333.37,0,COOLING,0.0
TXN000212056,2024-01-05 18:00:00.000000,ACC012248,ACC022144,140485.11,0,COOLING,0.0
TXN000478800,2024-01-05 18:00:00.000000,ACC018295,ACC004980,145325.03,0,COOLING,0.0
TXN000039081,2024-01-05 18:00:00.000000,ACC025319,ACC009011,138590.67,0,COOLING,0.0
TXN000110591,2024-01-05 18:00:00.000000,ACC015840,ACC025758,128423.24,0,COOLING,0.0
TXN000796121,2024-01-05 18:00:00.000000,ACC016675,ACC021143,113381.03,0,COOLING,0.0
TXN000133176,2024-01-05 18:00:00.000000,ACC001248,ACC020726,118171.91,0,COOLING,0.0
TXN000240793,2024-01-05 18:00:00.000000,ACC017726,ACC009132,122178.13,0,COOLING,0.0
TXN000725896,2024-01-05 18:00:00.000000,ACC002989,ACC022363,146519.86,0,COOLING,0.0
TXN001000227,2024-01-05 18:01:01.000000,ACC000042,ACC011899,254.29,0,BLOCK,1.0
TXN000959495,2024-01-05 18:15:24.000000,ACC001033,ACC015479,389.38,0,BLOCK,1.0
TXN000980499,2024-01-05 18:16:19.000000,ACC000983,ACC017059,325.32,0,BLOCK,1.0
TXN000992443,2024-01-05 18:26:24.227846,ACC000508,ACC003977,43698.7,0,BLOCK,1.0
TXN000996512,2024-01-05 18:28:05.000000,ACC000429,ACC004811,145.29,0,BLOCK,1.0
TXN000997567,2024-01-05 18:32:23.139447,ACC024331,ACC000375,11609.58,1,BLOCK,0.0
TXN000971157,2024-01-05 18:50:16.533631,ACC000989,ACC000994,30789.01,1,BLOCK,1.0
TXN000975665,2024-01-05 19:04:21.199095,ACC000561,ACC016555,44808.18,1,BLOCK,1.0
TXN000986321,2024-01-05 19:07:38.000000,ACC000165,ACC007082,15940.05,0,BLOCK,1.0
TXN000996612,2024-01-05 19:10:05.000000,ACC000113,ACC006465,487.01,0,BLOCK,1.0
TXN000975668,2024-01-05 19:10:39.607578,ACC000561,ACC026473,44814.38,1,BLOCK,1.0
TXN000973294,2024-01-05 19:30:53.806290,ACC023126,ACC000545,12206.97,1,BLOCK,0.0
TXN000979440,2024-01-05 19:32:39.227873,ACC000200,ACC011337,136514.71,1,BLOCK,1.0
TXN000971162,2024-01-05 19:45:42.839359,ACC000994,ACC013343,58457.8,1,BLOCK,1.0
TXN000968628,2024-01-05 19:48:57.582768,ACC000317,ACC019579,19430.22,0,BLOCK,1.0
TXN000966727,2024-01-05 19:52:01.544963,ACC000683,ACC000354,81767.16,1,BLOCK,1.0
TXN000971158,2024-01-05 20:01:23.485609,ACC000994,ACC013343,29586.06,1,BLOCK,1.0
TXN000976300,2024-01-05 20:11:51.391086,ACC000249,ACC014279,15891.72,1,STEP_UP,1.0
TXN000997610,2024-01-05 21:11:31.000000,ACC001076,ACC016517,1889.69,0,BLOCK,1.0
TXN000966585,2024-01-05 21:21:52.573876,ACC000426,ACC000244,10263.84,1,BLOCK,1.0
TXN000990615,2024-01-05 21:29:59.706054,ACC000888,ACC000529,29439.99,1,BLOCK,1.0
TXN000968771,2024-01-05 21:32:04.656739,ACC000032,ACC006005,48258.28,0,BLOCK,1.0
TXN000992966,2024-01-05 21:34:02.411167,ACC000434,ACC004490,56594.11,1,BLOCK,1.0
TXN000964284,2024-01-05 21:52:11.846091,ACC000310,ACC023574,11582.73,0,BLOCK,1.0
TXN000980421,2024-01-05 21:56:20.000000,ACC000940,ACC019920,884.79,0,BLOCK,1.0
TXN000997399,2024-01-05 22:05:18.239496,ACC000972,ACC017921,12456.34,0,BLOCK,1.0
TXN000979441,2024-01-05 22:17:54.723972,ACC000200,ACC011337,74455.74,1,BLOCK,1.0
TXN000976298,2024-01-05 22:39:10.288794,ACC000249,ACC014279,76876.99,1,BLOCK,1.0
TXN000988143,2024-01-05 22:39:26.574213,ACC000761,ACC000519,94030.15,1,BLOCK,1.0
TXN000968230,2024-01-05 22:42:56.780653,ACC000919,ACC000644,50794.7,1,BLOCK,1.0
TXN000968228,2024-01-05 22:55:43.331223,ACC000919,ACC000644,27865.85,1,BLOCK,1.0
TXN000997562,2024-01-05 23:10:34.949420,ACC019121,ACC000375,10446.54,1,BLOCK,0.0
TXN000976767,2024-01-05 23:30:54.425320,ACC000325,ACC005625,110344.5,1,BLOCK,1.0
TXN000990334,2024-01-05 23:40:27.301277,ACC000001,ACC011212,42920.81,1,BLOCK,1.0
TXN000991211,2024-01-05 23:50:10.787393,ACC000865,ACC002253,151932.86,1,BLOCK,1.0
TXN000997571,2024-01-05 23:58:54.096492,ACC011301,ACC000375,12758.27,1,BLOCK,0.0
TXN000997000,2024-01-06 00:00:00.000000,ACC000182,ACC000801,91356.01,1,BLOCK,1.0
TXN000989205,2024-01-06 00:00:00.000000,ACC000152,ACC000634,80454.47,1,BLOCK,1.0
TXN000993734,2024-01-06 00:00:00.000000,ACC000626,ACC004416,44238.52,1,BLOCK,1.0
TXN000993400,2024-01-06 00:00:00.000000,ACC000057,ACC000789,97925.11,1,BLOCK,1.0
TXN000978542,2024-01-06 00:00:00.000000,ACC000414,ACC001059,65424.03,1,BLOCK,1.0
TXN000973450,2024-01-06 00:00:00.000000,ACC000876,ACC007257,45525.59,1,BLOCK,1.0
TXN000990191,2024-01-06 00:00:00.000000,ACC000772,ACC001055,150349.08,1,BLOCK,1.0
TXN000999211,2024-01-06 00:00:00.000000,ACC000746,ACC014432,40531.22,1,BLOCK,1.0
TXN000967852,2024-01-06 00:00:00.000000,ACC000801,ACC016526,45769.8,1,BLOCK,1.0
TXN000997830,2024-01-06 00:00:00.000000,ACC000281,ACC015236,44704.83,1,BLOCK,1.0
TXN000996266,2024-01-06 00:00:00.000000,ACC000681,ACC015309,44832.74,1,BLOCK,1.0
TXN000986181,2024-01-06 00:00:00.000000,ACC000779,ACC000409,29459.87,1,BLOCK,1.0
TXN000984870,2024-01-06 00:00:00.000000,ACC000441,ACC025858,45487.87,1,BLOCK,1.0
TXN000976039,2024-01-06 00:00:00.000000,ACC000282,ACC000084,34350.16,1,BLOCK,1.0
TXN000983588,2024-01-06 00:00:00.000000,ACC000379,ACC000904,88024.35,1,BLOCK,1.0
TXN000983114,2024-01-06 00:03:31.711155,ACC000919,ACC020167,20242.64,0,BLOCK,1.0
TXN000965601,2024-01-06 00:17:39.000000,ACC000977,ACC007971,1462.2,0,BLOCK,1.0
TXN000966616,2024-01-06 00:20:55.000000,ACC000438,ACC023187,479.74,0,BLOCK,1.0
TXN000993276,2024-01-06 00:35:22.000000,ACC000981,ACC024157,721.42,0,BLOCK,1.0
TXN000996094,2024-01-06 00:35:53.765855,ACC000979,ACC007003,30849.06,0,BLOCK,1.0
TXN000998312,2024-01-06 00:45:43.185744,ACC003210,ACC000930,10875.79,1,BLOCK,0.0
TXN000996267,2024-01-06 00:49:59.774766,ACC000681,ACC018171,44830.94,1,BLOCK,1.0
TXN000964283,2024-01-06 00:53:19.998155,ACC000310,ACC002207,18919.25,0,BLOCK,1.0
TXN000990614,2024-01-06 00:59:45.950034,ACC000529,ACC023331,67396.47,1,BLOCK,1.0
TXN000998308,2024-01-06 00:59:58.020950,ACC013822,ACC000930,10563.45,1,BLOCK,0.0
TXN000959869,2024-01-06 01:18:41.685087,ACC000384,ACC019494,74004.44,1,BLOCK,1.0
TXN000973452,2024-01-06 01:26:15.015927,ACC000876,ACC003202,45445.6,1,BLOCK,1.0
TXN000973026,2024-01-06 01:41:27.426889,ACC000636,ACC024917,46103.97,1,BLOCK,1.0
TXN000975670,2024-01-06 01:47:14.867427,ACC000561,ACC011995,44939.36,1,BLOCK,1.0
TXN000997831,2024-01-06 01:50:40.913363,ACC000281,ACC007993,44607.38,1,BLOCK,1.0
TXN000968233,2024-01-06 01:54:33.701865,ACC000644,ACC011072,90513.33,1,BLOCK,1.0
TXN000966728,2024-01-06 02:03:14.045908,ACC000354,ACC017427,75463.14,1,BLOCK,1.0
TXN000997832,2024-01-06 02:11:42.876523,ACC000281,ACC020275,44711.73,1,BLOCK,1.0
TXN000961498,2024-01-06 02:15:56.834340,ACC010445,ACC000455,10061.45,1,BLOCK,0.0
TXN000981061,2024-01-06 02:17:32.000000,ACC000594,ACC022866,1175.83,0,STEP_UP,1.0
TXN000975669,2024-01-06 02:23:16.425249,ACC000561,ACC004533,44844.62,1,BLOCK,1.0
TXN000982360,2024-01-06 02:24:14.120636,ACC000598,ACC000822,83118.58,1,BLOCK,1.0
TXN000993735,2024-01-06 02:30:31.404483,ACC000626,ACC015830,44427.34,1,BLOCK,1.0
TXN000968773,2024-01-06 02:39:39.157911,ACC000032,ACC023444,57585.17,0,BLOCK,1.0
TXN000984871,2024-01-06 02:42:52.349186,ACC000441,ACC022104,45439.94,1,BLOCK,1.0
TXN000973029,2024-01-06 02:50:37.220839,ACC000636,ACC023047,45874.16,1,BLOCK,1.0
TXN000999214,2024-01-06 02:54:01.044266,ACC000746,ACC003376,40548.51,1,BLOCK,1.0
TXN000973451,2024-01-06 03:06:24.071669,ACC000876,ACC003202,45593.14,1,BLOCK,1.0
TXN000993736,2024-01-06 03:09:36.318980,ACC000626,ACC021680,44479.62,1,BLOCK,1.0
TXN000999215,2024-01-06 03:10:18.151798,ACC000746,ACC021871,40617.44,1,BLOCK,1.0
TXN000990350,2024-01-06 03:20:31.000000,ACC000054,ACC024617,1578.19,0,BLOCK,1.0
TXN000961495,2024-01-06 03:21:19.051543,ACC024994,ACC000455,12012.16,1,BLOCK,0.0
TXN000973454,2024-01-06 03:25:07.194874,ACC000876,ACC010647,45608.94,1,BLOCK,1.0
TXN000998320,2024-01-06 03:25:19.932278,ACC000930,ACC006128,142087.73,1,BLOCK,1.0
TXN000983113,2024-01-06 03:27:39.113076,ACC000919,ACC021031,37737.88,0,BLOCK,1.0
TXN000961506,2024-01-06 03:28:05.981527,ACC000455,ACC008447,169440.12,1,BLOCK,1.0
TXN000967856,2024-01-06 03:35:22.628198,ACC000801,ACC008944,45872.0,1,BLOCK,1.0
TXN000973028,2024-01-06 03:35:58.990574,ACC000636,ACC005208,45836.09,1,BLOCK,1.0
TXN000967853,2024-01-06 03:37:11.685884,ACC000801,ACC018423,46026.89,1,BLOCK,1.0
TXN000998313,2024-01-06 03:41:18.218783,ACC025467,ACC000930,12149.08,1,BLOCK,0.0
TXN000998306,2024-01-06 03:43:17.262223,ACC012542,ACC000930,14655.9,1,BLOCK,0.0
TXN000999212,2024-01-06 03:45:35.943445,ACC000746,ACC012329,40505.09,1,BLOCK,1.0
TXN000989206,2024-01-06 04:16:59.987030,ACC000634,ACC020856,79417.52,1,BLOCK,1.0
TXN000973453,2024-01-06 04:17:57.640919,ACC000876,ACC026979,45795.04,1,BLOCK,1.0
TXN000978543,2024-01-06 04:18:01.714904,ACC001059,ACC023368,63786.2,1,BLOCK,1.0
TXN000968629,2024-01-06 04:29:40.447878,ACC000317,ACC008492,25283.02,0,BLOCK,1.0
TXN000967854,2024-01-06 04:31:27.766351,ACC000801,ACC020376,46131.9,1,BLOCK,1.0
TXN000973458,2024-01-06 04:35:35.089797,ACC000876,ACC022666,45725.37,1,BLOCK,1.0
TXN000997573,2024-01-06 04:36:40.310608,ACC000375,ACC023372,56938.64,1,BLOCK,1.0
TXN000999213,2024-01-06 04:41:06.699992,ACC000746,ACC016034,40280.23,1,BLOCK,1.0
TXN000989241,2024-01-06 04:47:33.000000,ACC000799,ACC026803,1527.95,0,BLOCK,1.0
TXN000996268,2024-01-06 04:48:27.208945,ACC000681,ACC003775,44749.11,1,BLOCK,1.0
TXN000968231,2024-01-06 04:50:38.084625,ACC000644,ACC011072,46886.31,1,BLOCK,1.0
TXN000984873,2024-01-06 05:03:12.520213,ACC000441,ACC017513,45303.07,1,BLOCK,1.0
TXN000974526,2024-01-06 05:11:31.488763,ACC003244,ACC000220,11775.25,1,BLOCK,0.0
TXN000961490,2024-01-06 05:18:05.065596,ACC026861,ACC000455,12296.47,1,BLOCK,0.0
TXN000998311,2024-01-06 05:26:57.308941,ACC022649,ACC000930,12741.07,1,BLOCK,0.0
TXN000973030,2024-01-06 05:38:53.718065,ACC000636,ACC023047,46043.82,1,BLOCK,1.0
TXN000975041,2024-01-06 05:39:37.608758,ACC000459,ACC017469,10152.74,1,STEP_UP,1.0
TXN000965711,2024-01-06 05:42:16.000000,ACC000872,ACC015120,566.48,0,BLOCK,1.0
TXN000984872,2024-01-06 05:46:56.084049,ACC000441,ACC010274,45249.81,1,BLOCK,1.0
TXN000974525,2024-01-06 05:47:53.791860,ACC010185,ACC000220,11699.37,1,BLOCK,0.0
TXN000961492,2024-01-06 05:51:34.653817,ACC018157,ACC000455,11734.73,1,BLOCK,0.0
TXN000983841,2024-01-06 05:53:20.552052,ACC000364,ACC007846,16242.19,0,BLOCK,1.0
TXN000990331,2024-01-06 05:57:37.785836,ACC000001,ACC007196,42825.03,1,BLOCK,1.0
TXN000998315,2024-01-06 06:14:56.674593,ACC022649,ACC000930,13303.52,1,BLOCK,0.0
TXN000999216,2024-01-06 06:53:35.908271,ACC000746,ACC014432,40494.57,1,BLOCK,1.0
TXN000993553,2024-01-06 07:05:33.000000,ACC000418,ACC008270,1160.67,0,BLOCK,1.0
TXN000993740,2024-01-06 07:07:11.505006,ACC000626,ACC008837,44444.03,1,BLOCK,1.0
TXN000997833,2024-01-06 07:09:41.258333,ACC000281,ACC007993,44557.11,1,BLOCK,1.0
TXN000971636,2024-01-06 07:14:07.000000,ACC000567,ACC025736,1144.79,0,BLOCK,1.0
TXN000982065,2024-01-06 07:14:19.000000,ACC000950,ACC010453,849.19,0,BLOCK,1.0
TXN000998309,2024-01-06 07:23:33.515195,ACC002038,ACC000930,14680.14,1,BLOCK,0.0
TXN000978006,2024-01-06 07:26:55.000000,ACC000984,ACC026545,53.07,0,BLOCK,1.0
TXN000998318,2024-01-06 07:27:52.797177,ACC003210,ACC000930,13621.32,1,BLOCK,0.0
TXN000992653,2024-01-06 07:33:11.000000,ACC001043,ACC024522,5771.3,0,BLOCK,1.0
TXN000973640,2024-01-06 07:34:55.000000,ACC000742,ACC007018,866.02,0,BLOCK,1.0
TXN000990192,2024-01-06 07:39:41.625778,ACC001055,ACC000529,145838.6,1,BLOCK,1.0
TXN000993739,2024-01-06 07:39:48.943247,ACC000626,ACC009024,44321.73,1,BLOCK,1.0
TXN000966280,2024-01-06 07:39:49.000000,ACC000827,ACC013635,8107.14,0,BLOCK,1.0
TXN000968146,2024-01-06 07:41:17.000000,ACC000345,ACC019645,7914.57,0,BLOCK,1.0
TXN000986182,2024-01-06 07:42:06.349121,ACC000409,ACC011811,27224.29,1,BLOCK,1.0
TXN000993422,2024-01-06 07:44:44.000000,ACC001021,ACC010751,1746.12,0,BLOCK,1.0
TXN000993741,2024-01-06 07:46:52.892540,ACC000626,ACC009024,44223.41,1,BLOCK,1.0
TXN000990360,2024-01-06 07:48:30.000000,ACC000054,ACC023435,2236.72,0,BLOCK,1.0
TXN000982901,2024-01-06 07:56:23.000000,ACC000862,ACC015663,4658.52,0,BLOCK,1.0
TXN000929086,2024-01-06 08:00:00.000000,ACC009858,ACC008313,143597.95,0,COOLING,0.0
TXN000264974,2024-01-06 08:00:00.000000,ACC018091,ACC002150,137438.96,0,COOLING,0.0
TXN000656616,2024-01-06 08:00:00.000000,ACC003233,ACC017134,123657.27,0,COOLING,0.0
TXN000023207,2024-01-06 08:00:00.000000,ACC026345,ACC005499,121007.33,0,COOLING,0.0
TXN000992945,2024-01-06 08:02:00.000000,ACC000434,ACC026921,8911.37,0,BLOCK,1.0
TXN000984905,2024-01-06 08:02:45.000000,ACC000652,ACC008216,173.15,0,BLOCK,1.0
TXN000959577,2024-01-06 08:04:22.000000,ACC000242,ACC011546,261.9,0,BLOCK,1.0
TXN000991413,2024-01-06 08:05:03.249675,ACC000699,ACC010489,41208.89,1,BLOCK,1.0
TXN000996269,2024-01-06 08:14:05.704831,ACC000681,ACC018171,44706.76,1,BLOCK,1.0
TXN000996257,2024-01-06 08:22:12.000000,ACC000681,ACC012360,4697.3,0,BLOCK,1.0
TXN000969316,2024-01-06 08:31:34.000000,ACC000616,ACC005298,214.8,0,BLOCK,1.0
TXN000991132,2024-01-06 08:53:50.000000,ACC000935,ACC018853,443.08,0,BLOCK,1.0
TXN000961505,2024-01-06 08:54:30.387621,ACC026127,ACC000455,11935.63,1,BLOCK,0.0
TXN000997398,2024-01-06 08:54:51.262362,ACC000972,ACC012803,10856.04,0,BLOCK,1.0
TXN000985753,2024-01-06 09:00:00.000000,ACC010501,ACC000974,20516.39,0,BLOCK,0.0
TXN000332729,2024-01-06 09:00:00.000000,ACC022052,ACC004919,148590.49,0,COOLING,0.0
TXN000635340,2024-01-06 09:00:00.000000,ACC008810,ACC026944,135804.82,0,COOLING,0.0
TXN000607552,2024-01-06 09:00:00.000000,ACC009191,ACC017344,135812.37,0,COOLING,0.0
TXN000158913,2024-01-06 09:00:00.000000,ACC024650,ACC006772,125038.92,0,COOLING,0.0
TXN000100961,2024-01-06 09:00:00.000000,ACC006604,ACC003858,121689.56,0,COOLING,0.0
TXN000821308,2024-01-06 09:00:00.000000,ACC012731,ACC011444,131209.13,0,COOLING,0.0
TXN000999552,2024-01-06 09:00:00.000000,ACC017277,ACC000018,88117.75,0,BLOCK,0.0
TXN000580063,2024-01-06 09:00:00.000000,ACC022477,ACC010610,108960.81,0,COOLING,0.0
TXN000286349,2024-01-06 09:00:00.000000,ACC006696,ACC009817,119062.57,0,COOLING,0.0
TXN000835582,2024-01-06 09:00:00.000000,ACC016129,ACC008787,118455.57,0,COOLING,0.0
TXN000991999,2024-01-06 09:00:00.000000,ACC001661,ACC000739,42294.7,0,BLOCK,0.0
TXN000295801,2024-01-06 09:00:00.000000,ACC002292,ACC011366,145884.54,0,COOLING,0.0
TXN000997834,2024-01-06 09:07:35.506131,ACC000281,ACC016361,44724.77,1,BLOCK,1.0
TXN000996277,2024-01-06 09:12:37.360543,ACC000681,ACC015142,44628.95,1,BLOCK,1.0
TXN000981805,2024-01-06 09:16:53.000000,ACC000090,ACC023657,198.69,0,BLOCK,1.0
TXN000976040,2024-01-06 09:19:28.846538,ACC000084,ACC001009,33319.66,1,BLOCK,1.0
TXN000967858,2024-01-06 09:23:35.927177,ACC000801,ACC007838,45877.81,1,BLOCK,1.0
TXN000991734,2024-01-06 09:34:03.000000,ACC000349,ACC017561,1979.5,0,BLOCK,1.0
TXN000977513,2024-01-06 09:34:52.000000,ACC000309,ACC013873,253.11,0,BLOCK,1.0
TXN000978541,2024-01-06 09:43:12.000000,ACC001059,ACC007294,7766.57,0,BLOCK,1.0
TXN000990616,2024-01-06 09:46:07.122287,ACC000529,ACC023331,27014.61,1,BLOCK,1.0
TXN000610740,2024-01-06 10:00:00.000000,ACC005244,ACC003424,127269.75,0,COOLING,0.0
TXN000029501,2024-01-06 10:00:00.000000,ACC004776,ACC010914,130171.67,0,COOLING,0.0
TXN000072864,2024-01-06 10:00:00.000000,ACC013786,ACC014416,114723.98,0,COOLING,0.0
TXN000992955,2024-01-06 10:00:00.000000,ACC016446,ACC000434,116249.98,0,BLOCK,0.0
TXN000545067,2024-01-06 10:00:00.000000,ACC012245,ACC006456,148875.29,0,COOLING,0.0
TXN000730565,2024-01-06 10:00:00.000000,ACC007923,ACC007689,126892.81,0,COOLING,0.0
TXN000794596,2024-01-06 10:00:00.000000,ACC009757,ACC013077,130912.9,0,COOLING,0.0
TXN000946267,2024-01-06 10:00:00.000000,ACC004257,ACC009819,136539.3,0,COOLING,0.0
TXN000837018,2024-01-06 10:00:00.000000,ACC016282,ACC008368,113637.16,0,COOLING,0.0
TXN000960813,2024-01-06 10:00:00.000000,ACC009478,ACC000130,29632.41,0,BLOCK,0.0
TXN000563843,2024-01-06 10:00:00.000000,ACC017544,ACC023093,141752.57,0,COOLING,0.0
TXN000729206,2024-01-06 10:00:00.000000,ACC025862,ACC006435,130425.81,0,COOLING,0.0
TXN000587827,2024-01-06 10:00:00.000000,ACC013471,ACC002296,111567.08,0,COOLING,0.0
TXN000741638,2024-01-06 10:00:00.000000,ACC012240,ACC011795,136066.8,0,COOLING,0.0
TXN000858926,2024-01-06 10:00:00.000000,ACC025337,ACC006421,123286.95,0,COOLING,0.0
TXN000591329,2024-01-06 10:00:00.000000,ACC005621,ACC015954,143309.86,0,COOLING,0.0
TXN000728115,2024-01-06 10:00:00.000000,ACC026987,ACC021705,147096.49,0,COOLING,0.0
TXN000607302,2024-01-06 10:00:00.000000,ACC014137,ACC021019,114611.65,0,COOLING,0.0
TXN000926789,2024-01-06 10:00:00.000000,ACC019307,ACC021971,119825.13,0,COOLING,0.0
TXN000231131,2024-01-06 10:00:00.000000,ACC015877,ACC001440,110541.54,0,COOLING,0.0
TXN000967855,2024-01-06 10:02:01.783607,ACC000801,ACC003115,45878.2,1,BLOCK,1.0
TXN000991414,2024-01-06 10:05:40.480237,ACC000118,ACC000699,33709.89,1,BLOCK,1.0
TXN000962262,2024-01-06 10:12:36.000000,ACC000369,ACC006430,472.48,0,BLOCK,1.0
TXN000975046,2024-01-06 10:13:52.978876,ACC000493,ACC000459,77128.36,1,BLOCK,1.0
TXN000990732,2024-01-06 10:19:02.000000,ACC000126,ACC010829,242.8,0,BLOCK,1.0
TXN000993738,2024-01-06 10:22:07.313706,ACC000626,ACC009024,44193.97,1,BLOCK,1.0
TXN000997838,2024-01-06 10:25:03.188387,ACC000281,ACC015236,44550.51,1,BLOCK,1.0
TXN000964319,2024-01-06 10:25:20.000000,ACC000108,ACC025642,1786.92,0,BLOCK,1.0
TXN000979529,2024-01-06 10:36:49.000000,ACC000661,ACC023778,827.53,0,BLOCK,1.0
TXN000993746,2024-01-06 10:36:51.216534,ACC000626,ACC008837,44400.66,1,BLOCK,1.0
TXN000995651,2024-01-06 10:40:11.000000,ACC000812,ACC002816,102.41,0,BLOCK,1.0
TXN000997001,2024-01-06 10:41:08.800773,ACC000801,ACC000995,88615.33,1,BLOCK,1.0
TXN000961484,2024-01-06 10:46:30.048305,ACC010104,ACC000455,11992.15,1,BLOCK,0.0
TXN000908702,2024-01-06 11:00:00.000000,ACC022637,ACC025545,130328.48,0,COOLING,0.0
TXN000184268,2024-01-06 11:00:00.000000,ACC017905,ACC018277,130996.3,0,COOLING,0.0
TXN000729069,2024-01-06 11:00:00.000000,ACC016849,ACC016550,104963.56,0,COOLING,0.0
TXN000101857,2024-01-06 11:00:00.000000,ACC015189,ACC014756,149504.64,0,COOLING,0.0
TXN000322710,2024-01-06 11:00:00.000000,ACC023655,ACC009373,131129.64,0,COOLING,0.0
TXN000723000,2024-01-06 11:00:00.000000,ACC007402,ACC021386,106036.94,0,COOLING,0.0
TXN000988979,2024-01-06 11:00:03.000000,ACC000169,ACC023642,3736.84,0,BLOCK,1.0
TXN000974609,2024-01-06 11:04:37.000000,ACC001025,ACC009825,632.04,0,BLOCK,1.0
TXN000968090,2024-01-06 11:09:31.000000,ACC000749,ACC002823,126.38,0,BLOCK,1.0
TXN000969040,2024-01-06 11:10:48.000000,ACC000534,ACC014837,129.21,0,BLOCK,1.0
TXN000982953,2024-01-06 11:13:01.000000,ACC000635,ACC002462,1061.41,0,BLOCK,1.0
TXN000967779,2024-01-06 11:14:10.000000,ACC000066,ACC002713,217.52,0,BLOCK,1.0
TXN000960880,2024-01-06 11:20:23.000000,ACC000726,ACC006799,1806.6,0,BLOCK,1.0
TXN000981373,2024-01-06 11:20:58.000000,ACC000232,ACC019761,1230.72,0,BLOCK,1.0
TXN000993737,2024-01-06 11:22:05.676835,ACC000626,ACC019231,44145.87,1,BLOCK,1.0
TXN000992045,2024-01-06 11:23:37.000000,ACC000334,ACC013996,983.5,0,BLOCK,1.0
TXN000985756,2024-01-06 11:23:48.661618,ACC000974,ACC023647,7151.01,0,BLOCK,1.0
TXN000977490,2024-01-06 11:26:24.763468,ACC000199,ACC000089,61787.47,1,BLOCK,1.0
TXN000984413,2024-01-06 11:26:40.000000,ACC000291,ACC019911,1443.76,0,BLOCK,1.0
TXN000996923,2024-01-06 11:44:22.000000,ACC000193,ACC007042,639.38,0,BLOCK,1.0
TXN000987678,2024-01-06 11:48:34.000000,ACC001065,ACC013134,3048.9,0,BLOCK,1.0
TXN000987961,2024-01-06 11:49:42.000000,ACC019296,ACC000162,10738.32,0,BLOCK,0.0
TXN000063820,2024-01-06 11:53:07.000000,ACC022131,ACC026684,100000.0,0,COOLING,0.0
TXN000960747,2024-01-06 11:53:34.000000,ACC000527,ACC011361,1798.27,0,BLOCK,1.0
TXN000999217,2024-01-06 11:58:03.900509,ACC000746,ACC003376,40321.15,1,BLOCK,1.0
TXN000990696,2024-01-06 11:58:17.000000,ACC001016,ACC016020,108.09,0,BLOCK,1.0
TXN000067849,2024-01-06 12:00:00.000000,ACC010702,ACC006938,139461.98,0,COOLING,0.0
TXN000966807,2024-01-06 12:00:00.000000,ACC006875,ACC000680,55845.9,0,BLOCK,0.0
TXN000846645,2024-01-06 12:00:00.000000,ACC019404,ACC015834,100409.52,0,COOLING,0.0
TXN000454481,2024-01-06 12:00:00.000000,ACC006056,ACC001138,105483.78,0,COOLING,0.0
TXN000784899,2024-01-06 12:00:00.000000,ACC006880,ACC002318,132700.69,0,COOLING,0.0
TXN000222921,2024-01-06 12:00:00.000000,ACC012219,ACC005191,108733.71,0,COOLING,0.0
TXN000657896,2024-01-06 12:00:00.000000,ACC023328,ACC016737,120384.9,0,COOLING,0.0
TXN000802266,2024-01-06 12:00:00.000000,ACC010459,ACC016696,125649.39,0,COOLING,0.0
TXN000758832,2024-01-06 12:00:00.000000,ACC015843,ACC023654,103002.24,0,COOLING,0.0
TXN000959005,2024-01-06 12:00:00.000000,ACC006329,ACC000343,43203.3,0,BLOCK,0.0
TXN000982678,2024-01-06 12:04:45.596215,ACC000899,ACC007497,93717.61,1,BLOCK,1.0
TXN001000501,2024-01-06 12:07:59.000000,ACC000696,ACC013534,124.14,0,BLOCK,1.0
TXN000981473,2024-01-06 12:13:24.000000,ACC000906,ACC014926,1266.16,0,BLOCK,1.0
TXN000972514,2024-01-06 12:16:21.000000,ACC000573,ACC001229,433.89,0,BLOCK,1.0
TXN000960643,2024-01-06 12:18:46.000000,ACC000293,ACC007597,34630.52,0,BLOCK,1.0
TXN000992244,2024-01-06 12:20:15.000000,ACC001032,ACC004273,426.12,0,BLOCK,1.0
TXN000962131,2024-01-06 12:22:48.000000,ACC000891,ACC024060,4680.85,0,BLOCK,1.0
TXN000996271,2024-01-06 12:26:19.309828,ACC000681,ACC018171,44497.68,1,BLOCK,1.0
TXN000966808,2024-01-06 12:30:03.414750,ACC000680,ACC010181,33288.38,0,BLOCK,1.0
TXN000972829,2024-01-06 12:32:02.000000,ACC001004,ACC007112,331.51,0,BLOCK,1.0
TXN000974405,2024-01-06 12:33:37.438501,ACC001021,ACC000834,18520.64,1,BLOCK,1.0
TXN000993401,2024-01-06 12:39:35.529399,ACC000789,ACC009060,92228.7,1,BLOCK,1.0
TXN000961564,2024-01-06 12:43:47.000000,ACC000476,ACC004988,499.21,0,BLOCK,1.0
TXN000992556,2024-01-06 12:46:31.000000,ACC000329,ACC009992,46.45,0,BLOCK,1.0
TXN000980753,2024-01-06 12:49:17.000000,ACC000587,ACC020241,2152.94,0,BLOCK,1.0
TXN000965492,2024-01-06 12:52:42.000000,ACC000444,ACC017043,2313.31,0,BLOCK,1.0
TXN000960815,2024-01-06 12:54:15.340616,ACC000130,ACC024226,16777.17,0,BLOCK,1.0
TXN000991257,2024-01-06 12:55:05.000000,ACC000743,ACC014963,855.95,0,BLOCK,1.0
TXN000966071,2024-01-06 12:55:09.000000,ACC000810,ACC009914,457.25,0,BLOCK,1.0
TXN000989928,2024-01-06 12:55:21.000000,ACC000729,ACC007141,10958.5,0,BLOCK,1.0
TXN000752043,2024-01-06 13:00:00.000000,ACC017357,ACC008929,140343.37,0,COOLING,0.0
TXN000017467,2024-01-06 13:00:00.000000,ACC006582,ACC021026,132743.22,0,COOLING,0.0
TXN000171145,2024-01-06 13:00:00.000000,ACC017680,ACC001428,144910.77,0,COOLING,0.0
TXN000835841,2024-01-06 13:00:00.000000,ACC015841,ACC011367,143761.8,0,COOLING,0.0
TXN000841723,2024-01-06 13:00:00.000000,ACC006067,ACC010472,107212.65,0,COOLING,0.0
TXN000967846,2024-01-06 13:00:00.000000,ACC015924,ACC000801,124396.54,0,BLOCK,0.0
TXN000551873,2024-01-06 13:00:00.000000,ACC022557,ACC008012,112110.76,0,COOLING,0.0
TXN000965666,2024-01-06 13:11:20.000000,ACC000559,ACC023236,243.05,0,BLOCK,1.0
TXN000999025,2024-01-06 13:15:58.000000,ACC000740,ACC007071,508.7,0,BLOCK,1.0
TXN000969262,2024-01-06 13:16:32.000000,ACC000222,ACC012472,2028.15,0,BLOCK,1.0
TXN000984417,2024-01-06 13:19:35.000000,ACC000291,ACC012466,1933.08,0,BLOCK,1.0
TXN000965586,2024-01-06 13:20:32.000000,ACC000106,ACC010558,568.53,0,BLOCK,1.0
TXN000966809,2024-01-06 13:21:23.400223,ACC000680,ACC016781,34727.17,0,BLOCK,1.0
TXN000984874,2024-01-06 13:26:13.693082,ACC000441,ACC017513,45289.54,1,BLOCK,1.0
TXN000984882,2024-01-06 13:27:01.775189,ACC000441,ACC010274,45393.43,1,BLOCK,1.0
TXN000973032,2024-01-06 13:28:53.472005,ACC000636,ACC023047,46018.3,1,BLOCK,1.0
TXN001000557,2024-01-06 13:34:20.000000,ACC000020,ACC020832,1288.96,0,BLOCK,1.0
TXN000996270,2024-01-06 13:36:39.673929,ACC000681,ACC011304,44846.82,1,BLOCK,1.0
TXN000968301,2024-01-06 13:43:34.000000,ACC000846,ACC011714,170.41,0,BLOCK,1.0
TXN000975929,2024-01-06 13:49:43.000000,ACC000795,ACC023505,3348.83,0,BLOCK,1.0
TXN000967171,2024-01-06 13:49:45.000000,ACC000859,ACC012515,3176.66,0,BLOCK,1.0
TXN000980768,2024-01-06 13:50:51.000000,ACC000547,ACC005027,11226.42,0,BLOCK,1.0
TXN000998321,2024-01-06 13:53:22.235122,ACC000930,ACC006128,73416.1,1,BLOCK,1.0
TXN000993744,2024-01-06 13:53:32.475505,ACC000626,ACC019231,44290.47,1,BLOCK,1.0
TXN000973031,2024-01-06 13:54:08.125965,ACC000636,ACC007275,45993.84,1,BLOCK,1.0
TXN000997836,2024-01-06 13:55:37.058153,ACC000281,ACC008860,44644.06,1,BLOCK,1.0
TXN000997841,2024-01-06 13:57:55.967991,ACC000281,ACC007993,44669.78,1,BLOCK,1.0
TXN000826911,2024-01-06 14:00:00.000000,ACC002205,ACC004902,106844.73,0,COOLING,0.0
TXN000019012,2024-01-06 14:00:00.000000,ACC024702,ACC019649,108565.11,0,COOLING,0.0
TXN000967682,2024-01-06 14:00:00.000000,ACC010554,ACC001045,115705.68,0,BLOCK,0.0
TXN000203191,2024-01-06 14:00:00.000000,ACC023536,ACC024648,133165.78,0,COOLING,0.0
TXN000839027,2024-01-06 14:00:00.000000,ACC014349,ACC010050,143714.99,0,COOLING,0.0
TXN000309069,2024-01-06 14:00:00.000000,ACC007862,ACC005558,141826.31,0,COOLING,0.0
TXN000849279,2024-01-06 14:00:00.000000,ACC024874,ACC025928,123172.89,0,COOLING,0.0
TXN000510658,2024-01-06 14:00:00.000000,ACC016571,ACC012875,127423.65,0,COOLING,0.0
TXN000123408,2024-01-06 14:00:00.000000,ACC005321,ACC014084,104132.64,0,COOLING,0.0
TXN000959906,2024-01-06 14:00:10.000000,ACC000201,ACC004627,610.6,0,BLOCK,1.0
TXN000971114,2024-01-06 14:09:21.000000,ACC000819,ACC015217,193.26,0,BLOCK,1.0
TXN000999553,2024-01-06 14:09:51.347529,ACC000018,ACC007156,44253.69,0,BLOCK,1.0
TXN000967341,2024-01-06 14:10:25.000000,ACC000968,ACC024520,462.21,0,BLOCK,1.0
TXN000990668,2024-01-06 14:12:56.000000,ACC000087,ACC003923,2005.78,0,BLOCK,1.0
TXN000985755,2024-01-06 14:19:59.478457,ACC000974,ACC010501,8416.25,0,BLOCK,1.0
TXN001000188,2024-01-06 14:20:12.000000,ACC000312,ACC024393,162.53,0,BLOCK,1.0
TXN000999554,2024-01-06 14:21:53.342996,ACC000018,ACC020538,37952.55,0,BLOCK,1.0
TXN000995104,2024-01-06 14:23:04.000000,ACC000498,ACC023512,2093.69,0,BLOCK,1.0
TXN000978056,2024-01-06 14:23:23.000000,ACC000503,ACC016409,1239.62,0,BLOCK,1.0
TXN000992958,2024-01-06 14:26:57.266389,ACC000434,ACC024505,74916.63,0,BLOCK,1.0
TXN000971207,2024-01-06 14:29:59.000000,ACC000065,ACC012366,2332.95,0,BLOCK,1.0
TXN000979980,2024-01-06 14:30:34.000000,ACC000852,ACC021507,241.25,0,BLOCK,1.0
TXN000996274,2024-01-06 14:31:15.850781,ACC000681,ACC015225,44616.55,1,BLOCK,1.0
TXN000973455,2024-01-06 14:32:39.106071,ACC000876,ACC005600,45602.85,1,BLOCK,1.0
TXN000959175,2024-01-06 14:34:59.000000,ACC000654,ACC006174,161.16,0,BLOCK,1.0
TXN000978131,2024-01-06 14:35:42.000000,ACC000448,ACC002268,381.87,0,BLOCK,1.0
TXN000968229,2024-01-06 14:43:46.532515,ACC000644,ACC011072,26084.79,1,BLOCK,1.0
TXN000992774,2024-01-06 14:44:30.000000,ACC000719,ACC012691,221.77,0,BLOCK,1.0
TXN000967544,2024-01-06 14:48:41.000000,ACC000854,ACC002925,1507.47,0,BLOCK,1.0
TXN000997842,2024-01-06 14:49:48.328555,ACC000281,ACC008214,44817.42,1,BLOCK,1.0
TXN000984879,2024-01-06 14:55:32.163549,ACC000441,ACC009322,45391.66,1,BLOCK,1.0
TXN000102567,2024-01-06 15:00:00.000000,ACC020965,ACC020100,138175.6,0,COOLING,0.0
TXN000319751,2024-01-06 15:00:00.000000,ACC010462,ACC001269,110144.68,0,COOLING,0.0
TXN000376350,2024-01-06 15:00:00.000000,ACC023669,ACC024703,128593.82,0,COOLING,0.0
TXN000966802,2024-01-06 15:00:00.000000,ACC008312,ACC000680,26585.77,0,BLOCK,0.0
TXN000524578,2024-01-06 15:00:00.000000,ACC004273,ACC016790,143672.26,0,COOLING,0.0
TXN000992178,2024-01-06 15:03:05.000000,ACC000497,ACC017574,394.94,0,BLOCK,1.0
TXN000996176,2024-01-06 15:06:55.000000,ACC000786,ACC017455,2413.56,0,BLOCK,1.0
TXN001000531,2024-01-06 15:08:45.000000,ACC000505,ACC006614,96.18,0,BLOCK,1.0
TXN000987251,2024-01-06 15:15:25.000000,ACC000526,ACC004667,839.72,0,BLOCK,1.0
TXN000990193,2024-01-06 15:19:23.251555,ACC000529,ACC000985,141463.45,1,BLOCK,1.0
TXN000990332,2024-01-06 15:25:33.944270,ACC000001,ACC022391,42768.82,1,BLOCK,1.0
TXN000999979,2024-01-06 15:30:36.000000,ACC000402,ACC013164,607.36,0,BLOCK,1.0
TXN001000880,2024-01-06 15:34:04.000000,ACC000144,ACC019541,2063.28,0,BLOCK,1.0
TXN000961503,2024-01-06 15:41:11.259335,ACC002085,ACC000455,12276.9,1,BLOCK,0.0
TXN000984575,2024-01-06 15:45:28.000000,ACC000111,ACC019903,114.16,0,BLOCK,1.0
TXN000461698,2024-01-06 15:56:43.000000,ACC020211,ACC017408,100000.0,0,COOLING,0.0
TXN000895304,2024-01-06 16:00:00.000000,ACC003443,ACC001639,127046.51,0,COOLING,0.0
TXN000140908,2024-01-06 16:00:00.000000,ACC020107,ACC009270,136069.75,0,COOLING,0.0
TXN000432807,2024-01-06 16:00:00.000000,ACC020228,ACC009937,129385.42,0,COOLING,0.0
TXN000723168,2024-01-06 16:00:00.000000,ACC011545,ACC005058,109365.34,0,COOLING,0.0
TXN000985742,2024-01-06 16:00:00.000000,ACC025508,ACC000974,116523.57,0,BLOCK,0.0
TXN000728963,2024-01-06 16:00:00.000000,ACC014813,ACC006633,120938.95,0,COOLING,0.0
TXN000550236,2024-01-06 16:00:00.000000,ACC026782,ACC024004,131691.83,0,COOLING,0.0
TXN000638272,2024-01-06 16:00:00.000000,ACC006635,ACC026730,121454.12,0,COOLING,0.0
TXN000660494,2024-01-06 16:00:00.000000,ACC013286,ACC005194,117666.97,0,COOLING,0.0
TXN000791887,2024-01-06 16:00:00.000000,ACC012312,ACC009335,127715.99,0,COOLING,0.0
TXN000501886,2024-01-06 16:00:00.000000,ACC003220,ACC012074,143414.04,0,COOLING,0.0
TXN000978544,2024-01-06 16:04:37.820585,ACC000414,ACC001059,17450.77,1,BLOCK,1.0
TXN000959006,2024-01-06 16:04:50.372518,ACC000343,ACC017854,20634.8,0,BLOCK,1.0
TXN000976594,2024-01-06 16:09:49.000000,ACC000646,ACC002111,737.93,0,BLOCK,1.0
TXN000974515,2024-01-06 16:10:28.083313,ACC022062,ACC000220,10582.25,1,BLOCK,0.0
TXN000961487,2024-01-06 16:13:39.141851,ACC010104,ACC000455,10578.41,1,BLOCK,0.0
TXN000973698,2024-01-06 16:14:08.000000,ACC001011,ACC009498,1379.14,0,BLOCK,1.0
TXN000984875,2024-01-06 16:15:59.057904,ACC000441,ACC009322,45510.79,1,BLOCK,1.0
TXN000990333,2024-01-06 16:20:02.932111,ACC000001,ACC004636,42820.04,1,BLOCK,1.0
TXN000991784,2024-01-06 16:20:53.000000,ACC000560,ACC020825,58.13,0,BLOCK,1.0
TXN000964977,2024-01-06 16:21:12.000000,ACC000419,ACC026828,300.84,0,BLOCK,1.0
TXN000972886,2024-01-06 16:22:46.000000,ACC000028,ACC009390,5116.89,0,BLOCK,1.0
TXN000983157,2024-01-06 16:26:43.000000,ACC000691,ACC014198,666.56,0,BLOCK,1.0
TXN000984212,2024-01-06 16:28:52.000000,ACC000105,ACC006411,169.91,0,BLOCK,1.0
TXN000992000,2024-01-06 16:32:30.701568,ACC000739,ACC016360,19087.71,0,BLOCK,1.0
TXN000982168,2024-01-06 16:41:59.000000,ACC000669,ACC006730,1491.28,0,BLOCK,1.0
TXN000976560,2024-01-06 16:43:51.000000,ACC000668,ACC019917,3445.72,0,BLOCK,1.0
TXN000997572,2024-01-06 16:44:20.112566,ACC000375,ACC023372,121469.7,1,BLOCK,1.0
TXN000996272,2024-01-06 16:46:06.073988,ACC000681,ACC004690,44500.19,1,BLOCK,1.0
TXN000961453,2024-01-06 16:53:10.000000,ACC000011,ACC002672,985.11,0,BLOCK,1.0
TXN000499945,2024-01-06 17:00:00.000000,ACC018707,ACC015016,144994.66,0,COOLING,0.0
TXN000980077,2024-01-06 17:00:00.000000,ACC022702,ACC001078,47382.62,0,BLOCK,0.0
TXN000751657,2024-01-06 17:00:00.000000,ACC020677,ACC026883,114672.89,0,COOLING,0.0
TXN000031826,2024-01-06 17:00:00.000000,ACC013513,ACC021104,127364.84,0,COOLING,0.0
TXN000156688,2024-01-06 17:00:00.000000,ACC022686,ACC018443,138356.16,0,COOLING,0.0
TXN000390487,2024-01-06 17:00:00.000000,ACC018681,ACC015359,140923.23,0,COOLING,0.0
TXN000981447,2024-01-06 17:00:00.000000,ACC001683,ACC001010,111108.44,0,BLOCK,0.0
TXN000268751,2024-01-06 17:00:00.000000,ACC016661,ACC011091,122834.71,0,COOLING,0.0
TXN000727639,2024-01-06 17:00:00.000000,ACC025685,ACC023046,116540.68,0,COOLING,0.0
TXN000913267,2024-01-06 17:00:00.000000,ACC024091,ACC004105,139222.72,0,COOLING,0.0
TXN000216354,2024-01-06 17:00:00.000000,ACC014857,ACC006945,115814.65,0,COOLING,0.0
TXN000464987,2024-01-06 17:00:00.000000,ACC010531,ACC003497,134849.97,0,COOLING,0.0
TXN000999218,2024-01-06 17:00:07.380364,ACC000746,ACC012329,40361.45,1,BLOCK,1.0
TXN000993745,2024-01-06 17:00:58.780396,ACC000626,ACC026801,44186.93,1,BLOCK,1.0
TXN000966586,2024-01-06 17:02:29.234978,ACC000244,ACC025389,10037.07,1,STEP_UP,1.0
TXN000984878,2024-01-06 17:21:35.751815,ACC000441,ACC024254,45393.42,1,BLOCK,1.0
TXN000997835,2024-01-06 17:26:08.357090,ACC000281,ACC018368,44551.31,1,BLOCK,1.0
TXN000997659,2024-01-06 17:28:29.000000,ACC000261,ACC007818,2818.73,0,BLOCK,1.0
TXN000974862,2024-01-06 17:29:31.000000,ACC000155,ACC009963,485.06,0,BLOCK,1.0
TXN000992956,2024-01-06 17:30:30.621273,ACC000434,ACC011395,34546.8,0,BLOCK,1.0
TXN000992640,2024-01-06 17:34:05.000000,ACC000656,ACC023501,6.98,0,BLOCK,1.0
TXN000998491,2024-01-06 17:35:44.000000,ACC000360,ACC001940,576.83,0,BLOCK,1.0
TXN000985497,2024-01-06 17:38:41.000000,ACC000365,ACC010711,3023.5,0,BLOCK,1.0
TXN000960574,2024-01-06 17:51:14.000000,ACC000292,ACC026993,163.73,0,BLOCK,1.0
TXN000985754,2024-01-06 17:51:48.706435,ACC000974,ACC015659,10679.09,0,BLOCK,1.0
TXN000966705,2024-01-06 17:53:12.000000,ACC000354,ACC026876,191.7,0,BLOCK,1.0
TXN000984063,2024-01-06 17:56:56.000000,ACC000131,ACC006622,217.22,0,BLOCK,1.0
TXN000839021,2024-01-06 18:00:00.000000,ACC025611,ACC010050,106269.94,0,COOLING,0.0
TXN000716405,2024-01-06 18:00:00.000000,ACC007784,ACC018076,121326.55,0,COOLING,0.0
TXN000578399,2024-01-06 18:00:00.000000,ACC014014,ACC003784,131759.52,0,COOLING,0.0
TXN000450172,2024-01-06 18:00:00.000000,ACC007347,ACC001442,132196.94,0,COOLING,0.0
TXN000552968,2024-01-06 18:00:00.000000,ACC015225,ACC021229,142731.77,0,COOLING,0.0
TXN000684523,2024-01-06 18:00:00.000000,ACC025408,ACC017347,141753.32,0,COOLING,0.0
TXN000265178,2024-01-06 18:00:00.000000,ACC006989,ACC010275,133907.24,0,COOLING,0.0
TXN000821652,2024-01-06 18:00:00.000000,ACC025656,ACC001415,128585.7,0,COOLING,0.0
TXN000864132,2024-01-06 18:00:00.000000,ACC012838,ACC019070,119285.74,0,COOLING,0.0
TXN000355693,2024-01-06 18:00:00.000000,ACC008349,ACC013597,123817.16,0,COOLING,0.0
TXN000974183,2024-01-06 18:00:00.000000,ACC011727,ACC000823,106648.84,0,BLOCK,0.0
TXN000917818,2024-01-06 18:00:00.000000,ACC010638,ACC007368,122378.5,0,COOLING,0.0
TXN000737275,2024-01-06 18:00:00.000000,ACC015683,ACC017728,117132.53,0,COOLING,0.0
TXN000994014,2024-01-06 18:10:21.000000,ACC000522,ACC024540,1376.77,0,BLOCK,1.0
TXN000983589,2024-01-06 18:14:25.904887,ACC000904,ACC001366,82856.28,1,BLOCK,1.0
TXN000967857,2024-01-06 18:15:41.144963,ACC000801,ACC003115,45873.89,1,BLOCK,1.0
TXN000984877,2024-01-06 18:17:42.085099,ACC000441,ACC009787,45390.85,1,BLOCK,1.0
TXN000966804,2024-01-06 18:25:50.831119,ACC000680,ACC016781,14082.27,0,STEP_UP,1.0
TXN000977077,2024-01-06 18:37:32.000000,ACC001049,ACC006090,594.72,0,BLOCK,1.0
TXN000976041,2024-01-06 18:38:57.693076,ACC001009,ACC000557,32320.07,1,BLOCK,1.0
TXN000992049,2024-01-06 18:41:09.000000,ACC000334,ACC021751,348.53,0,BLOCK,1.0
TXN000987001,2024-01-06 18:45:21.000000,ACC000954,ACC012888,137.98,0,BLOCK,1.0
TXN000969786,2024-01-06 18:46:11.000000,ACC000240,ACC005983,2621.25,0,BLOCK,1.0
TXN000961485,2024-01-06 18:54:14.200047,ACC017301,ACC000455,14608.09,1,BLOCK,0.0
TXN000999555,2024-01-06 19:13:17.612942,ACC000018,ACC014912,44315.24,0,BLOCK,1.0
TXN000961300,2024-01-06 19:23:47.914324,ACC000010,ACC000484,77617.39,1,BLOCK,1.0
TXN000983940,2024-01-06 19:27:38.000000,ACC000580,ACC002830,1010.82,0,BLOCK,1.0
TXN000979442,2024-01-06 19:31:01.000000,ACC000368,ACC021551,952.72,0,BLOCK,1.0
TXN000988144,2024-01-06 19:48:00.192640,ACC000519,ACC018792,88338.05,1,BLOCK,1.0
TXN000992002,2024-01-06 19:51:17.346866,ACC000739,ACC020011,19235.27,0,BLOCK,1.0
TXN000973456,2024-01-06 20:12:31.718914,ACC000876,ACC010647,45511.75,1,BLOCK,1.0
TXN000972450,2024-01-06 20:27:44.000000,ACC000385,ACC020012,2520.89,0,BLOCK,1.0
TXN000996273,2024-01-06 20:33:55.572534,ACC000681,ACC015225,44706.76,1,BLOCK,1.0
TXN000973034,2024-01-06 20:38:26.123318,ACC000636,ACC003400,46027.72,1,BLOCK,1.0
TXN000991418,2024-01-06 20:58:00.785412,ACC000118,ACC000699,43090.68,1,BLOCK,1.0
TXN000972237,2024-01-06 21:07:00.000000,ACC000494,ACC025692,671.91,0,BLOCK,1.0
TXN000985743,2024-01-06 21:07:27.926029,ACC000974,ACC015659,33629.21,0,BLOCK,1.0
TXN000997002,2024-01-06 21:22:17.601545,ACC000995,ACC000748,85956.87,1,BLOCK,1.0
TXN000993743,2024-01-06 21:30:47.694242,ACC000626,ACC018903,44423.8,1,BLOCK,1.0
TXN000981448,2024-01-06 21:51:42.790165,ACC001010,ACC014780,35113.64,0,BLOCK,1.0
TXN000997999,2024-01-06 21:53:03.000000,ACC000051,ACC003743,260.76,0,BLOCK,1.0
TXN000992001,2024-01-06 21:55:42.622262,ACC000739,ACC023515,17903.56,0,BLOCK,1.0
TXN000996276,2024-01-06 22:11:57.818102,ACC000681,ACC003775,44548.53,1,BLOCK,1.0
TXN000961302,2024-01-06 22:24:45.454203,ACC000010,ACC000484,80036.17,1,BLOCK,1.0
TXN000972096,2024-01-06 22:46:11.000000,ACC000867,ACC009719,355.73,0,BLOCK,1.0
TXN000990194,2024-01-06 22:59:04.877333,ACC000985,ACC000772,137219.54,1,BLOCK,1.0
TXN000960814,2024-01-06 23:00:36.682704,ACC000130,ACC011189,9147.09,0,BLOCK,1.0
TXN000993402,2024-01-06 23:05:03.362446,ACC000057,ACC000789,55739.2,1,BLOCK,1.0
TXN000984876,2024-01-06 23:10:37.430383,ACC000441,ACC017513,45385.92,1,BLOCK,1.0
TXN000975047,2024-01-06 23:10:55.402582,ACC000459,ACC017469,73094.07,1,BLOCK,1.0
TXN000962708,2024-01-06 23:19:31.000000,ACC000127,ACC016713,443.79,0,BLOCK,1.0
TXN000997837,2024-01-06 23:52:03.955129,ACC000281,ACC008214,44808.79,1,BLOCK,1.0
TXN000978373,2024-01-07 00:00:00.000000,ACC000388,ACC000609,88394.25,1,BLOCK,1.0
TXN000959281,2024-01-07 00:00:00.000000,ACC000832,ACC000828,101453.42,1,BLOCK,1.0
TXN000982569,2024-01-07 00:00:00.000000,ACC000262,ACC001037,85454.61,1,BLOCK,1.0
TXN000978984,2024-01-07 00:00:00.000000,ACC000477,ACC000667,52664.98,1,BLOCK,1.0
TXN000980354,2024-01-07 00:00:00.000000,ACC000715,ACC000359,24138.84,1,BLOCK,1.0
TXN000970360,2024-01-07 00:00:00.000000,ACC000771,ACC005866,46603.28,1,BLOCK,1.0
TXN000975748,2024-01-07 00:00:00.000000,ACC000727,ACC000351,148150.61,1,BLOCK,1.0
TXN000961949,2024-01-07 00:00:00.000000,ACC000397,ACC000294,143748.31,1,BLOCK,1.0
TXN000981548,2024-01-07 00:00:00.000000,ACC000802,ACC000104,17088.69,1,BLOCK,1.0
TXN000964984,2024-01-07 00:00:00.000000,ACC000322,ACC000419,11573.34,1,BLOCK,1.0
TXN000962280,2024-01-07 00:00:00.000000,ACC001039,ACC000369,71310.42,1,BLOCK,1.0
TXN000972674,2024-01-07 00:00:00.000000,ACC000382,ACC000500,179239.09,1,BLOCK,1.0
TXN000980079,2024-01-07 00:01:49.275712,ACC001078,ACC005140,25265.38,0,BLOCK,1.0
TXN000961304,2024-01-07 00:02:19.766743,ACC000010,ACC000484,22147.81,1,BLOCK,1.0
TXN000997839,2024-01-07 00:04:08.786889,ACC000281,ACC004019,44650.08,1,BLOCK,1.0
TXN000966595,2024-01-07 00:04:15.377255,ACC000426,ACC000244,99567.81,1,BLOCK,1.0
TXN000993403,2024-01-07 00:20:07.503856,ACC000789,ACC009060,54932.03,1,BLOCK,1.0
TXN000964909,2024-01-07 00:23:00.925853,ACC011736,ACC000760,10325.5,1,BLOCK,0.0
TXN000966721,2024-01-07 00:27:40.973139,ACC000683,ACC000354,78630.29,1,BLOCK,1.0
TXN000984699,2024-01-07 00:33:06.576794,ACC012941,ACC001055,14875.19,1,BLOCK,0.0
TXN000959455,2024-01-07 00:36:44.676297,ACC006697,ACC000730,11991.28,1,BLOCK,0.0
TXN000964910,2024-01-07 00:37:19.403069,ACC020981,ACC000760,12642.2,1,BLOCK,0.0
TXN000966803,2024-01-07 00:40:15.727739,ACC000680,ACC013800,11796.63,0,BLOCK,1.0
TXN000988953,2024-01-07 00:41:49.247890,ACC007086,ACC000590,14177.19,1,BLOCK,0.0
TXN000970361,2024-01-07 00:43:18.048220,ACC000771,ACC005866,46434.26,1,BLOCK,1.0
TXN000980474,2024-01-07 00:55:44.969638,ACC007790,ACC000940,14150.5,1,BLOCK,0.0
TXN000984883,2024-01-07 01:07:46.671105,ACC000441,ACC022104,45283.92,1,BLOCK,1.0
TXN000984884,2024-01-07 01:17:43.854859,ACC000441,ACC025858,45294.04,1,BLOCK,1.0
TXN000966722,2024-01-07 01:25:45.710617,ACC000354,ACC017427,73141.52,1,BLOCK,1.0
TXN000964923,2024-01-07 01:30:30.567841,ACC000760,ACC018616,193815.96,1,BLOCK,1.0
TXN000989209,2024-01-07 01:33:21.218389,ACC000152,ACC000634,26705.72,1,BLOCK,1.0
TXN000964902,2024-01-07 01:37:22.998717,ACC003549,ACC000760,13710.06,1,BLOCK,0.0
TXN000980475,2024-01-07 01:52:19.931176,ACC023682,ACC000940,12595.59,1,BLOCK,0.0
TXN000964907,2024-01-07 01:56:38.291137,ACC001622,ACC000760,13834.1,1,BLOCK,0.0
TXN000966587,2024-01-07 01:58:48.244546,ACC000426,ACC000244,63982.45,1,BLOCK,1.0
TXN000993404,2024-01-07 02:05:13.027496,ACC000057,ACC000789,69214.95,1,BLOCK,1.0
TXN000961950,2024-01-07 02:10:23.254485,ACC000294,ACC000060,139435.86,1,BLOCK,1.0
TXN000980355,2024-01-07 02:20:05.746693,ACC000359,ACC004333,22665.33,1,BLOCK,1.0
TXN000986053,2024-01-07 02:25:32.000000,ACC000241,ACC004999,18198.01,0,BLOCK,1.0
TXN000966588,2024-01-07 02:30:22.440584,ACC000244,ACC025389,63030.55,1,BLOCK,1.0
TXN000978985,2024-01-07 02:38:28.116273,ACC000667,ACC000246,51085.03,1,BLOCK,1.0
TXN000967847,2024-01-07 02:40:57.116102,ACC000801,ACC013971,62902.21,0,BLOCK,1.0
TXN000980456,2024-01-07 02:43:16.278598,ACC013621,ACC000940,11789.78,1,BLOCK,0.0
TXN000964920,2024-01-07 02:47:17.174072,ACC013742,ACC000760,10346.32,1,BLOCK,0.0
TXN000973457,2024-01-07 02:53:48.494532,ACC000876,ACC003202,45733.37,1,BLOCK,1.0
TXN000974516,2024-01-07 02:54:03.749032,ACC014194,ACC000220,11299.78,1,BLOCK,0.0
TXN000959282,2024-01-07 02:55:26.296679,ACC000828,ACC000133,98409.82,1,BLOCK,1.0
TXN000974530,2024-01-07 03:16:24.124270,ACC000220,ACC015414,115352.89,1,BLOCK,1.0
TXN000972556,2024-01-07 03:23:44.000000,ACC000466,ACC021174,203.1,0,BLOCK,1.0
TXN000974973,2024-01-07 03:32:50.000000,ACC000964,ACC004716,910.52,0,BLOCK,1.0
TXN000974184,2024-01-07 03:34:23.773509,ACC000823,ACC011727,29468.83,0,BLOCK,1.0
TXN000980078,2024-01-07 03:38:06.584227,ACC001078,ACC002156,18998.52,0,BLOCK,1.0
TXN000974519,2024-01-07 03:50:09.654409,ACC024685,ACC000220,12930.27,1,BLOCK,0.0
TXN000989207,2024-01-07 03:50:13.408725,ACC000152,ACC000634,30473.5,1,BLOCK,1.0
TXN000976042,2024-01-07 03:58:26.539614,ACC000557,ACC000282,31350.47,1,BLOCK,1.0
TXN000959459,2024-01-07 04:17:32.102901,ACC021576,ACC000730,14998.59,1,BLOCK,0.0
TXN000978545,2024-01-07 04:20:46.093141,ACC001059,ACC023368,16339.67,1,STEP_UP,1.0
TXN000961951,2024-01-07 04:20:46.508971,ACC000060,ACC000246,135252.78,1,BLOCK,1.0
TXN000992957,2024-01-07 04:48:30.810334,ACC000434,ACC010177,59905.94,0,BLOCK,1.0
TXN000982570,2024-01-07 04:48:59.306267,ACC001037,ACC001009,82890.97,1,BLOCK,1.0
TXN000977491,2024-01-07 05:15:22.001530,ACC000089,ACC010584,58625.01,1,BLOCK,1.0
TXN000978986,2024-01-07 05:16:56.232545,ACC000246,ACC000397,49552.48,1,BLOCK,1.0
TXN000966725,2024-01-07 05:19:42.132863,ACC000683,ACC000354,40989.05,1,BLOCK,1.0
TXN000975749,2024-01-07 05:26:50.259072,ACC000351,ACC000795,143706.09,1,BLOCK,1.0
TXN000988951,2024-01-07 05:28:12.109611,ACC019836,ACC000590,10056.77,1,BLOCK,0.0
TXN000996275,2024-01-07 05:33:01.037675,ACC000681,ACC011304,44866.07,1,BLOCK,1.0
TXN000989004,2024-01-07 05:40:11.000000,ACC000678,ACC005638,2288.14,0,BLOCK,1.0
TXN000991415,2024-01-07 05:42:56.827850,ACC000699,ACC010489,32270.57,1,BLOCK,1.0
TXN000964897,2024-01-07 05:43:34.750622,ACC015487,ACC000760,14487.77,1,BLOCK,0.0
TXN000959283,2024-01-07 05:50:52.593359,ACC000133,ACC000739,95457.52,1,BLOCK,1.0
TXN000970363,2024-01-07 06:01:30.057989,ACC000771,ACC026537,46533.33,1,BLOCK,1.0
TXN000966726,2024-01-07 06:06:15.426027,ACC000354,ACC017427,38792.85,1,BLOCK,1.0
TXN000971259,2024-01-07 06:13:55.000000,ACC000817,ACC010217,49.34,0,BLOCK,1.0
TXN000988935,2024-01-07 06:20:07.669338,ACC012519,ACC000590,13165.61,1,BLOCK,0.0
TXN000983590,2024-01-07 06:20:17.111408,ACC000379,ACC000904,30078.87,1,BLOCK,1.0
TXN000959007,2024-01-07 06:30:29.481946,ACC000343,ACC017314,25326.67,0,BLOCK,1.0
TXN000961952,2024-01-07 06:31:09.763456,ACC000246,ACC000397,131195.2,1,BLOCK,1.0
TXN000993742,2024-01-07 06:34:28.450019,ACC000626,ACC025903,44270.24,1,BLOCK,1.0
TXN000967685,2024-01-07 06:47:19.448329,ACC001045,ACC013767,39216.96,0,BLOCK,1.0
TXN000988938,2024-01-07 06:49:29.352590,ACC012024,ACC000590,11902.08,1,BLOCK,0.0
TXN000970367,2024-01-07 06:55:54.568645,ACC000771,ACC026716,46665.49,1,BLOCK,1.0
TXN000970362,2024-01-07 07:04:24.066080,ACC000771,ACC011883,46527.74,1,BLOCK,1.0
TXN000967103,2024-01-07 07:17:12.000000,ACC000168,ACC003830,2620.6,0,BLOCK,1.0
TXN000981810,2024-01-07 07:24:47.000000,ACC000090,ACC025539,192.56,0,BLOCK,1.0
TXN001000649,2024-01-07 07:26:25.000000,ACC000715,ACC011245,222.91,0,BLOCK,1.0
TXN000972675,2024-01-07 07:32:25.119516,ACC000500,ACC001008,173861.92,1,BLOCK,1.0
TXN000986050,2024-01-07 07:33:30.000000,ACC000241,ACC001687,3415.9,0,BLOCK,1.0
TXN000961007,2024-01-07 07:37:18.000000,ACC000033,ACC016535,1451.31,0,BLOCK,1.0
TXN000996149,2024-01-07 07:43:12.000000,ACC000549,ACC026447,507.33,0,BLOCK,1.0
TXN000978987,2024-01-07 07:55:24.348818,ACC000397,ACC000477,48065.91,1,BLOCK,1.0
TXN000986814,2024-01-07 07:55:35.000000,ACC000513,ACC017067,830.22,0,BLOCK,1.0
TXN000992967,2024-01-07 07:56:34.250244,ACC000354,ACC000434,39551.09,1,BLOCK,1.0
TXN000991070,2024-01-07 08:00:00.000000,ACC012256,ACC000141,139867.64,0,BLOCK,0.0
TXN000798656,2024-01-07 08:00:00.000000,ACC016337,ACC022187,106521.23,0,COOLING,0.0
TXN000010885,2024-01-07 08:00:00.000000,ACC015736,ACC020224,141429.98,0,COOLING,0.0
TXN000914816,2024-01-07 08:00:00.000000,ACC022340,ACC016694,141809.92,0,COOLING,0.0
TXN000546726,2024-01-07 08:00:00.000000,ACC004135,ACC019314,136150.51,0,COOLING,0.0
TXN000581425,2024-01-07 08:00:00.000000,ACC024168,ACC017065,140817.08,0,COOLING,0.0
TXN000990800,2024-01-07 08:00:00.000000,ACC022565,ACC000779,58378.32,0,BLOCK,0.0
TXN000888796,2024-01-07 08:00:00.000000,ACC005638,ACC022787,126704.81,0,COOLING,0.0
TXN000987388,2024-01-07 08:00:00.000000,ACC015918,ACC000215,132313.69,0,BLOCK,0.0
TXN000626414,2024-01-07 08:00:00.000000,ACC008686,ACC023945,114787.45,0,COOLING,0.0
TXN000507386,2024-01-07 08:00:00.000000,ACC026438,ACC008413,148289.02,0,COOLING,0.0
TXN000997003,2024-01-07 08:03:26.402318,ACC000748,ACC000182,83378.17,1,BLOCK,1.0
TXN000972956,2024-01-07 08:09:36.000000,ACC000764,ACC007208,92.71,0,BLOCK,1.0
TXN000979841,2024-01-07 08:13:32.000000,ACC000440,ACC023975,1673.3,0,BLOCK,1.0
TXN000982681,2024-01-07 08:25:18.489576,ACC000560,ACC000899,64421.76,1,BLOCK,1.0
TXN000969107,2024-01-07 08:27:38.000000,ACC000843,ACC005599,795.17,0,BLOCK,1.0
TXN000997840,2024-01-07 08:30:19.759370,ACC000281,ACC008214,44684.2,1,BLOCK,1.0
TXN000993305,2024-01-07 08:35:34.000000,ACC001061,ACC023880,490.63,0,BLOCK,1.0
TXN000983410,2024-01-07 08:36:29.000000,ACC000285,ACC018063,47.75,0,BLOCK,1.0
TXN001000313,2024-01-07 08:40:17.732899,ACC000141,ACC000944,71480.04,1,BLOCK,1.0
TXN000964985,2024-01-07 08:41:41.260209,ACC000419,ACC020995,11172.1,1,BLOCK,1.0
TXN000967684,2024-01-07 08:43:55.986231,ACC001045,ACC020521,36955.99,0,BLOCK,1.0
TXN000962940,2024-01-07 08:43:56.000000,ACC000332,ACC022617,366.59,0,BLOCK,1.0
TXN000959457,2024-01-07 08:44:27.156618,ACC020748,ACC000730,14782.3,1,BLOCK,0.0
TXN000995574,2024-01-07 08:44:40.000000,ACC000738,ACC001707,1266.28,0,BLOCK,1.0
TXN000996251,2024-01-07 08:45:15.000000,ACC000681,ACC024181,1411.14,0,BLOCK,1.0
TXN000962878,2024-01-07 08:45:53.000000,ACC000538,ACC003208,1893.57,0,BLOCK,1.0
TXN000959284,2024-01-07 08:46:18.890038,ACC000739,ACC000832,92593.8,1,BLOCK,1.0
TXN000984090,2024-01-07 08:47:18.000000,ACC000430,ACC013557,125.56,0,BLOCK,1.0
TXN000967683,2024-01-07 08:52:26.681093,ACC001045,ACC010554,65088.71,0,BLOCK,1.0
TXN000962880,2024-01-07 08:55:38.000000,ACC017805,ACC000538,14803.71,0,BLOCK,0.0
TXN000994918,2024-01-07 08:55:57.000000,ACC000338,ACC012521,1413.76,0,BLOCK,1.0
TXN000971684,2024-01-07 08:58:29.000000,ACC000137,ACC025725,649.65,0,BLOCK,1.0
TXN000768693,2024-01-07 09:00:00.000000,ACC005932,ACC007098,126792.27,0,COOLING,0.0
TXN000354411,2024-01-07 09:00:00.000000,ACC009644,ACC002582,137716.25,0,COOLING,0.0
TXN000758180,2024-01-07 09:00:00.000000,ACC025635,ACC026269,131972.11,0,COOLING,0.0
TXN000126501,2024-01-07 09:00:00.000000,ACC001322,ACC019688,109787.35,0,COOLING,0.0
TXN000492539,2024-01-07 09:00:00.000000,ACC005193,ACC003481,135410.8,0,COOLING,0.0
TXN000904399,2024-01-07 09:00:00.000000,ACC004981,ACC009766,134318.46,0,COOLING,0.0
TXN000569772,2024-01-07 09:00:00.000000,ACC017565,ACC026378,108384.74,0,COOLING,0.0
TXN000828075,2024-01-07 09:00:00.000000,ACC008491,ACC011949,127007.52,0,COOLING,0.0
TXN000413817,2024-01-07 09:00:00.000000,ACC012122,ACC016017,122358.46,0,COOLING,0.0
TXN000961515,2024-01-07 09:01:57.000000,ACC000107,ACC005690,689.21,0,BLOCK,1.0
TXN000964915,2024-01-07 09:02:05.510164,ACC013651,ACC000760,12747.59,1,BLOCK,0.0
TXN000971497,2024-01-07 09:04:26.000000,ACC000857,ACC025169,6.37,0,BLOCK,1.0
TXN000961092,2024-01-07 09:09:16.000000,ACC000481,ACC008638,1857.82,0,BLOCK,1.0
TXN000979888,2024-01-07 09:17:05.000000,ACC000689,ACC009133,446.97,0,BLOCK,1.0
TXN000974406,2024-01-07 09:26:13.880825,ACC000834,ACC022663,17672.18,1,STEP_UP,1.0
TXN000982571,2024-01-07 09:37:58.612534,ACC001009,ACC000491,80404.24,1,BLOCK,1.0
TXN000967956,2024-01-07 09:41:06.000000,ACC000741,ACC017966,183.96,0,BLOCK,1.0
TXN000964900,2024-01-07 09:44:12.081484,ACC024373,ACC000760,11200.06,1,BLOCK,0.0
TXN000987657,2024-01-07 09:47:20.000000,ACC000667,ACC021076,1362.67,0,BLOCK,1.0
TXN000991958,2024-01-07 09:51:18.000000,ACC000739,ACC013739,93.98,0,BLOCK,1.0
TXN000237866,2024-01-07 10:00:00.000000,ACC017854,ACC005409,147815.33,0,COOLING,0.0
TXN000548706,2024-01-07 10:00:00.000000,ACC019925,ACC002025,127687.28,0,COOLING,0.0
TXN000556097,2024-01-07 10:00:00.000000,ACC001207,ACC004194,126910.86,0,COOLING,0.0
TXN000327608,2024-01-07 10:00:00.000000,ACC001375,ACC003248,113397.9,0,COOLING,0.0
TXN000431512,2024-01-07 10:00:00.000000,ACC012862,ACC008475,138411.15,0,COOLING,0.0
TXN000978739,2024-01-07 10:00:00.000000,ACC001988,ACC000450,93368.51,0,BLOCK,0.0
TXN000467754,2024-01-07 10:00:00.000000,ACC010144,ACC016085,137395.42,0,COOLING,0.0
TXN000838050,2024-01-07 10:00:00.000000,ACC003407,ACC026921,137999.36,0,COOLING,0.0
TXN000974456,2024-01-07 10:00:00.000000,ACC025031,ACC000185,63015.29,0,BLOCK,0.0
TXN000986799,2024-01-07 10:06:21.000000,ACC021814,ACC000513,11894.78,0,BLOCK,0.0
TXN000979125,2024-01-07 10:08:14.000000,ACC000253,ACC024010,777.73,0,BLOCK,1.0
TXN000985450,2024-01-07 10:11:32.000000,ACC000907,ACC014733,49.9,0,BLOCK,1.0
TXN000987598,2024-01-07 10:18:17.000000,ACC000975,ACC004892,641.25,0,BLOCK,1.0
TXN000970368,2024-01-07 10:24:47.544357,ACC000771,ACC004886,46615.07,1,BLOCK,1.0
TXN000991181,2024-01-07 10:25:06.000000,ACC000865,ACC001430,207.92,0,BLOCK,1.0
TXN000984706,2024-01-07 10:25:37.325315,ACC023994,ACC001055,11179.87,1,BLOCK,0.0
TXN000973459,2024-01-07 10:27:39.289139,ACC000876,ACC012273,45583.1,1,BLOCK,1.0
TXN000995664,2024-01-07 10:31:09.000000,ACC000439,ACC006659,2474.01,0,BLOCK,1.0
TXN000985744,2024-01-07 10:39:49.497392,ACC000974,ACC005000,58827.72,0,BLOCK,1.0
TXN000975750,2024-01-07 10:53:40.518144,ACC000795,ACC000594,139394.91,1,BLOCK,1.0
TXN000974185,2024-01-07 10:59:59.346102,ACC000823,ACC004383,39771.8,0,BLOCK,1.0
TXN000983640,2024-01-07 11:00:00.000000,ACC007274,ACC000842,141374.25,0,BLOCK,0.0
TXN000063761,2024-01-07 11:00:00.000000,ACC002428,ACC023731,138298.75,0,COOLING,0.0
TXN000680340,2024-01-07 11:00:00.000000,ACC005768,ACC023839,135636.3,0,COOLING,0.0
TXN000596574,2024-01-07 11:00:00.000000,ACC017478,ACC008366,140224.78,0,COOLING,0.0
TXN000811008,2024-01-07 11:00:00.000000,ACC008186,ACC021682,106944.26,0,COOLING,0.0
TXN000056028,2024-01-07 11:00:00.000000,ACC011714,ACC018344,149132.79,0,COOLING,0.0
TXN000992953,2024-01-07 11:00:00.000000,ACC013011,ACC000434,143538.17,0,BLOCK,0.0
TXN000349828,2024-01-07 11:00:00.000000,ACC012584,ACC002482,117174.86,0,COOLING,0.0
TXN000484607,2024-01-07 11:00:00.000000,ACC022102,ACC016432,122867.11,0,COOLING,0.0
TXN000139184,2024-01-07 11:00:00.000000,ACC013107,ACC024052,143200.92,0,COOLING,0.0
TXN000998171,2024-01-07 11:00:00.000000,ACC024442,ACC000805,123911.49,0,BLOCK,0.0
TXN001000419,2024-01-07 11:00:00.000000,ACC022306,ACC000379,118299.49,0,BLOCK,0.0
TXN000293922,2024-01-07 11:00:00.000000,ACC007793,ACC004413,139536.79,0,COOLING,0.0
TXN000543744,2024-01-07 11:00:00.000000,ACC011742,ACC017229,137820.47,0,COOLING,0.0
TXN000558292,2024-01-07 11:00:00.000000,ACC024488,ACC002661,138043.59,0,COOLING,0.0
TXN000716775,2024-01-07 11:00:00.000000,ACC011872,ACC014739,133908.35,0,COOLING,0.0
TXN000963681,2024-01-07 11:00:00.000000,ACC018816,ACC000002,70731.87,0,BLOCK,0.0
TXN000684098,2024-01-07 11:00:00.000000,ACC011510,ACC003123,131836.37,0,COOLING,0.0
TXN000865232,2024-01-07 11:00:00.000000,ACC003120,ACC009787,105095.65,0,COOLING,0.0
TXN000970365,2024-01-07 11:01:17.237948,ACC000771,ACC014785,46603.02,1,BLOCK,1.0
TXN000990877,2024-01-07 11:03:34.000000,ACC000978,ACC011427,330.33,0,BLOCK,1.0
TXN000973477,2024-01-07 11:09:09.000000,ACC000043,ACC012984,10.77,0,BLOCK,1.0
TXN000987480,2024-01-07 11:10:26.000000,ACC000960,ACC001311,3242.14,0,BLOCK,1.0
TXN000993604,2024-01-07 11:10:58.000000,ACC000355,ACC019215,1670.07,0,BLOCK,1.0
TXN000294709,2024-01-07 11:11:26.000000,ACC022527,ACC005645,228.85,0,STEP_UP,0.8253
TXN000980461,2024-01-07 11:11:38.597267,ACC008773,ACC000940,14594.01,1,BLOCK,0.0
TXN000981863,2024-01-07 11:12:50.000000,ACC000949,ACC001156,1030.23,0,BLOCK,1.0
TXN000962384,2024-01-07 11:19:21.000000,ACC000023,ACC004261,56.58,0,BLOCK,1.0
TXN000974976,2024-01-07 11:33:19.000000,ACC000964,ACC009283,264.04,0,BLOCK,1.0
TXN000978786,2024-01-07 11:33:37.000000,ACC000403,ACC007125,448.33,0,BLOCK,1.0
TXN000983729,2024-01-07 11:34:38.000000,ACC000098,ACC008409,413.05,0,BLOCK,1.0
TXN000987592,2024-01-07 11:50:25.000000,ACC000975,ACC026847,1413.01,0,BLOCK,1.0
TXN000970107,2024-01-07 11:50:54.000000,ACC000524,ACC010744,986.79,0,BLOCK,1.0
TXN000987811,2024-01-07 11:53:46.000000,ACC000747,ACC003082,201.59,0,BLOCK,1.0
TXN000985984,2024-01-07 11:59:54.000000,ACC000614,ACC002417,261.45,0,BLOCK,1.0
TXN000258082,2024-01-07 12:00:00.000000,ACC017628,ACC016595,144100.42,0,COOLING,0.0
TXN000688802,2024-01-07 12:00:00.000000,ACC001859,ACC011789,109190.51,0,COOLING,0.0
TXN000069741,2024-01-07 12:00:00.000000,ACC016963,ACC021463,133195.03,0,COOLING,0.0
TXN000302859,2024-01-07 12:00:00.000000,ACC017064,ACC017962,117553.1,0,COOLING,0.0
TXN000672622,2024-01-07 12:00:00.000000,ACC021366,ACC019308,141559.41,0,COOLING,0.0
TXN000199457,2024-01-07 12:00:00.000000,ACC012829,ACC001830,104913.18,0,COOLING,0.0
TXN000831318,2024-01-07 12:00:00.000000,ACC009555,ACC023037,111686.97,0,COOLING,0.0
TXN000206476,2024-01-07 12:00:00.000000,ACC003502,ACC004799,124716.45,0,COOLING,0.0
TXN000436312,2024-01-07 12:00:00.000000,ACC025349,ACC003792,148686.88,0,COOLING,0.0
TXN000758178,2024-01-07 12:00:00.000000,ACC008151,ACC026269,149512.38,0,COOLING,0.0
TXN000051598,2024-01-07 12:00:00.000000,ACC014166,ACC006055,102191.49,0,COOLING,0.0
TXN000045669,2024-01-07 12:00:00.000000,ACC022948,ACC026653,102390.17,0,COOLING,0.0
TXN000984694,2024-01-07 12:07:26.060404,ACC022696,ACC001055,13260.67,1,BLOCK,0.0
TXN000964924,2024-01-07 12:11:15.278706,ACC000760,ACC018616,88654.04,1,BLOCK,1.0
TXN000965118,2024-01-07 12:16:51.000000,ACC000686,ACC015557,204.77,0,BLOCK,1.0
TXN000992085,2024-01-07 12:18:30.000000,ACC001000,ACC010846,2787.05,0,BLOCK,1.0
TXN000989721,2024-01-07 12:18:38.000000,ACC000894,ACC018213,5607.3,0,BLOCK,1.0
TXN000965623,2024-01-07 12:27:08.000000,ACC001017,ACC008587,148.04,0,BLOCK,1.0
TXN000971159,2024-01-07 12:30:34.823135,ACC000989,ACC000994,34508.02,1,BLOCK,1.0
TXN000997674,2024-01-07 12:34:36.000000,ACC000261,ACC015964,253.8,0,BLOCK,1.0
TXN000967885,2024-01-07 12:36:33.000000,ACC000056,ACC026457,1089.56,0,BLOCK,1.0
TXN000973460,2024-01-07 12:39:04.174207,ACC000876,ACC021878,45657.71,1,BLOCK,1.0
TXN000987962,2024-01-07 12:39:15.000000,ACC000162,ACC024902,451.13,0,BLOCK,1.0
TXN000974046,2024-01-07 12:43:51.000000,ACC000460,ACC025902,9456.03,0,BLOCK,1.0
TXN000984701,2024-01-07 12:48:30.139532,ACC008314,ACC001055,14437.6,1,BLOCK,0.0
TXN000959422,2024-01-07 12:48:59.000000,ACC000730,ACC011199,2122.96,0,BLOCK,1.0
TXN000970366,2024-01-07 12:50:08.594079,ACC000771,ACC005866,46301.42,1,BLOCK,1.0
TXN001000010,2024-01-07 12:52:32.000000,ACC000174,ACC011804,1077.26,0,BLOCK,1.0
TXN000963683,2024-01-07 12:58:41.979262,ACC000002,ACC019491,33588.75,0,BLOCK,1.0
TXN000995661,2024-01-07 12:58:44.000000,ACC000439,ACC009724,9556.68,0,BLOCK,1.0
TXN000989210,2024-01-07 12:58:57.076839,ACC000634,ACC020856,25374.38,1,BLOCK,1.0
TXN000964618,2024-01-07 13:00:00.000000,ACC024120,ACC001047,119854.31,0,BLOCK,0.0
TXN000514147,2024-01-07 13:00:00.000000,ACC024704,ACC011458,147587.09,0,COOLING,0.0
TXN000708712,2024-01-07 13:00:00.000000,ACC016813,ACC004887,137680.46,0,COOLING,0.0
TXN000020284,2024-01-07 13:00:00.000000,ACC004238,ACC014468,129782.16,0,COOLING,0.0
TXN000713465,2024-01-07 13:00:00.000000,ACC002664,ACC014452,149825.17,0,COOLING,0.0
TXN000612728,2024-01-07 13:00:00.000000,ACC024222,ACC019442,120450.31,0,COOLING,0.0
TXN000492992,2024-01-07 13:00:00.000000,ACC002707,ACC009073,104823.86,0,COOLING,0.0
TXN000520869,2024-01-07 13:00:00.000000,ACC002898,ACC020627,116771.38,0,COOLING,0.0
TXN000188233,2024-01-07 13:00:00.000000,ACC013911,ACC014050,104306.34,0,COOLING,0.0
TXN000963314,2024-01-07 13:00:00.000000,ACC009012,ACC000815,27639.73,0,BLOCK,0.0
TXN000663205,2024-01-07 13:00:00.000000,ACC014504,ACC006658,113052.11,0,COOLING,0.0
TXN000971357,2024-01-07 13:02:17.000000,ACC000896,ACC018107,178.5,0,BLOCK,1.0
TXN000991419,2024-01-07 13:05:42.245513,ACC000699,ACC010489,40766.86,1,BLOCK,1.0
TXN000980451,2024-01-07 13:05:52.000000,ACC000940,ACC024538,5424.58,0,BLOCK,1.0
TXN000983633,2024-01-07 13:10:40.000000,ACC000842,ACC008077,1208.39,0,BLOCK,1.0
TXN000990617,2024-01-07 13:12:38.525763,ACC000888,ACC000529,97404.53,1,BLOCK,1.0
TXN000979120,2024-01-07 13:13:12.000000,ACC000253,ACC013837,114.8,0,BLOCK,1.0
TXN000993405,2024-01-07 13:13:32.729692,ACC000789,ACC009060,64721.67,1,BLOCK,1.0
TXN001000314,2024-01-07 13:17:32.940221,ACC000944,ACC005028,69186.75,1,BLOCK,1.0
TXN000969034,2024-01-07 13:18:18.000000,ACC000534,ACC005474,844.47,0,BLOCK,1.0
TXN000984885,2024-01-07 13:24:39.423893,ACC000441,ACC010274,45245.06,1,BLOCK,1.0
TXN000984881,2024-01-07 13:27:26.417576,ACC000441,ACC019984,45404.99,1,BLOCK,1.0
TXN000959466,2024-01-07 13:27:31.407876,ACC020748,ACC000730,13374.76,1,BLOCK,0.0
TXN000975042,2024-01-07 13:34:32.688086,ACC000493,ACC000459,91526.04,1,BLOCK,1.0
TXN000993878,2024-01-07 13:41:36.000000,ACC000080,ACC025391,1747.25,0,BLOCK,1.0
TXN000978302,2024-01-07 13:42:00.000000,ACC000617,ACC015091,370.91,0,BLOCK,1.0
TXN000996434,2024-01-07 13:49:11.000000,ACC000722,ACC023146,690.29,0,BLOCK,1.0
TXN000994208,2024-01-07 13:49:27.000000,ACC000140,ACC012418,802.06,0,BLOCK,1.0
TXN000970364,2024-01-07 13:49:55.790932,ACC000771,ACC012110,46460.67,1,BLOCK,1.0
TXN000993886,2024-01-07 13:56:27.000000,ACC000080,ACC016258,90.27,0,BLOCK,1.0
TXN000992056,2024-01-07 13:56:56.000000,ACC000334,ACC005261,2685.35,0,BLOCK,1.0
TXN000495209,2024-01-07 14:00:00.000000,ACC015641,ACC011862,136461.63,0,COOLING,0.0
TXN000992877,2024-01-07 14:00:00.000000,ACC017685,ACC000270,129821.37,0,BLOCK,0.0
TXN000039570,2024-01-07 14:00:00.000000,ACC025999,ACC005190,105335.89,0,COOLING,0.0
TXN000970431,2024-01-07 14:00:00.000000,ACC005331,ACC001060,98773.28,0,BLOCK,0.0
TXN000393147,2024-01-07 14:00:00.000000,ACC004028,ACC003078,113508.25,0,COOLING,0.0
TXN000542102,2024-01-07 14:00:00.000000,ACC009998,ACC020749,133769.44,0,COOLING,0.0
TXN000596569,2024-01-07 14:00:00.000000,ACC026270,ACC008366,122036.55,0,COOLING,0.0
TXN000963317,2024-01-07 14:00:00.000000,ACC011320,ACC000815,73031.24,0,BLOCK,0.0
TXN000233877,2024-01-07 14:00:00.000000,ACC026683,ACC010917,129456.81,0,COOLING,0.0
TXN000007757,2024-01-07 14:00:00.000000,ACC025959,ACC009284,149739.22,0,COOLING,0.0
TXN000603080,2024-01-07 14:00:00.000000,ACC006753,ACC005644,103327.28,0,COOLING,0.0
TXN000758414,2024-01-07 14:00:00.000000,ACC002322,ACC021109,136812.47,0,COOLING,0.0
TXN000961301,2024-01-07 14:00:01.240973,ACC000484,ACC012604,76187.52,1,BLOCK,1.0
TXN000984991,2024-01-07 14:07:08.000000,ACC000179,ACC015492,195.58,0,BLOCK,1.0
TXN000981549,2024-01-07 14:07:57.638982,ACC000104,ACC019733,16846.38,1,BLOCK,1.0
TXN000981012,2024-01-07 14:09:05.000000,ACC000079,ACC022617,16330.38,0,BLOCK,1.0
TXN000978374,2024-01-07 14:14:04.088582,ACC000609,ACC015445,86538.77,1,BLOCK,1.0
TXN000990618,2024-01-07 14:14:33.135780,ACC000529,ACC023331,94363.35,1,BLOCK,1.0
TXN000984151,2024-01-07 14:23:07.000000,ACC000769,ACC015745,210.5,0,BLOCK,1.0
TXN000982572,2024-01-07 14:26:57.918801,ACC000491,ACC000262,77992.11,1,BLOCK,1.0
TXN000982668,2024-01-07 14:32:51.000000,ACC000899,ACC012411,1179.49,0,BLOCK,1.0
TXN000987086,2024-01-07 14:36:51.000000,ACC000327,ACC008362,2949.89,0,BLOCK,1.0
TXN000965819,2024-01-07 14:38:01.000000,ACC000866,ACC023711,10.65,0,BLOCK,1.0
TXN000978375,2024-01-07 14:42:13.953467,ACC000388,ACC000609,51422.08,1,BLOCK,1.0
TXN000966026,2024-01-07 14:43:22.000000,ACC000820,ACC002711,3746.04,0,BLOCK,1.0
TXN000970372,2024-01-07 14:44:00.524159,ACC000771,ACC026716,46288.08,1,BLOCK,1.0
TXN001000420,2024-01-07 14:48:26.175672,ACC000379,ACC025379,51852.37,0,BLOCK,1.0
TXN000971482,2024-01-07 14:56:55.000000,ACC000857,ACC014372,2738.25,0,BLOCK,1.0
TXN000086065,2024-01-07 15:00:00.000000,ACC021137,ACC025458,109047.58,0,COOLING,0.0
TXN000552836,2024-01-07 15:00:00.000000,ACC012825,ACC014467,123346.84,0,COOLING,0.0
TXN000842541,2024-01-07 15:00:00.000000,ACC011370,ACC003386,104460.73,0,COOLING,0.0
TXN000065737,2024-01-07 15:00:00.000000,ACC019620,ACC005997,138573.89,0,COOLING,0.0
TXN000431409,2024-01-07 15:00:00.000000,ACC012188,ACC005829,122661.39,0,COOLING,0.0
TXN000525246,2024-01-07 15:00:00.000000,ACC014514,ACC007342,108417.76,0,COOLING,0.0
TXN000298731,2024-01-07 15:00:00.000000,ACC010232,ACC020453,105809.38,0,COOLING,0.0
TXN000202466,2024-01-07 15:00:00.000000,ACC010048,ACC018188,120986.0,0,COOLING,0.0
TXN000790639,2024-01-07 15:00:00.000000,ACC006762,ACC010114,145670.07,0,COOLING,0.0
TXN000386737,2024-01-07 15:00:00.000000,ACC007284,ACC025239,102628.8,0,COOLING,0.0
TXN000959467,2024-01-07 15:00:54.770806,ACC008844,ACC000730,10378.67,1,BLOCK,0.0
TXN000972676,2024-01-07 15:04:50.239031,ACC001008,ACC000770,168646.06,1,BLOCK,1.0
TXN000970432,2024-01-07 15:05:22.553499,ACC001060,ACC011642,41705.68,0,BLOCK,1.0
TXN000981383,2024-01-07 15:07:41.000000,ACC000232,ACC015745,11879.8,0,BLOCK,1.0
TXN000986397,2024-01-07 15:08:09.000000,ACC000399,ACC005648,901.5,0,BLOCK,1.0
TXN000988368,2024-01-07 15:08:12.000000,ACC000176,ACC019758,58.95,0,BLOCK,1.0
TXN000961303,2024-01-07 15:10:39.209376,ACC000484,ACC012604,78390.88,1,BLOCK,1.0
TXN000990541,2024-01-07 15:15:14.000000,ACC000076,ACC022897,342.18,0,BLOCK,1.0
TXN000995424,2024-01-07 15:18:50.000000,ACC000540,ACC015016,938.18,0,BLOCK,1.0
TXN000959460,2024-01-07 15:19:27.255743,ACC015659,ACC000730,11406.0,1,BLOCK,0.0
TXN000998490,2024-01-07 15:21:50.000000,ACC000360,ACC009027,20176.54,0,BLOCK,1.0
TXN000988846,2024-01-07 15:32:19.000000,ACC000791,ACC024495,1536.0,0,BLOCK,1.0
TXN000978740,2024-01-07 15:32:25.250817,ACC000450,ACC007645,45758.41,0,BLOCK,1.0
TXN000969665,2024-01-07 15:32:44.000000,ACC000647,ACC008774,1360.75,0,BLOCK,1.0
TXN000963682,2024-01-07 15:36:44.409042,ACC000002,ACC004881,39080.85,0,BLOCK,1.0
TXN000966591,2024-01-07 15:40:01.195349,ACC000426,ACC000244,36697.98,1,BLOCK,1.0
TXN000984880,2024-01-07 15:41:47.794001,ACC000441,ACC016330,45446.66,1,BLOCK,1.0
TXN000975756,2024-01-07 15:43:22.000000,ACC000957,ACC026817,76.19,0,BLOCK,1.0
TXN000964081,2024-01-07 15:43:37.000000,ACC000138,ACC013816,424.53,0,BLOCK,1.0
TXN000961305,2024-01-07 15:48:39.757402,ACC000484,ACC012604,21240.24,1,BLOCK,1.0
TXN000999660,2024-01-07 15:55:07.000000,ACC000061,ACC025666,516.9,0,BLOCK,1.0
TXN000989516,2024-01-07 15:59:58.000000,ACC000100,ACC020116,2469.74,0,BLOCK,1.0
TXN000727813,2024-01-07 16:00:00.000000,ACC018019,ACC026690,110885.84,0,COOLING,0.0
TXN000824943,2024-01-07 16:00:00.000000,ACC006911,ACC018936,136496.93,0,COOLING,0.0
TXN000956986,2024-01-07 16:00:00.000000,ACC014546,ACC023492,131214.29,0,COOLING,0.0
TXN000812686,2024-01-07 16:00:00.000000,ACC021463,ACC022781,128629.03,0,COOLING,0.0
TXN000970345,2024-01-07 16:00:00.000000,ACC012709,ACC000771,62827.48,0,BLOCK,0.0
TXN000933615,2024-01-07 16:00:00.000000,ACC003841,ACC021255,134133.58,0,COOLING,0.0
TXN000975812,2024-01-07 16:02:56.000000,ACC000849,ACC001344,214.75,0,BLOCK,1.0
TXN000961443,2024-01-07 16:04:21.000000,ACC000011,ACC011257,302.74,0,BLOCK,1.0
TXN000984698,2024-01-07 16:04:34.463792,ACC020964,ACC001055,12555.93,1,BLOCK,0.0
TXN000968915,2024-01-07 16:06:01.000000,ACC001012,ACC011987,1763.49,0,BLOCK,1.0
TXN000987389,2024-01-07 16:08:33.951668,ACC000215,ACC024533,47921.41,0,BLOCK,1.0
TXN000969714,2024-01-07 16:16:21.000000,ACC000953,ACC004243,2735.41,0,BLOCK,1.0
TXN000975751,2024-01-07 16:20:30.777216,ACC000594,ACC000727,135213.06,1,BLOCK,1.0
TXN000987942,2024-01-07 16:35:29.000000,ACC000162,ACC026843,1038.54,0,BLOCK,1.0
TXN000974031,2024-01-07 16:43:35.000000,ACC000460,ACC026159,6576.18,0,BLOCK,1.0
TXN000994027,2024-01-07 16:46:29.000000,ACC000469,ACC001325,638.82,0,BLOCK,1.0
TXN000967843,2024-01-07 16:46:39.000000,ACC000801,ACC009686,842.07,0,BLOCK,1.0
TXN000959339,2024-01-07 16:48:19.000000,ACC000389,ACC004492,601.79,0,BLOCK,1.0
TXN000987390,2024-01-07 16:48:26.306947,ACC000215,ACC011606,55910.9,0,BLOCK,1.0
TXN000966706,2024-01-07 16:49:42.000000,ACC000354,ACC001799,594.32,0,BLOCK,1.0
TXN000871450,2024-01-07 17:00:00.000000,ACC003453,ACC004201,144988.5,0,COOLING,0.0
TXN000375205,2024-01-07 17:00:00.000000,ACC021642,ACC005078,110236.85,0,COOLING,0.0
TXN000717520,2024-01-07 17:00:00.000000,ACC019037,ACC018772,105989.31,0,COOLING,0.0
TXN000346660,2024-01-07 17:00:00.000000,ACC016467,ACC016011,115204.35,0,COOLING,0.0
TXN000850460,2024-01-07 17:00:00.000000,ACC013726,ACC005826,108041.25,0,COOLING,0.0
TXN000752187,2024-01-07 17:00:00.000000,ACC006295,ACC009963,135957.12,0,COOLING,0.0
TXN000817557,2024-01-07 17:00:00.000000,ACC020500,ACC006765,114678.69,0,COOLING,0.0
TXN000208314,2024-01-07 17:00:00.000000,ACC001816,ACC025199,138555.93,0,COOLING,0.0
TXN000659253,2024-01-07 17:00:00.000000,ACC020835,ACC001627,144996.15,0,COOLING,0.0
TXN000063229,2024-01-07 17:00:00.000000,ACC017239,ACC020929,134891.27,0,COOLING,0.0
TXN000992775,2024-01-07 17:09:11.000000,ACC000719,ACC003944,15938.34,0,BLOCK,1.0
TXN000992880,2024-01-07 17:16:00.685649,ACC000270,ACC001532,36057.59,0,BLOCK,1.0
TXN000980446,2024-01-07 17:25:46.000000,ACC000940,ACC003957,490.98,0,BLOCK,1.0
TXN000980464,2024-01-07 17:28:33.288621,ACC008992,ACC000940,11362.67,1,BLOCK,0.0
TXN000989338,2024-01-07 17:31:14.000000,ACC000094,ACC011970,553.5,0,BLOCK,1.0
TXN000990054,2024-01-07 17:33:27.000000,ACC000166,ACC023419,202.14,0,BLOCK,1.0
TXN000990469,2024-01-07 17:36:29.000000,ACC000139,ACC009440,181.85,0,BLOCK,1.0
TXN000988960,2024-01-07 17:37:30.705582,ACC017413,ACC000590,13686.31,1,BLOCK,0.0
TXN000971811,2024-01-07 17:38:17.000000,ACC011707,ACC000209,27797.49,0,BLOCK,0.0
TXN000974531,2024-01-07 17:39:27.553333,ACC000220,ACC015414,58219.38,1,BLOCK,1.0
TXN000993263,2024-01-07 17:58:17.000000,ACC000981,ACC013800,3107.66,0,BLOCK,1.0
TXN000234875,2024-01-07 18:00:00.000000,ACC005086,ACC002645,141307.68,0,COOLING,0.0
TXN000316197,2024-01-07 18:00:00.000000,ACC006819,ACC023014,105323.64,0,COOLING,0.0
TXN000556826,2024-01-07 18:00:00.000000,ACC023160,ACC005043,146112.49,0,COOLING,0.0
TXN000595050,2024-01-07 18:00:00.000000,ACC002898,ACC007171,102087.23,0,COOLING,0.0
TXN000328925,2024-01-07 18:00:00.000000,ACC020394,ACC020570,140636.5,0,COOLING,0.0
TXN000320643,2024-01-07 18:00:00.000000,ACC010207,ACC004621,141846.78,0,COOLING,0.0
TXN000934058,2024-01-07 18:00:00.000000,ACC013917,ACC023670,128567.51,0,COOLING,0.0
TXN000961414,2024-01-07 18:00:00.000000,ACC003965,ACC000962,102901.98,0,BLOCK,0.0
TXN000993791,2024-01-07 18:01:07.000000,ACC000898,ACC002992,1223.85,0,BLOCK,1.0
TXN000987021,2024-01-07 18:07:48.000000,ACC000954,ACC018291,53.17,0,BLOCK,1.0
TXN000991072,2024-01-07 18:26:05.766194,ACC000141,ACC013317,72398.96,0,BLOCK,1.0
TXN000977170,2024-01-07 18:29:27.000000,ACC000541,ACC004523,198.53,0,BLOCK,1.0
TXN000967974,2024-01-07 18:31:45.000000,ACC000516,ACC023008,287.87,0,BLOCK,1.0
TXN000988952,2024-01-07 18:35:06.171720,ACC008698,ACC000590,13477.67,1,BLOCK,0.0
TXN000980356,2024-01-07 19:01:54.633170,ACC000715,ACC000359,48852.97,1,BLOCK,1.0
TXN000983258,2024-01-07 19:11:42.000000,ACC000462,ACC006287,12187.04,0,BLOCK,1.0
TXN000971098,2024-01-07 19:21:35.000000,ACC000142,ACC016006,702.33,0,BLOCK,1.0
TXN000978546,2024-01-07 19:26:38.087502,ACC000414,ACC001059,84077.1,1,BLOCK,1.0
TXN000971740,2024-01-07 19:27:09.000000,ACC022917,ACC000320,12942.54,0,BLOCK,0.0
TXN000984697,2024-01-07 19:36:08.921590,ACC012941,ACC001055,13787.9,1,BLOCK,0.0
TXN000997545,2024-01-07 20:08:13.000000,ACC000375,ACC018196,1639.01,0,BLOCK,1.0
TXN000966596,2024-01-07 20:15:17.176501,ACC000244,ACC025389,94464.41,1,BLOCK,1.0
TXN000996764,2024-01-07 20:22:59.000000,ACC000027,ACC022078,2755.77,0,BLOCK,1.0
TXN000992879,2024-01-07 20:24:41.957083,ACC000270,ACC013359,76253.7,0,BLOCK,1.0
TXN000988948,2024-01-07 20:30:37.639280,ACC007086,ACC000590,11271.97,1,BLOCK,0.0
TXN000978254,2024-01-07 20:30:52.000000,ACC000784,ACC008295,374.41,0,BLOCK,1.0
TXN000972399,2024-01-07 20:48:34.000000,ACC000160,ACC006443,31999.56,0,BLOCK,1.0
TXN000959580,2024-01-07 20:48:47.000000,ACC000242,ACC016463,1311.25,0,BLOCK,1.0
TXN000959464,2024-01-07 20:48:52.834311,ACC013650,ACC000730,11715.02,1,BLOCK,0.0
TXN000984695,2024-01-07 20:51:30.413527,ACC013599,ACC001055,14586.11,1,BLOCK,0.0
TXN000977494,2024-01-07 20:51:44.763510,ACC000199,ACC000089,71300.49,1,BLOCK,1.0
TXN000961415,2024-01-07 21:04:35.336842,ACC000962,ACC022069,40557.45,0,BLOCK,1.0
TXN000973348,2024-01-07 21:15:03.000000,ACC000465,ACC009488,1036.29,0,BLOCK,1.0
TXN000980455,2024-01-07 21:16:21.763414,ACC001603,ACC000940,10187.56,1,BLOCK,0.0
TXN000966198,2024-01-07 21:42:01.000000,ACC000013,ACC005514,256.58,0,BLOCK,1.0
TXN000959471,2024-01-07 21:48:17.558447,ACC025609,ACC000730,10811.67,1,BLOCK,0.0
TXN000970369,2024-01-07 21:53:25.454106,ACC000771,ACC026716,46483.3,1,BLOCK,1.0
TXN000988955,2024-01-07 21:54:26.858263,ACC012024,ACC000590,14524.79,1,BLOCK,0.0
TXN000999507,2024-01-07 21:55:14.000000,ACC000018,ACC017307,322.27,0,BLOCK,1.0
TXN000989208,2024-01-07 22:05:57.998975,ACC000634,ACC020856,28377.91,1,BLOCK,1.0
TXN000984693,2024-01-07 22:30:49.334932,ACC004787,ACC001055,10086.24,1,BLOCK,0.0
TXN000968143,2024-01-07 22:35:47.000000,ACC000345,ACC015669,756.25,0,BLOCK,1.0
TXN000972677,2024-01-07 22:37:15.358547,ACC000770,ACC000382,163586.68,1,BLOCK,1.0
TXN000962281,2024-01-07 22:45:05.178012,ACC000369,ACC008554,66323.49,1,BLOCK,1.0
TXN000871179,2024-01-07 22:46:55.000000,ACC023965,ACC008394,100000.0,0,COOLING,0.0
TXN000998172,2024-01-07 22:53:57.622782,ACC000805,ACC003981,35743.36,0,BLOCK,1.0
TXN000985575,2024-01-07 22:57:30.000000,ACC000584,ACC011768,3479.47,0,BLOCK,1.0
TXN000983591,2024-01-07 23:12:09.603748,ACC000904,ACC001366,29370.53,1,BLOCK,1.0
TXN000980473,2024-01-07 23:18:15.124414,ACC001462,ACC000940,14861.14,1,BLOCK,0.0
TXN000964619,2024-01-07 23:19:45.045548,ACC001047,ACC025253,65377.44,0,BLOCK,1.0
TXN000983641,2024-01-07 23:31:42.709779,ACC000842,ACC004047,79670.1,0,BLOCK,1.0
TXN000970373,2024-01-07 23:43:00.155282,ACC000771,ACC012004,46571.41,1,BLOCK,1.0
TXN000963315,2024-01-07 23:46:15.152865,ACC000815,ACC005228,16475.87,0,BLOCK,1.0
TXN000970346,2024-01-07 23:52:32.152594,ACC000771,ACC023529,22854.27,0,BLOCK,1.0
TXN001000233,2024-01-07 23:53:19.000000,ACC000042,ACC013713,149.88,0,BLOCK,1.0
TXN000982308,2024-01-08 00:00:00.000000,ACC000351,ACC011636,45567.68,1,BLOCK,1.0
TXN000991887,2024-01-08 00:00:00.000000,ACC000996,ACC020773,43088.38,1,BLOCK,1.0
TXN000994087,2024-01-08 00:00:00.000000,ACC001057,ACC000189,59253.55,1,BLOCK,1.0
TXN000958712,2024-01-08 00:00:00.000000,ACC000639,ACC000134,90129.08,1,BLOCK,1.0
TXN000996210,2024-01-08 00:00:00.000000,ACC000677,ACC000278,73974.28,1,BLOCK,1.0
TXN000998173,2024-01-08 00:00:41.929804,ACC000805,ACC003981,73389.84,0,BLOCK,1.0
TXN000958713,2024-01-08 00:15:19.071162,ACC000134,ACC021103,89208.47,1,BLOCK,1.0
TXN000970347,2024-01-08 00:21:55.940003,ACC000771,ACC012824,33486.03,0,BLOCK,1.0
TXN000970371,2024-01-08 00:24:52.628507,ACC000771,ACC005866,46641.56,1,BLOCK,1.0
TXN000998835,2024-01-08 00:45:28.000000,ACC000860,ACC017830,708.36,0,BLOCK,1.0
TXN000993387,2024-01-08 00:47:19.254945,ACC001790,ACC000190,11393.26,1,BLOCK,0.0
TXN000975043,2024-01-08 00:49:15.646211,ACC000459,ACC017469,84863.1,1,BLOCK,1.0
TXN000991888,2024-01-08 00:51:46.937843,ACC000996,ACC012143,42846.53,1,BLOCK,1.0
TXN000977495,2024-01-08 00:52:26.466647,ACC000089,ACC010584,69999.64,1,BLOCK,1.0
TXN000966592,2024-01-08 00:58:31.727983,ACC000244,ACC025389,36324.39,1,BLOCK,1.0
TXN000978376,2024-01-08 01:23:29.526597,ACC000609,ACC015445,49503.21,1,BLOCK,1.0
TXN000991071,2024-01-08 01:24:59.197825,ACC000141,ACC010630,54859.26,0,BLOCK,1.0
TXN000994332,2024-01-08 01:45:54.000000,ACC000912,ACC026277,100.92,0,BLOCK,1.0
TXN000991889,2024-01-08 01:53:24.854806,ACC000996,ACC020773,43133.78,1,BLOCK,1.0
TXN000963318,2024-01-08 01:56:42.152700,ACC000815,ACC011320,42531.09,0,BLOCK,1.0
TXN000974457,2024-01-08 02:08:04.095651,ACC000185,ACC023193,32572.61,0,BLOCK,1.0
TXN000986201,2024-01-08 02:16:43.000000,ACC000337,ACC025068,4735.74,0,BLOCK,1.0
TXN000982309,2024-01-08 02:37:36.858301,ACC000351,ACC007487,45493.05,1,BLOCK,1.0
TXN000987391,2024-01-08 02:45:06.683501,ACC000215,ACC014048,78571.03,0,BLOCK,1.0
TXN000979118,2024-01-08 02:48:13.000000,ACC000253,ACC010604,259.44,0,BLOCK,1.0
TXN000970370,2024-01-08 02:48:42.598566,ACC000771,ACC026537,46541.78,1,BLOCK,1.0
TXN000958699,2024-01-08 02:50:05.000000,ACC000134,ACC012861,94.29,0,BLOCK,1.0
TXN000982683,2024-01-08 02:51:39.827041,ACC000560,ACC000899,15559.9,1,BLOCK,1.0
TXN000988961,2024-01-08 03:21:02.216756,ACC000590,ACC009217,234337.14,1,BLOCK,1.0
TXN000988944,2024-01-08 03:23:22.449389,ACC023721,ACC000590,13931.65,1,BLOCK,0.0
TXN000990801,2024-01-08 03:30:57.760121,ACC000779,ACC022565,22665.85,0,BLOCK,1.0
TXN000982313,2024-01-08 04:10:43.919201,ACC000351,ACC026738,45568.79,1,BLOCK,1.0
TXN000992954,2024-01-08 04:14:21.934620,ACC000434,ACC012196,86037.25,0,BLOCK,1.0
TXN000992968,2024-01-08 04:20:55.453934,ACC000434,ACC004490,36901.88,1,BLOCK,1.0
TXN000993373,2024-01-08 04:43:33.864072,ACC024307,ACC000190,14895.66,1,BLOCK,0.0
TXN000997420,2024-01-08 04:45:25.000000,ACC000198,ACC004143,106.45,0,BLOCK,1.0
TXN000993386,2024-01-08 04:50:41.770090,ACC014665,ACC000190,12078.4,1,BLOCK,0.0
TXN000966723,2024-01-08 04:56:46.926779,ACC000683,ACC000354,95497.3,1,BLOCK,1.0
TXN000963316,2024-01-08 05:05:38.600662,ACC000815,ACC008997,10925.12,0,BLOCK,1.0
TXN000988958,2024-01-08 05:26:43.634619,ACC001213,ACC000590,11264.89,1,BLOCK,0.0
TXN000992878,2024-01-08 05:35:21.537250,ACC000270,ACC021266,40390.36,0,BLOCK,1.0
TXN000980479,2024-01-08 05:42:09.450384,ACC026711,ACC000940,14899.87,1,BLOCK,0.0
TXN000993369,2024-01-08 05:42:38.365771,ACC013101,ACC000190,10760.48,1,BLOCK,0.0
TXN000993391,2024-01-08 05:46:11.879334,ACC000190,ACC018486,116197.03,1,BLOCK,1.0
TXN000993384,2024-01-08 05:57:06.703339,ACC017053,ACC000190,13036.51,1,BLOCK,0.0
TXN000959858,2024-01-08 06:04:36.792279,ACC000365,ACC000384,53117.26,1,BLOCK,1.0
TXN000982316,2024-01-08 06:17:10.049264,ACC000351,ACC014177,45583.97,1,BLOCK,1.0
TXN000984886,2024-01-08 06:43:15.455672,ACC000441,ACC019984,45466.47,1,BLOCK,1.0
TXN000982310,2024-01-08 06:46:00.088520,ACC000351,ACC011636,45440.42,1,BLOCK,1.0
TXN000991891,2024-01-08 06:54:40.055133,ACC000996,ACC014238,42994.94,1,BLOCK,1.0
TXN000963002,2024-01-08 07:02:58.000000,ACC000993,ACC013604,392.98,0,BLOCK,1.0
TXN000998851,2024-01-08 07:12:02.624265,ACC016886,ACC000860,11319.06,1,BLOCK,0.0
TXN000982682,2024-01-08 07:16:46.480480,ACC000899,ACC007497,59176.74,1,BLOCK,1.0
TXN000972345,2024-01-08 07:24:48.000000,ACC000236,ACC024556,2418.61,0,BLOCK,1.0
TXN000977538,2024-01-08 07:25:59.000000,ACC000595,ACC002828,336.32,0,BLOCK,1.0
TXN000965731,2024-01-08 07:31:31.000000,ACC000872,ACC011265,1521.44,0,BLOCK,1.0
TXN000967464,2024-01-08 07:32:01.000000,ACC000177,ACC012089,2283.48,0,BLOCK,1.0
TXN000979377,2024-01-08 07:33:06.000000,ACC001074,ACC009258,1191.06,0,BLOCK,1.0
TXN000998467,2024-01-08 07:40:13.000000,ACC000531,ACC016669,1203.52,0,BLOCK,1.0
TXN000988632,2024-01-08 07:40:32.000000,ACC000925,ACC022368,712.7,0,BLOCK,1.0
TXN000993388,2024-01-08 07:48:34.848041,ACC024307,ACC000190,14957.1,1,BLOCK,0.0
TXN000968310,2024-01-08 07:49:44.000000,ACC000846,ACC022330,1265.02,0,BLOCK,1.0
TXN000965562,2024-01-08 07:59:20.828377,ACC007782,ACC001005,13858.51,1,BLOCK,0.0
TXN000796211,2024-01-08 08:00:00.000000,ACC013100,ACC021621,116859.05,0,COOLING,0.0
TXN000671941,2024-01-08 08:00:00.000000,ACC001985,ACC021955,144984.47,0,COOLING,0.0
TXN000967571,2024-01-08 08:00:00.000000,ACC009005,ACC000854,90148.56,0,BLOCK,0.0
TXN000290343,2024-01-08 08:00:00.000000,ACC026062,ACC002456,108082.54,0,COOLING,0.0
TXN000364522,2024-01-08 08:00:00.000000,ACC002586,ACC002113,146713.56,0,COOLING,0.0
TXN000622745,2024-01-08 08:00:00.000000,ACC017104,ACC020195,147031.61,0,COOLING,0.0
TXN000054425,2024-01-08 08:00:00.000000,ACC026420,ACC009584,131263.43,0,COOLING,0.0
TXN000978547,2024-01-08 08:01:41.226092,ACC001059,ACC023368,79230.49,1,BLOCK,1.0
TXN000988934,2024-01-08 08:05:25.463264,ACC001213,ACC000590,14636.96,1,BLOCK,0.0
TXN000982312,2024-01-08 08:08:27.945465,ACC000351,ACC024167,45265.06,1,BLOCK,1.0
TXN000965966,2024-01-08 08:12:25.000000,ACC001013,ACC011793,3378.37,0,BLOCK,1.0
TXN000996211,2024-01-08 08:14:32.662519,ACC000278,ACC000283,71755.05,1,BLOCK,1.0
TXN000993367,2024-01-08 08:21:14.271373,ACC015903,ACC000190,12826.15,1,BLOCK,0.0
TXN000975968,2024-01-08 08:27:51.000000,ACC001037,ACC008148,609.86,0,BLOCK,1.0
TXN000970835,2024-01-08 08:27:57.000000,ACC000942,ACC008162,218.54,0,BLOCK,1.0
TXN000993376,2024-01-08 08:33:54.065392,ACC021478,ACC000190,14514.95,1,BLOCK,0.0
TXN000991892,2024-01-08 08:40:20.693108,ACC000996,ACC008357,42901.63,1,BLOCK,1.0
TXN000976373,2024-01-08 08:43:40.000000,ACC000980,ACC011920,3447.61,0,BLOCK,1.0
TXN000978536,2024-01-08 08:47:43.000000,ACC001059,ACC017468,4396.9,0,BLOCK,1.0
TXN000975754,2024-01-08 08:54:30.000000,ACC000957,ACC006048,1937.53,0,BLOCK,1.0
TXN000913272,2024-01-08 09:00:00.000000,ACC012035,ACC004105,138395.08,0,COOLING,0.0
TXN000330765,2024-01-08 09:00:00.000000,ACC015454,ACC017335,139053.01,0,COOLING,0.0
TXN000995747,2024-01-08 09:00:00.000000,ACC017966,ACC000180,139918.39,0,BLOCK,0.0
TXN000587887,2024-01-08 09:00:00.000000,ACC020335,ACC001263,115104.52,0,COOLING,0.0
TXN000984010,2024-01-08 09:00:00.000000,ACC020052,ACC000916,127953.34,0,BLOCK,0.0
TXN000363284,2024-01-08 09:00:00.000000,ACC009161,ACC008290,114091.36,0,COOLING,0.0
TXN000989655,2024-01-08 09:00:00.000000,ACC025738,ACC000693,64750.4,0,BLOCK,0.0
TXN000065109,2024-01-08 09:00:00.000000,ACC017480,ACC013046,139500.37,0,COOLING,0.0
TXN000935252,2024-01-08 09:00:00.000000,ACC021777,ACC019903,109653.45,0,COOLING,0.0
TXN000081209,2024-01-08 09:00:00.000000,ACC001958,ACC013012,123013.07,0,COOLING,0.0
TXN000634087,2024-01-08 09:00:00.000000,ACC006186,ACC010016,101414.61,0,COOLING,0.0
TXN000265468,2024-01-08 09:00:00.000000,ACC016052,ACC003634,125513.0,0,COOLING,0.0
TXN000825114,2024-01-08 09:00:00.000000,ACC017808,ACC016393,128290.07,0,COOLING,0.0
TXN000982995,2024-01-08 09:02:35.000000,ACC000070,ACC003870,651.96,0,BLOCK,1.0
TXN000993188,2024-01-08 09:15:11.000000,ACC000905,ACC002218,1497.86,0,BLOCK,1.0
TXN000960313,2024-01-08 09:15:36.000000,ACC000945,ACC026056,1003.09,0,BLOCK,1.0
TXN000993641,2024-01-08 09:18:16.000000,ACC020424,ACC000480,56599.55,0,BLOCK,0.0
TXN000982311,2024-01-08 09:22:04.966492,ACC000351,ACC024167,45297.33,1,BLOCK,1.0
TXN000971160,2024-01-08 09:26:39.490106,ACC000994,ACC013343,33531.98,1,BLOCK,1.0
TXN000977325,2024-01-08 09:29:26.000000,ACC000762,ACC024553,56.6,0,BLOCK,1.0
TXN000991893,2024-01-08 09:34:33.505183,ACC000996,ACC011464,43120.18,1,BLOCK,1.0
TXN000988950,2024-01-08 09:44:01.218097,ACC017326,ACC000590,12718.32,1,BLOCK,0.0
TXN000988333,2024-01-08 09:46:01.000000,ACC000143,ACC026037,332.94,0,BLOCK,1.0
TXN000997070,2024-01-08 09:49:47.000000,ACC000148,ACC004843,2647.02,0,BLOCK,1.0
TXN000976500,2024-01-08 09:54:38.000000,ACC000648,ACC023092,2028.78,0,BLOCK,1.0
TXN000980805,2024-01-08 09:55:53.000000,ACC000146,ACC023786,2078.96,0,BLOCK,1.0
TXN000973039,2024-01-08 09:56:55.000000,ACC000225,ACC014368,1289.71,0,BLOCK,1.0
TXN000669704,2024-01-08 10:00:00.000000,ACC014061,ACC020120,109201.24,0,COOLING,0.0
TXN000201119,2024-01-08 10:00:00.000000,ACC012464,ACC013455,132845.14,0,COOLING,0.0
TXN000779866,2024-01-08 10:00:00.000000,ACC020382,ACC010693,118843.9,0,COOLING,0.0
TXN000723777,2024-01-08 10:00:00.000000,ACC014895,ACC025529,139770.56,0,COOLING,0.0
TXN000097060,2024-01-08 10:00:00.000000,ACC020383,ACC005543,117295.35,0,COOLING,0.0
TXN000012627,2024-01-08 10:00:00.000000,ACC024201,ACC007763,148819.99,0,COOLING,0.0
TXN000355968,2024-01-08 10:00:00.000000,ACC001305,ACC019854,103073.53,0,COOLING,0.0
TXN000181374,2024-01-08 10:00:00.000000,ACC025155,ACC018864,135579.37,0,COOLING,0.0
TXN000976747,2024-01-08 10:01:20.000000,ACC000325,ACC009868,1260.56,0,BLOCK,1.0
TXN000980465,2024-01-08 10:11:29.826376,ACC003850,ACC000940,14629.49,1,BLOCK,0.0
TXN000973016,2024-01-08 10:16:51.000000,ACC000636,ACC006594,237.92,0,BLOCK,1.0
TXN000982019,2024-01-08 10:18:04.000000,ACC000956,ACC013615,1663.62,0,BLOCK,1.0
TXN000999838,2024-01-08 10:32:33.000000,ACC001018,ACC011909,770.79,0,BLOCK,1.0
TXN000967176,2024-01-08 10:33:18.000000,ACC000859,ACC022002,1139.78,0,BLOCK,1.0
TXN000972853,2024-01-08 10:33:46.000000,ACC001004,ACC007209,131.01,0,BLOCK,1.0
TXN000972891,2024-01-08 10:34:02.000000,ACC000028,ACC023604,2565.29,0,BLOCK,1.0
TXN000991890,2024-01-08 10:50:18.525170,ACC000996,ACC018880,42948.69,1,BLOCK,1.0
TXN000985058,2024-01-08 10:51:44.000000,ACC000276,ACC006251,1456.48,0,BLOCK,1.0
TXN000971414,2024-01-08 10:52:21.000000,ACC000205,ACC001938,5484.79,0,BLOCK,1.0
TXN000974970,2024-01-08 10:57:06.000000,ACC000964,ACC022680,959.7,0,BLOCK,1.0
TXN000981510,2024-01-08 10:59:01.000000,ACC000017,ACC005494,132.88,0,BLOCK,1.0
TXN000232945,2024-01-08 11:00:00.000000,ACC016429,ACC003641,111371.79,0,COOLING,0.0
TXN000869461,2024-01-08 11:00:00.000000,ACC015734,ACC021762,112248.85,0,COOLING,0.0
TXN000847170,2024-01-08 11:00:00.000000,ACC025829,ACC007881,111130.41,0,COOLING,0.0
TXN000302428,2024-01-08 11:00:00.000000,ACC012758,ACC026594,112544.35,0,COOLING,0.0
TXN000808830,2024-01-08 11:00:00.000000,ACC006046,ACC016674,108153.7,0,COOLING,0.0
TXN000997133,2024-01-08 11:00:00.000000,ACC025389,ACC001048,69236.55,0,BLOCK,0.0
TXN000999556,2024-01-08 11:00:00.000000,ACC022249,ACC000018,43991.87,0,BLOCK,0.0
TXN000854693,2024-01-08 11:00:00.000000,ACC012457,ACC020502,128207.44,0,COOLING,0.0
TXN000890825,2024-01-08 11:00:00.000000,ACC019197,ACC001244,124149.1,0,COOLING,0.0
TXN000971998,2024-01-08 11:01:19.000000,ACC000255,ACC013653,407.74,0,BLOCK,1.0
TXN000986669,2024-01-08 11:04:11.000000,ACC000366,ACC021305,2175.63,0,BLOCK,1.0
TXN000961416,2024-01-08 11:06:50.828960,ACC000962,ACC001115,51456.05,0,BLOCK,1.0
TXN000976852,2024-01-08 11:10:37.000000,ACC000436,ACC016541,434.48,0,BLOCK,1.0
TXN000982315,2024-01-08 11:16:26.364046,ACC000351,ACC024167,45217.66,1,BLOCK,1.0
TXN000976811,2024-01-08 11:19:17.000000,ACC005580,ACC001029,36928.02,0,BLOCK,0.0
TXN000971969,2024-01-08 11:19:26.000000,ACC000692,ACC007128,348.77,0,BLOCK,1.0
TXN000985272,2024-01-08 11:23:13.000000,ACC000937,ACC010994,581.77,0,BLOCK,1.0
TXN000986183,2024-01-08 11:25:13.805672,ACC000779,ACC000409,49104.4,1,BLOCK,1.0
TXN000980358,2024-01-08 11:27:48.373898,ACC000715,ACC000359,61707.21,1,BLOCK,1.0
TXN000991895,2024-01-08 11:32:08.584168,ACC000996,ACC018821,42871.29,1,BLOCK,1.0
TXN000993372,2024-01-08 11:40:03.422845,ACC011447,ACC000190,12981.38,1,BLOCK,0.0
TXN000980357,2024-01-08 11:41:27.508210,ACC000359,ACC004333,44908.53,1,BLOCK,1.0
TXN000991896,2024-01-08 11:42:06.261997,ACC000996,ACC021895,43135.41,1,BLOCK,1.0
TXN000981209,2024-01-08 11:42:08.000000,ACC000623,ACC009302,1406.65,0,BLOCK,1.0
TXN000993380,2024-01-08 11:42:23.265949,ACC021478,ACC000190,12428.24,1,BLOCK,0.0
TXN000995770,2024-01-08 11:44:32.000000,ACC000041,ACC018287,578.79,0,BLOCK,1.0
TXN000968339,2024-01-08 11:44:59.000000,ACC000846,ACC016199,515.89,0,BLOCK,1.0
TXN001000772,2024-01-08 11:50:00.000000,ACC000015,ACC023538,1852.82,0,BLOCK,1.0
TXN000972388,2024-01-08 11:51:17.000000,ACC000160,ACC006184,3911.75,0,BLOCK,1.0
TXN000960996,2024-01-08 11:54:34.000000,ACC001027,ACC013493,4572.87,0,BLOCK,1.0
TXN000700505,2024-01-08 12:00:00.000000,ACC018369,ACC002338,102354.29,0,COOLING,0.0
TXN000404440,2024-01-08 12:00:00.000000,ACC006314,ACC006253,115036.51,0,COOLING,0.0
TXN000579333,2024-01-08 12:00:00.000000,ACC007552,ACC020905,122457.58,0,COOLING,0.0
TXN000335920,2024-01-08 12:00:00.000000,ACC013413,ACC005264,106978.46,0,COOLING,0.0
TXN000826256,2024-01-08 12:00:00.000000,ACC005617,ACC025287,143284.97,0,COOLING,0.0
TXN000910161,2024-01-08 12:00:00.000000,ACC006757,ACC022494,148133.26,0,COOLING,0.0
TXN000646458,2024-01-08 12:00:00.000000,ACC026766,ACC026263,118308.77,0,COOLING,0.0
TXN000629732,2024-01-08 12:00:00.000000,ACC020192,ACC026439,108878.15,0,COOLING,0.0
TXN000454337,2024-01-08 12:00:00.000000,ACC018177,ACC003405,132883.57,0,COOLING,0.0
TXN000983918,2024-01-08 12:00:00.000000,ACC009852,ACC000036,32104.46,0,BLOCK,0.0
TXN000022228,2024-01-08 12:00:00.000000,ACC004665,ACC018782,109963.07,0,COOLING,0.0
TXN000122710,2024-01-08 12:00:00.000000,ACC017179,ACC021742,107105.29,0,COOLING,0.0
TXN000389840,2024-01-08 12:00:00.000000,ACC001593,ACC008272,113657.98,0,COOLING,0.0
TXN000989904,2024-01-08 12:01:07.000000,ACC000861,ACC013601,485.02,0,BLOCK,1.0
TXN000972851,2024-01-08 12:02:19.000000,ACC001004,ACC024159,466.05,0,BLOCK,1.0
TXN000997375,2024-01-08 12:09:11.000000,ACC000972,ACC019103,35.7,0,BLOCK,1.0
TXN000971509,2024-01-08 12:13:50.000000,ACC000857,ACC017335,1820.9,0,BLOCK,1.0
TXN000977592,2024-01-08 12:17:55.000000,ACC000710,ACC012095,686.34,0,BLOCK,1.0
TXN000981188,2024-01-08 12:20:21.000000,ACC000623,ACC019908,4673.76,0,BLOCK,1.0
TXN000964196,2024-01-08 12:21:19.000000,ACC000432,ACC023097,469.06,0,BLOCK,1.0
TXN000985825,2024-01-08 12:25:12.000000,ACC000333,ACC011863,120.52,0,BLOCK,1.0
TXN000965543,2024-01-08 12:27:42.800088,ACC022314,ACC001005,11096.07,1,BLOCK,0.0
TXN000965544,2024-01-08 12:30:09.907514,ACC014587,ACC001005,12062.99,1,BLOCK,0.0
TXN000999559,2024-01-08 12:34:22.041630,ACC000018,ACC011342,12921.19,0,BLOCK,1.0
TXN000984293,2024-01-08 12:38:48.000000,ACC000655,ACC019584,3170.29,0,BLOCK,1.0
TXN000973890,2024-01-08 12:44:58.000000,ACC000340,ACC021566,2079.64,0,BLOCK,1.0
TXN000997236,2024-01-08 12:46:40.000000,ACC000173,ACC005564,658.0,0,BLOCK,1.0
TXN000987796,2024-01-08 12:49:42.000000,ACC000747,ACC022962,534.19,0,BLOCK,1.0
TXN000974957,2024-01-08 12:53:20.000000,ACC000964,ACC004398,181.52,0,BLOCK,1.0
TXN000964752,2024-01-08 12:59:37.000000,ACC000259,ACC007461,361.01,0,BLOCK,1.0
TXN000996747,2024-01-08 12:59:51.000000,ACC000027,ACC026782,237.59,0,BLOCK,1.0
TXN000985398,2024-01-08 13:00:00.000000,ACC022352,ACC000398,81671.16,0,BLOCK,0.0
TXN000025466,2024-01-08 13:00:00.000000,ACC006633,ACC015462,124701.75,0,COOLING,0.0
TXN000524756,2024-01-08 13:00:00.000000,ACC004332,ACC024072,108810.67,0,COOLING,0.0
TXN000979610,2024-01-08 13:00:00.000000,ACC012746,ACC000074,29823.38,0,BLOCK,0.0
TXN000268758,2024-01-08 13:00:00.000000,ACC009951,ACC011091,142694.48,0,COOLING,0.0
TXN000775780,2024-01-08 13:00:00.000000,ACC018998,ACC012294,124026.56,0,COOLING,0.0
TXN000640283,2024-01-08 13:00:00.000000,ACC017742,ACC002705,125019.73,0,COOLING,0.0
TXN000643483,2024-01-08 13:00:00.000000,ACC015419,ACC021437,107320.61,0,COOLING,0.0
TXN000168983,2024-01-08 13:00:00.000000,ACC007246,ACC013244,104592.23,0,COOLING,0.0
TXN000328051,2024-01-08 13:00:00.000000,ACC011953,ACC009234,124239.55,0,COOLING,0.0
TXN000766414,2024-01-08 13:00:00.000000,ACC011442,ACC006432,103835.95,0,COOLING,0.0
TXN000982052,2024-01-08 13:10:27.000000,ACC000297,ACC008275,37.38,0,BLOCK,1.0
TXN000997812,2024-01-08 13:10:54.000000,ACC000281,ACC010800,53.22,0,BLOCK,1.0
TXN000984011,2024-01-08 13:15:58.077094,ACC000916,ACC026194,52430.26,0,BLOCK,1.0
TXN000993363,2024-01-08 13:17:43.904457,ACC011447,ACC000190,11910.47,1,BLOCK,0.0
TXN000990581,2024-01-08 13:24:39.000000,ACC000927,ACC020210,9237.92,0,BLOCK,1.0
TXN000968814,2024-01-08 13:26:11.000000,ACC000558,ACC004271,3384.14,0,BLOCK,1.0
TXN000975314,2024-01-08 13:31:34.000000,ACC000569,ACC022245,1781.8,0,BLOCK,1.0
TXN000995871,2024-01-08 13:38:03.000000,ACC000521,ACC026599,982.45,0,BLOCK,1.0
TXN000967572,2024-01-08 13:38:22.121129,ACC000854,ACC014450,52119.9,0,BLOCK,1.0
TXN000964646,2024-01-08 13:44:27.000000,ACC000187,ACC020074,149.54,0,BLOCK,1.0
TXN000966724,2024-01-08 13:47:35.437548,ACC000354,ACC017427,87320.97,1,BLOCK,1.0
TXN000990030,2024-01-08 13:47:45.000000,ACC000305,ACC005650,837.71,0,BLOCK,1.0
TXN000980296,2024-01-08 13:48:11.000000,ACC000997,ACC004207,26349.21,0,BLOCK,1.0
TXN000989657,2024-01-08 13:48:12.850578,ACC000693,ACC023717,18221.57,0,BLOCK,1.0
TXN000970476,2024-01-08 13:49:07.000000,ACC000660,ACC021957,5618.26,0,BLOCK,1.0
TXN000997408,2024-01-08 14:00:00.000000,ACC014794,ACC000972,35376.66,0,BLOCK,0.0
TXN000999951,2024-01-08 14:00:00.000000,ACC023496,ACC000071,140911.05,0,BLOCK,0.0
TXN000989852,2024-01-08 14:00:00.000000,ACC019005,ACC000708,129275.62,0,BLOCK,0.0
TXN000095754,2024-01-08 14:00:00.000000,ACC018345,ACC003257,116526.03,0,COOLING,0.0
TXN000850373,2024-01-08 14:00:00.000000,ACC021360,ACC024019,120183.7,0,COOLING,0.0
TXN000703213,2024-01-08 14:00:00.000000,ACC012223,ACC011487,134829.97,0,COOLING,0.0
TXN000917307,2024-01-08 14:00:00.000000,ACC004144,ACC002467,124802.82,0,COOLING,0.0
TXN000571551,2024-01-08 14:00:00.000000,ACC004371,ACC023224,142401.64,0,COOLING,0.0
TXN000884934,2024-01-08 14:00:00.000000,ACC004853,ACC013406,108873.02,0,COOLING,0.0
TXN000707400,2024-01-08 14:00:00.000000,ACC010236,ACC008465,107875.87,0,COOLING,0.0
TXN000993969,2024-01-08 14:01:01.000000,ACC000879,ACC006285,15.34,0,BLOCK,1.0
TXN000983913,2024-01-08 14:01:13.000000,ACC000036,ACC024566,580.6,0,BLOCK,1.0
TXN000984733,2024-01-08 14:04:09.000000,ACC000437,ACC016283,40.61,0,BLOCK,1.0
TXN000990586,2024-01-08 14:09:08.000000,ACC000927,ACC023597,291.99,0,BLOCK,1.0
TXN001000823,2024-01-08 14:11:42.000000,ACC000431,ACC012853,829.96,0,BLOCK,1.0
TXN000989303,2024-01-08 14:12:54.000000,ACC000774,ACC011978,222.7,0,BLOCK,1.0
TXN000989656,2024-01-08 14:14:26.095791,ACC000693,ACC009112,23736.87,0,BLOCK,1.0
TXN000966425,2024-01-08 14:19:00.000000,ACC000428,ACC007208,2077.23,0,BLOCK,1.0
TXN000984711,2024-01-08 14:20:39.400866,ACC001055,ACC008318,80040.35,1,BLOCK,1.0
TXN000991901,2024-01-08 14:26:06.508634,ACC000996,ACC025677,42931.73,1,BLOCK,1.0
TXN000998203,2024-01-08 14:36:58.000000,ACC001022,ACC018409,419.98,0,BLOCK,1.0
TXN000975178,2024-01-08 14:43:01.000000,ACC000129,ACC004900,478.52,0,BLOCK,1.0
TXN000976849,2024-01-08 14:43:34.000000,ACC000436,ACC005311,540.55,0,BLOCK,1.0
TXN000965282,2024-01-08 14:45:01.000000,ACC000938,ACC009447,150.3,0,BLOCK,1.0
TXN000995748,2024-01-08 14:50:32.713276,ACC000180,ACC018913,65327.4,0,BLOCK,1.0
TXN000962286,2024-01-08 14:51:31.074668,ACC001039,ACC000369,46362.12,1,BLOCK,1.0
TXN000999661,2024-01-08 14:51:45.000000,ACC000061,ACC018603,282.14,0,BLOCK,1.0
TXN000962695,2024-01-08 14:52:43.000000,ACC000127,ACC021525,637.7,0,BLOCK,1.0
TXN000970811,2024-01-08 14:57:08.000000,ACC000230,ACC001586,25.94,0,BLOCK,1.0
TXN000990792,2024-01-08 15:00:00.000000,ACC003400,ACC000779,71803.43,0,BLOCK,0.0
TXN000302798,2024-01-08 15:00:00.000000,ACC026779,ACC014290,112170.96,0,COOLING,0.0
TXN000104313,2024-01-08 15:00:00.000000,ACC006738,ACC022459,149336.87,0,COOLING,0.0
TXN000516889,2024-01-08 15:00:00.000000,ACC013158,ACC022425,120243.46,0,COOLING,0.0
TXN000977780,2024-01-08 15:00:00.000000,ACC001717,ACC000053,89094.27,0,BLOCK,0.0
TXN000661201,2024-01-08 15:00:00.000000,ACC015942,ACC011047,111625.26,0,COOLING,0.0
TXN000311274,2024-01-08 15:00:00.000000,ACC009827,ACC007539,120464.7,0,COOLING,0.0
TXN000613032,2024-01-08 15:00:00.000000,ACC026874,ACC019377,132682.63,0,COOLING,0.0
TXN000959473,2024-01-08 15:09:46.063789,ACC000730,ACC005698,150551.27,1,BLOCK,1.0
TXN000981014,2024-01-08 15:11:34.000000,ACC011567,ACC000079,17645.01,0,BLOCK,0.0
TXN000972272,2024-01-08 15:22:28.000000,ACC000536,ACC002127,3292.65,0,BLOCK,1.0
TXN000998852,2024-01-08 15:22:38.504064,ACC009718,ACC000860,14735.65,1,BLOCK,0.0
TXN000978697,2024-01-08 15:30:26.000000,ACC000705,ACC003424,947.7,0,BLOCK,1.0
TXN000999557,2024-01-08 15:31:27.273944,ACC000018,ACC003174,27923.38,0,BLOCK,1.0
TXN000967266,2024-01-08 15:47:26.000000,ACC000555,ACC005366,218.49,0,BLOCK,1.0
TXN000977781,2024-01-08 15:54:07.531065,ACC000053,ACC017038,51184.42,0,BLOCK,1.0
TXN000843584,2024-01-08 16:00:00.000000,ACC024201,ACC009462,134616.51,0,COOLING,0.0
TXN000112717,2024-01-08 16:00:00.000000,ACC011314,ACC004558,135632.46,0,COOLING,0.0
TXN000346966,2024-01-08 16:00:00.000000,ACC022685,ACC024239,115384.1,0,COOLING,0.0
TXN000998364,2024-01-08 16:00:00.000000,ACC024572,ACC000073,103733.46,0,BLOCK,0.0
TXN000213923,2024-01-08 16:00:00.000000,ACC002297,ACC007770,149261.9,0,COOLING,0.0
TXN000418511,2024-01-08 16:00:00.000000,ACC025250,ACC008294,126153.7,0,COOLING,0.0
TXN000600484,2024-01-08 16:00:00.000000,ACC025670,ACC014970,131806.6,0,COOLING,0.0
TXN000831382,2024-01-08 16:00:00.000000,ACC021925,ACC001836,128965.73,0,COOLING,0.0
TXN000321310,2024-01-08 16:00:00.000000,ACC020354,ACC008811,145126.04,0,COOLING,0.0
TXN000759998,2024-01-08 16:00:00.000000,ACC005323,ACC002352,122454.44,0,COOLING,0.0
TXN000449608,2024-01-08 16:00:00.000000,ACC015450,ACC007617,126354.53,0,COOLING,0.0
TXN000986337,2024-01-08 16:15:52.000000,ACC000963,ACC007295,5243.45,0,BLOCK,1.0
TXN000964602,2024-01-08 16:17:07.000000,ACC001047,ACC022684,8228.39,0,BLOCK,1.0
TXN000993390,2024-01-08 16:20:35.133452,ACC000190,ACC018486,222116.54,1,BLOCK,1.0
TXN000966343,2024-01-08 16:25:49.000000,ACC000181,ACC002331,544.04,0,BLOCK,1.0
TXN000996212,2024-01-08 16:29:05.325037,ACC000283,ACC000213,69602.4,1,BLOCK,1.0
TXN000969779,2024-01-08 16:34:41.000000,ACC000240,ACC017064,919.32,0,BLOCK,1.0
TXN000988746,2024-01-08 16:52:17.000000,ACC000955,ACC019904,1320.24,0,BLOCK,1.0
TXN000905904,2024-01-08 17:00:00.000000,ACC001313,ACC018404,133467.49,0,COOLING,0.0
TXN000033649,2024-01-08 17:00:00.000000,ACC012309,ACC018596,115760.7,0,COOLING,0.0
TXN000479147,2024-01-08 17:00:00.000000,ACC026894,ACC024034,112557.09,0,COOLING,0.0
TXN000814793,2024-01-08 17:00:00.000000,ACC010416,ACC016686,117482.2,0,COOLING,0.0
TXN000988962,2024-01-08 17:01:24.319968,ACC000590,ACC009217,109842.26,1,BLOCK,1.0
TXN000998849,2024-01-08 17:02:37.829603,ACC013057,ACC000860,10953.61,1,BLOCK,0.0
TXN000981483,2024-01-08 17:05:56.000000,ACC000906,ACC011111,780.08,0,BLOCK,1.0
TXN000997134,2024-01-08 17:08:12.207009,ACC001048,ACC020403,44648.74,0,BLOCK,1.0
TXN000969406,2024-01-08 17:12:33.000000,ACC000147,ACC001543,306.76,0,BLOCK,1.0
TXN000979727,2024-01-08 17:27:34.000000,ACC000684,ACC019223,4348.9,0,BLOCK,1.0
TXN000972580,2024-01-08 17:30:33.000000,ACC000466,ACC024807,1092.09,0,BLOCK,1.0
TXN000971440,2024-01-08 17:32:29.000000,ACC000335,ACC017785,743.5,0,BLOCK,1.0
TXN000961968,2024-01-08 17:32:47.000000,ACC001026,ACC025001,2978.74,0,BLOCK,1.0
TXN000965457,2024-01-08 17:40:36.000000,ACC000840,ACC019170,182.87,0,BLOCK,1.0
TXN000963784,2024-01-08 17:42:16.000000,ACC000081,ACC021930,2697.25,0,BLOCK,1.0
TXN000976648,2024-01-08 17:49:29.000000,ACC000998,ACC009347,197.85,0,BLOCK,1.0
TXN000980480,2024-01-08 17:53:52.076285,ACC000940,ACC014425,199363.41,1,BLOCK,1.0
TXN000835998,2024-01-08 18:00:00.000000,ACC025986,ACC005788,112704.63,0,COOLING,0.0
TXN000607682,2024-01-08 18:00:00.000000,ACC008967,ACC003288,112417.5,0,COOLING,0.0
TXN000960816,2024-01-08 18:00:00.000000,ACC009478,ACC000130,31783.99,0,BLOCK,0.0
TXN000870442,2024-01-08 18:00:00.000000,ACC011248,ACC016875,147057.93,0,COOLING,0.0
TXN000905768,2024-01-08 18:00:00.000000,ACC025625,ACC019501,131075.96,0,COOLING,0.0
TXN000994088,2024-01-08 18:08:20.266599,ACC000189,ACC025123,56859.1,1,BLOCK,1.0
TXN000980359,2024-01-08 18:17:42.728666,ACC000359,ACC004333,57361.11,1,BLOCK,1.0
TXN000982684,2024-01-08 18:24:13.195850,ACC000899,ACC007497,14576.44,1,STEP_UP,1.0
TXN000985642,2024-01-08 18:48:11.667042,ACC000596,ACC000889,86131.59,1,BLOCK,1.0
TXN000986185,2024-01-08 18:59:47.819743,ACC000779,ACC000409,48750.07,1,BLOCK,1.0
TXN000989853,2024-01-08 19:04:55.419013,ACC000708,ACC022181,58423.55,0,BLOCK,1.0
TXN000977708,2024-01-08 19:09:58.000000,ACC000581,ACC015305,98.27,0,BLOCK,1.0
TXN000982314,2024-01-08 19:14:00.552983,ACC000351,ACC014863,45531.15,1,BLOCK,1.0
TXN000965969,2024-01-08 19:22:43.000000,ACC001013,ACC012630,762.79,0,BLOCK,1.0
TXN000967573,2024-01-08 19:34:10.156206,ACC000854,ACC014213,44456.47,0,BLOCK,1.0
TXN000993352,2024-01-08 19:50:43.000000,ACC000190,ACC016051,165.81,0,BLOCK,1.0
TXN000963290,2024-01-08 19:51:26.000000,ACC000815,ACC018509,407.58,0,BLOCK,1.0
TXN000973990,2024-01-08 19:57:28.000000,ACC000778,ACC012101,582.82,0,BLOCK,1.0
TXN000988963,2024-01-08 20:04:47.957121,ACC000590,ACC009217,77980.01,1,BLOCK,1.0
TXN000999558,2024-01-08 20:14:31.222475,ACC000018,ACC017307,18327.98,0,STEP_UP,1.0
TXN000965549,2024-01-08 20:27:16.673250,ACC020941,ACC001005,12123.3,1,BLOCK,0.0
TXN000991894,2024-01-08 20:27:29.204108,ACC000996,ACC021895,42957.17,1,BLOCK,1.0
TXN000984710,2024-01-08 20:32:44.039915,ACC001055,ACC008318,146041.91,1,BLOCK,1.0
TXN000984770,2024-01-08 20:48:51.000000,ACC000353,ACC016488,657.46,0,BLOCK,1.0
TXN000966008,2024-01-08 20:51:46.000000,ACC000820,ACC016890,3042.08,0,BLOCK,1.0
TXN000978979,2024-01-08 21:50:40.000000,ACC000477,ACC022604,1898.69,0,BLOCK,1.0
TXN000967574,2024-01-08 21:54:27.911454,ACC000854,ACC002925,39119.67,0,BLOCK,1.0
TXN000973658,2024-01-08 21:59:27.000000,ACC000742,ACC013437,469.19,0,BLOCK,1.0
TXN000997135,2024-01-08 22:07:46.256293,ACC001048,ACC005590,34496.47,0,BLOCK,1.0
TXN000960327,2024-01-08 22:13:50.000000,ACC000945,ACC011119,581.93,0,BLOCK,1.0
TXN000990795,2024-01-08 22:15:40.441971,ACC000779,ACC006547,22301.17,0,BLOCK,1.0
TXN000979612,2024-01-08 22:28:30.219488,ACC000074,ACC010493,10529.65,0,BLOCK,1.0
TXN000986186,2024-01-08 23:05:14.357634,ACC000409,ACC011811,47550.39,1,BLOCK,1.0
TXN000991900,2024-01-08 23:42:44.918881,ACC000996,ACC018532,43130.24,1,BLOCK,1.0
TXN000987926,2024-01-09 00:00:00.000000,ACC001030,ACC000304,63094.6,1,BLOCK,1.0
TXN000992221,2024-01-09 00:00:00.000000,ACC000497,ACC000018,98206.37,1,BLOCK,1.0
TXN000999065,2024-01-09 00:00:00.000000,ACC000031,ACC023683,46294.31,1,BLOCK,1.0
TXN000959333,2024-01-09 00:00:00.000000,ACC000482,ACC000435,136462.21,1,BLOCK,1.0
TXN000969046,2024-01-09 00:00:00.000000,ACC000906,ACC000534,63520.16,1,BLOCK,1.0
TXN000959389,2024-01-09 00:00:00.000000,ACC000127,ACC000389,58850.73,1,BLOCK,1.0
TXN000998002,2024-01-09 00:00:00.000000,ACC000051,ACC013151,43191.94,1,BLOCK,1.0
TXN000962287,2024-01-09 00:00:07.007730,ACC000369,ACC008554,42445.26,1,BLOCK,1.0
TXN000988569,2024-01-09 00:11:19.000000,ACC000021,ACC024304,625.24,0,BLOCK,1.0
TXN000989854,2024-01-09 00:16:58.515552,ACC000708,ACC021631,50562.19,0,BLOCK,1.0
TXN000997409,2024-01-09 00:38:36.809153,ACC000972,ACC009596,18688.29,0,BLOCK,1.0
TXN000972646,2024-01-09 00:38:40.858564,ACC004102,ACC000135,10799.8,1,BLOCK,0.0
TXN000996213,2024-01-09 00:43:37.987556,ACC000213,ACC000677,67514.33,1,BLOCK,1.0
TXN000965566,2024-01-09 00:58:02.002533,ACC001005,ACC017061,184701.51,1,BLOCK,1.0
TXN000992971,2024-01-09 01:06:49.097992,ACC000354,ACC000434,16691.15,1,BLOCK,1.0
TXN000997411,2024-01-09 01:07:01.809140,ACC000972,ACC011250,16480.11,0,BLOCK,1.0
TXN000998846,2024-01-09 01:12:16.494458,ACC016886,ACC000860,13852.05,1,BLOCK,0.0
TXN000987927,2024-01-09 01:13:09.907304,ACC000304,ACC010022,60926.57,1,BLOCK,1.0
TXN000972644,2024-01-09 01:15:35.850217,ACC001197,ACC000135,14595.59,1,BLOCK,0.0
TXN000983920,2024-01-09 01:45:13.910064,ACC000036,ACC024566,13245.05,0,STEP_UP,1.0
TXN000979611,2024-01-09 01:49:57.071481,ACC000074,ACC008653,9407.61,0,BLOCK,1.0
TXN000974325,2024-01-09 02:02:21.000000,ACC000570,ACC016411,10299.67,0,BLOCK,1.0
TXN000998005,2024-01-09 02:08:01.177209,ACC000051,ACC010694,42950.48,1,BLOCK,1.0
TXN000998004,2024-01-09 02:09:56.834213,ACC000051,ACC024159,42857.35,1,BLOCK,1.0
TXN000981550,2024-01-09 02:28:25.877312,ACC000802,ACC000104,29178.52,1,BLOCK,1.0
TXN000959859,2024-01-09 02:36:29.232470,ACC000384,ACC019494,49343.82,1,BLOCK,1.0
TXN000997136,2024-01-09 02:39:14.676598,ACC001048,ACC018666,43075.39,0,BLOCK,1.0
TXN000992222,2024-01-09 02:44:08.498199,ACC000018,ACC000339,95260.18,1,BLOCK,1.0
TXN000991897,2024-01-09 02:59:34.891048,ACC000996,ACC020773,42968.36,1,BLOCK,1.0
TXN000998007,2024-01-09 03:06:21.601767,ACC000051,ACC014200,42895.97,1,BLOCK,1.0
TXN000998003,2024-01-09 03:08:45.072996,ACC000051,ACC012781,42991.47,1,BLOCK,1.0
TXN000998845,2024-01-09 03:20:07.164253,ACC018092,ACC000860,14674.09,1,BLOCK,0.0
TXN000958702,2024-01-09 03:20:20.000000,ACC000134,ACC009575,1412.75,0,BLOCK,1.0
TXN000999066,2024-01-09 03:20:22.286658,ACC000031,ACC010137,46097.87,1,BLOCK,1.0
TXN000960016,2024-01-09 03:35:04.000000,ACC000918,ACC001740,532.44,0,BLOCK,1.0
TXN000998006,2024-01-09 03:39:40.846047,ACC000051,ACC008841,42837.7,1,BLOCK,1.0
TXN000991898,2024-01-09 03:50:36.756839,ACC000996,ACC014497,43123.18,1,BLOCK,1.0
TXN000966589,2024-01-09 04:03:55.686474,ACC000426,ACC000244,99048.09,1,BLOCK,1.0
TXN000988145,2024-01-09 04:05:25.014743,ACC000761,ACC000519,20900.96,1,BLOCK,1.0
TXN000982914,2024-01-09 04:15:20.000000,ACC000400,ACC025391,12091.52,0,BLOCK,1.0
TXN000973395,2024-01-09 04:53:47.615353,ACC023223,ACC000465,13474.07,1,BLOCK,0.0
TXN000983919,2024-01-09 04:56:11.225268,ACC000036,ACC017978,11012.18,0,BLOCK,1.0
TXN000998366,2024-01-09 04:59:02.242815,ACC000073,ACC021751,40067.68,0,BLOCK,1.0
TXN000966545,2024-01-09 05:00:00.000000,ACC000256,ACC009099,2260.23,0,STEP_UP,1.0
TXN000999069,2024-01-09 05:03:00.499507,ACC000031,ACC020509,45949.17,1,BLOCK,1.0
TXN000960817,2024-01-09 05:10:18.271419,ACC000130,ACC010617,19078.6,0,BLOCK,1.0
TXN000999070,2024-01-09 05:11:12.151316,ACC000031,ACC010821,46146.42,1,BLOCK,1.0
TXN000973406,2024-01-09 05:12:33.743695,ACC002571,ACC000465,12464.9,1,BLOCK,0.0
TXN000992223,2024-01-09 05:28:16.996399,ACC000339,ACC000217,92402.37,1,BLOCK,1.0
TXN000999067,2024-01-09 05:39:34.856895,ACC000031,ACC020143,46232.23,1,BLOCK,1.0
TXN000998365,2024-01-09 05:45:22.502996,ACC000073,ACC008057,49064.12,0,BLOCK,1.0
TXN000977492,2024-01-09 05:52:28.504879,ACC000199,ACC000089,81752.02,1,BLOCK,1.0
TXN000965547,2024-01-09 05:58:26.518499,ACC014587,ACC001005,13284.95,1,BLOCK,0.0
TXN000979613,2024-01-09 06:02:43.727182,ACC000074,ACC012746,8959.99,0,BLOCK,1.0
TXN000965556,2024-01-09 06:39:56.574119,ACC024134,ACC001005,14067.48,1,BLOCK,0.0
TXN000977849,2024-01-09 06:50:30.000000,ACC000593,ACC024020,185.75,0,BLOCK,1.0
TXN000999953,2024-01-09 06:57:26.803044,ACC000071,ACC018903,48033.59,0,BLOCK,1.0
TXN000999068,2024-01-09 06:57:45.360172,ACC000031,ACC008880,46128.83,1,BLOCK,1.0
TXN000978561,2024-01-09 07:03:42.000000,ACC000735,ACC018323,1911.98,0,BLOCK,1.0
TXN000984060,2024-01-09 07:17:57.000000,ACC000131,ACC006158,320.42,0,BLOCK,1.0
TXN000513516,2024-01-09 07:20:08.000000,ACC009763,ACC021788,100000.0,0,COOLING,0.0
TXN000999952,2024-01-09 07:20:51.174608,ACC000071,ACC003493,81429.36,0,BLOCK,1.0
TXN000965067,2024-01-09 07:27:14.000000,ACC001052,ACC024767,2422.58,0,BLOCK,1.0
TXN000984570,2024-01-09 07:27:19.000000,ACC000111,ACC020941,1358.41,0,BLOCK,1.0
TXN000959334,2024-01-09 07:29:55.557833,ACC000435,ACC000948,132368.34,1,BLOCK,1.0
TXN000983811,2024-01-09 07:31:11.000000,ACC000364,ACC003509,939.74,0,BLOCK,1.0
TXN000980331,2024-01-09 07:33:41.000000,ACC000359,ACC021746,2146.25,0,BLOCK,1.0
TXN000992500,2024-01-09 07:35:04.000000,ACC000750,ACC018987,1015.09,0,BLOCK,1.0
TXN000999441,2024-01-09 07:36:46.000000,ACC000164,ACC006208,693.79,0,BLOCK,1.0
TXN000962903,2024-01-09 07:41:45.000000,ACC000966,ACC016071,78.06,0,BLOCK,1.0
TXN000999835,2024-01-09 07:44:22.000000,ACC001018,ACC020327,3108.62,0,BLOCK,1.0
TXN000992346,2024-01-09 07:50:21.000000,ACC000453,ACC024443,63.77,0,BLOCK,1.0
TXN000997410,2024-01-09 07:51:13.524490,ACC000972,ACC023156,23123.67,0,BLOCK,1.0
TXN000979549,2024-01-09 07:53:26.000000,ACC000003,ACC021917,2105.62,0,BLOCK,1.0
TXN000544131,2024-01-09 08:00:00.000000,ACC020271,ACC021697,104573.85,0,COOLING,0.0
TXN000992438,2024-01-09 08:00:00.000000,ACC010002,ACC000508,42712.68,0,BLOCK,0.0
TXN000981397,2024-01-09 08:00:00.000000,ACC019497,ACC000232,74252.25,0,BLOCK,0.0
TXN000073702,2024-01-09 08:00:00.000000,ACC014570,ACC008836,141574.0,0,COOLING,0.0
TXN000784911,2024-01-09 08:00:00.000000,ACC001270,ACC002318,111959.75,0,COOLING,0.0
TXN000987402,2024-01-09 08:00:00.000000,ACC019821,ACC000215,96049.11,0,BLOCK,0.0
TXN000234297,2024-01-09 08:00:00.000000,ACC010431,ACC002388,123685.96,0,COOLING,0.0
TXN000969854,2024-01-09 08:01:44.000000,ACC000288,ACC007362,144.15,0,BLOCK,1.0
TXN000990794,2024-01-09 08:11:01.898347,ACC000779,ACC021905,25603.79,0,BLOCK,1.0
TXN000992224,2024-01-09 08:12:25.494598,ACC000217,ACC000497,89630.3,1,BLOCK,1.0
TXN000968212,2024-01-09 08:17:09.000000,ACC000644,ACC025992,6042.05,0,BLOCK,1.0
TXN000911837,2024-01-09 08:20:38.000000,ACC003296,ACC023954,100000.0,0,COOLING,0.0
TXN000985628,2024-01-09 08:22:40.000000,ACC000889,ACC016313,821.31,0,BLOCK,1.0
TXN000985399,2024-01-09 08:28:31.926339,ACC000398,ACC001461,34430.99,0,BLOCK,1.0
TXN000979343,2024-01-09 08:51:35.000000,ACC000421,ACC010057,421.23,0,BLOCK,1.0
TXN000998848,2024-01-09 08:52:26.157251,ACC012598,ACC000860,12205.49,1,BLOCK,0.0
TXN000332089,2024-01-09 09:00:00.000000,ACC008951,ACC014966,109227.05,0,COOLING,0.0
TXN000514136,2024-01-09 09:00:00.000000,ACC026644,ACC011458,134278.26,0,COOLING,0.0
TXN000482130,2024-01-09 09:00:00.000000,ACC009131,ACC013158,115088.29,0,COOLING,0.0
TXN000989955,2024-01-09 09:00:00.000000,ACC001256,ACC000729,50629.26,0,BLOCK,0.0
TXN000778356,2024-01-09 09:00:00.000000,ACC009481,ACC014798,102612.99,0,COOLING,0.0
TXN000960847,2024-01-09 09:00:07.000000,ACC000227,ACC008422,615.54,0,BLOCK,1.0
TXN000968804,2024-01-09 09:00:36.000000,ACC000558,ACC010592,1108.18,0,BLOCK,1.0
TXN000970009,2024-01-09 09:02:45.000000,ACC000613,ACC014185,1520.73,0,BLOCK,1.0
TXN000993755,2024-01-09 09:07:45.000000,ACC000622,ACC026776,545.9,0,BLOCK,1.0
TXN000962037,2024-01-09 09:08:31.000000,ACC000275,ACC002776,346.3,0,BLOCK,1.0
TXN000959864,2024-01-09 09:23:11.418899,ACC000365,ACC000384,25520.18,1,BLOCK,1.0
TXN000985644,2024-01-09 09:23:27.232627,ACC000596,ACC000889,27498.57,1,BLOCK,1.0
TXN000967881,2024-01-09 09:25:31.000000,ACC000056,ACC008479,653.82,0,BLOCK,1.0
TXN000997987,2024-01-09 09:29:27.000000,ACC000051,ACC005048,1299.64,0,BLOCK,1.0
TXN000990793,2024-01-09 09:29:30.711329,ACC000779,ACC008827,28749.27,0,BLOCK,1.0
TXN000965554,2024-01-09 09:39:32.974640,ACC008398,ACC001005,12213.02,1,BLOCK,0.0
TXN000965558,2024-01-09 09:45:41.476758,ACC023262,ACC001005,11310.38,1,BLOCK,0.0
TXN000962469,2024-01-09 09:54:24.000000,ACC000511,ACC004911,635.29,0,BLOCK,1.0
TXN000999078,2024-01-09 09:55:12.390107,ACC000031,ACC004778,46276.1,1,BLOCK,1.0
TXN000965567,2024-01-09 09:57:27.741051,ACC001005,ACC017061,100521.66,1,BLOCK,1.0
TXN000992973,2024-01-09 09:58:27.485944,ACC000354,ACC000434,55485.19,1,BLOCK,1.0
TXN000945611,2024-01-09 10:00:00.000000,ACC015207,ACC004064,113319.87,0,COOLING,0.0
TXN000886293,2024-01-09 10:00:00.000000,ACC014595,ACC005165,107511.16,0,COOLING,0.0
TXN000138645,2024-01-09 10:00:00.000000,ACC011063,ACC004973,104053.92,0,COOLING,0.0
TXN000958171,2024-01-09 10:00:00.000000,ACC015208,ACC002962,144614.97,0,COOLING,0.0
TXN000143188,2024-01-09 10:00:00.000000,ACC007776,ACC003118,100757.41,0,COOLING,0.0
TXN000715373,2024-01-09 10:00:00.000000,ACC023023,ACC020326,124299.92,0,COOLING,0.0
TXN000027403,2024-01-09 10:00:00.000000,ACC022690,ACC023740,109896.73,0,COOLING,0.0
TXN000965730,2024-01-09 10:01:17.000000,ACC000872,ACC011786,154.39,0,BLOCK,1.0
TXN000986184,2024-01-09 10:01:40.121505,ACC000409,ACC011811,48407.69,1,BLOCK,1.0
TXN000974093,2024-01-09 10:17:23.000000,ACC001051,ACC009021,3498.56,0,BLOCK,1.0
TXN000995355,2024-01-09 10:23:08.000000,ACC000603,ACC020970,1308.12,0,BLOCK,1.0
TXN000972473,2024-01-09 10:27:03.000000,ACC000150,ACC023976,560.8,0,BLOCK,1.0
TXN000966590,2024-01-09 10:34:53.082372,ACC000244,ACC025389,92652.54,1,BLOCK,1.0
TXN000972795,2024-01-09 10:37:33.000000,ACC000675,ACC016983,21535.26,0,BLOCK,1.0
TXN000966593,2024-01-09 10:41:56.702844,ACC000426,ACC000244,13589.23,1,BLOCK,1.0
TXN000962284,2024-01-09 10:49:59.814026,ACC001039,ACC000369,18935.68,1,BLOCK,1.0
TXN001000034,2024-01-09 10:54:06.000000,ACC000721,ACC021559,276.41,0,BLOCK,1.0
TXN000976689,2024-01-09 10:57:45.000000,ACC001035,ACC017332,2899.22,0,BLOCK,1.0
TXN000391677,2024-01-09 10:58:05.000000,ACC014663,ACC021765,100000.0,0,COOLING,0.0
TXN000962168,2024-01-09 10:58:40.000000,ACC000213,ACC022091,685.84,0,BLOCK,1.0
TXN000847933,2024-01-09 11:00:00.000000,ACC016878,ACC009082,130465.72,0,COOLING,0.0
TXN000117798,2024-01-09 11:00:00.000000,ACC021716,ACC004796,147698.66,0,COOLING,0.0
TXN000647571,2024-01-09 11:00:00.000000,ACC020401,ACC005423,102822.07,0,COOLING,0.0
TXN000394466,2024-01-09 11:00:00.000000,ACC003191,ACC015416,110639.27,0,COOLING,0.0
TXN000970429,2024-01-09 11:00:00.000000,ACC010615,ACC001060,90718.86,0,BLOCK,0.0
TXN000277635,2024-01-09 11:00:00.000000,ACC002909,ACC003983,124722.81,0,COOLING,0.0
TXN000266045,2024-01-09 11:00:00.000000,ACC010353,ACC004197,129360.55,0,COOLING,0.0
TXN000646153,2024-01-09 11:00:00.000000,ACC012739,ACC003633,146367.73,0,COOLING,0.0
TXN000776035,2024-01-09 11:00:00.000000,ACC017655,ACC022352,113491.14,0,COOLING,0.0
TXN000026293,2024-01-09 11:00:00.000000,ACC012495,ACC004803,114756.23,0,COOLING,0.0
TXN000969047,2024-01-09 11:03:56.024375,ACC000534,ACC015377,58164.58,1,BLOCK,1.0
TXN000980360,2024-01-09 11:13:17.606563,ACC000715,ACC000359,66937.56,1,BLOCK,1.0
TXN000999071,2024-01-09 11:13:42.727307,ACC000031,ACC008880,46122.69,1,BLOCK,1.0
TXN000980190,2024-01-09 11:17:01.000000,ACC000731,ACC010691,1060.24,0,BLOCK,1.0
TXN000983813,2024-01-09 11:21:04.000000,ACC000364,ACC003899,4886.92,0,BLOCK,1.0
TXN000997230,2024-01-09 11:27:23.000000,ACC000173,ACC012961,1082.92,0,BLOCK,1.0
TXN000979197,2024-01-09 11:27:51.000000,ACC001057,ACC010647,481.16,0,BLOCK,1.0
TXN000990888,2024-01-09 11:30:12.000000,ACC000978,ACC023530,93.54,0,BLOCK,1.0
TXN000976188,2024-01-09 11:32:59.000000,ACC000939,ACC025699,1880.56,0,BLOCK,1.0
TXN000983581,2024-01-09 11:35:23.000000,ACC000904,ACC022230,1742.44,0,BLOCK,1.0
TXN000960899,2024-01-09 11:37:11.000000,ACC001054,ACC018330,243.65,0,BLOCK,1.0
TXN000959934,2024-01-09 11:52:39.000000,ACC000037,ACC011941,5763.5,0,BLOCK,1.0
TXN000973386,2024-01-09 11:54:03.093721,ACC006363,ACC000465,10243.45,1,BLOCK,0.0
TXN000990768,2024-01-09 11:55:36.000000,ACC000779,ACC007135,621.1,0,BLOCK,1.0
TXN000967922,2024-01-09 11:59:22.000000,ACC000395,ACC023004,1792.96,0,BLOCK,1.0
TXN000960615,2024-01-09 12:00:00.000000,ACC010423,ACC000417,108412.32,0,BLOCK,0.0
TXN000364519,2024-01-09 12:00:00.000000,ACC010467,ACC002113,124608.47,0,COOLING,0.0
TXN000917812,2024-01-09 12:00:00.000000,ACC004751,ACC007368,140625.44,0,COOLING,0.0
TXN000214144,2024-01-09 12:00:00.000000,ACC013166,ACC004810,109220.11,0,COOLING,0.0
TXN000263954,2024-01-09 12:00:00.000000,ACC023029,ACC022643,147515.06,0,COOLING,0.0
TXN000254281,2024-01-09 12:00:00.000000,ACC026921,ACC022023,101675.56,0,COOLING,0.0
TXN000812242,2024-01-09 12:00:00.000000,ACC021744,ACC022155,116980.31,0,COOLING,0.0
TXN000807859,2024-01-09 12:00:00.000000,ACC022346,ACC026150,117696.05,0,COOLING,0.0
TXN000965610,2024-01-09 12:00:16.000000,ACC000977,ACC002143,151.65,0,BLOCK,1.0
TXN000974057,2024-01-09 12:10:14.000000,ACC000460,ACC019092,2520.75,0,BLOCK,1.0
TXN000960458,2024-01-09 12:19:03.000000,ACC000119,ACC020383,9076.08,0,BLOCK,1.0
TXN000959053,2024-01-09 12:29:50.000000,ACC004388,ACC000506,59109.71,0,BLOCK,0.0
TXN000965018,2024-01-09 12:37:58.000000,ACC000435,ACC001385,2085.38,0,BLOCK,1.0
TXN000963759,2024-01-09 12:43:16.000000,ACC000884,ACC011023,481.17,0,BLOCK,1.0
TXN001000270,2024-01-09 12:49:22.000000,ACC000732,ACC008291,293.34,0,BLOCK,1.0
TXN000991186,2024-01-09 12:49:36.000000,ACC000865,ACC021002,459.08,0,BLOCK,1.0
TXN000982528,2024-01-09 12:54:37.000000,ACC000350,ACC016466,45.93,0,BLOCK,1.0
TXN000993341,2024-01-09 12:56:42.000000,ACC000190,ACC008135,219.48,0,BLOCK,1.0
TXN000966754,2024-01-09 12:59:44.000000,ACC000211,ACC004282,647.78,0,BLOCK,1.0
TXN000738176,2024-01-09 13:00:00.000000,ACC022427,ACC002993,106987.15,0,COOLING,0.0
TXN000978928,2024-01-09 13:00:00.000000,ACC011154,ACC001006,99041.8,0,BLOCK,0.0
TXN000029016,2024-01-09 13:00:00.000000,ACC015342,ACC017950,119322.83,0,COOLING,0.0
TXN000817906,2024-01-09 13:00:00.000000,ACC001260,ACC001193,123930.48,0,COOLING,0.0
TXN000996529,2024-01-09 13:00:00.000000,ACC018276,ACC000429,59272.52,0,BLOCK,0.0
TXN000023762,2024-01-09 13:00:00.000000,ACC025404,ACC018637,112452.01,0,COOLING,0.0
TXN000286290,2024-01-09 13:00:00.000000,ACC022713,ACC015015,149545.33,0,COOLING,0.0
TXN000978847,2024-01-09 13:00:00.000000,ACC015530,ACC000836,92838.28,0,BLOCK,0.0
TXN000422735,2024-01-09 13:00:00.000000,ACC009419,ACC004125,119474.5,0,COOLING,0.0
TXN000281983,2024-01-09 13:00:00.000000,ACC009622,ACC002584,116270.99,0,COOLING,0.0
TXN000009782,2024-01-09 13:00:00.000000,ACC018046,ACC002776,116526.06,0,COOLING,0.0
TXN000342745,2024-01-09 13:00:00.000000,ACC008770,ACC003972,104745.35,0,COOLING,0.0
TXN000805064,2024-01-09 13:00:00.000000,ACC004848,ACC023240,115409.84,0,COOLING,0.0
TXN000980809,2024-01-09 13:05:51.000000,ACC000146,ACC003104,3148.58,0,BLOCK,1.0
TXN000972652,2024-01-09 13:10:52.092453,ACC008879,ACC000135,11645.56,1,BLOCK,0.0
TXN000961855,2024-01-09 13:12:54.000000,ACC000554,ACC025966,1783.77,0,BLOCK,1.0
TXN000972062,2024-01-09 13:13:02.000000,ACC000390,ACC008791,4865.92,0,BLOCK,1.0
TXN000969859,2024-01-09 13:14:48.000000,ACC000288,ACC011943,835.4,0,BLOCK,1.0
TXN000970984,2024-01-09 13:20:36.000000,ACC000695,ACC017122,908.55,0,BLOCK,1.0
TXN000963717,2024-01-09 13:21:03.000000,ACC000713,ACC025968,4665.22,0,BLOCK,1.0
TXN000959646,2024-01-09 13:23:14.000000,ACC000321,ACC016158,2959.05,0,BLOCK,1.0
TXN000998009,2024-01-09 13:37:21.585646,ACC000051,ACC015955,43173.3,1,BLOCK,1.0
TXN000971635,2024-01-09 13:40:15.000000,ACC017302,ACC000567,12358.41,0,BLOCK,0.0
TXN001000373,2024-01-09 13:40:37.000000,ACC000379,ACC025601,717.68,0,BLOCK,1.0
TXN000963445,2024-01-09 13:41:00.000000,ACC000618,ACC011158,4385.49,0,BLOCK,1.0
TXN000999072,2024-01-09 13:47:08.420336,ACC000031,ACC007239,46003.86,1,BLOCK,1.0
TXN000981399,2024-01-09 13:49:15.701316,ACC000232,ACC024607,25883.38,0,BLOCK,1.0
TXN000967170,2024-01-09 13:54:08.000000,ACC000859,ACC026974,14361.73,0,BLOCK,1.0
TXN001000301,2024-01-09 13:56:06.000000,ACC000944,ACC010441,1571.76,0,BLOCK,1.0
TXN000961011,2024-01-09 13:56:09.000000,ACC000033,ACC026425,296.52,0,BLOCK,1.0
TXN000966535,2024-01-09 13:58:13.000000,ACC000256,ACC001295,1758.12,0,BLOCK,1.0
TXN000987830,2024-01-09 14:00:00.000000,ACC016121,ACC000747,135528.95,0,BLOCK,0.0
TXN000747281,2024-01-09 14:00:00.000000,ACC021792,ACC025752,100219.26,0,COOLING,0.0
TXN000995984,2024-01-09 14:00:00.000000,ACC012567,ACC000583,113126.26,0,BLOCK,0.0
TXN000609575,2024-01-09 14:00:00.000000,ACC015426,ACC020238,135019.72,0,COOLING,0.0
TXN000596739,2024-01-09 14:00:00.000000,ACC024511,ACC014569,135221.22,0,COOLING,0.0
TXN000816214,2024-01-09 14:00:00.000000,ACC012337,ACC021633,102398.41,0,COOLING,0.0
TXN000320225,2024-01-09 14:00:00.000000,ACC002881,ACC002860,132318.42,0,COOLING,0.0
TXN000458348,2024-01-09 14:00:00.000000,ACC011152,ACC015401,102462.49,0,COOLING,0.0
TXN000482201,2024-01-09 14:00:00.000000,ACC012601,ACC017271,126484.19,0,COOLING,0.0
TXN000306314,2024-01-09 14:00:00.000000,ACC023723,ACC001691,136763.07,0,COOLING,0.0
TXN000900889,2024-01-09 14:00:00.000000,ACC018159,ACC010702,127152.18,0,COOLING,0.0
TXN000942008,2024-01-09 14:00:00.000000,ACC012376,ACC006272,139573.78,0,COOLING,0.0
TXN000819516,2024-01-09 14:00:00.000000,ACC001718,ACC002972,145262.5,0,COOLING,0.0
TXN000376354,2024-01-09 14:00:00.000000,ACC007711,ACC024703,106191.44,0,COOLING,0.0
TXN000035185,2024-01-09 14:00:00.000000,ACC019514,ACC015711,115952.85,0,COOLING,0.0
TXN000967565,2024-01-09 14:00:00.000000,ACC017377,ACC000854,30140.2,0,BLOCK,0.0
TXN000988409,2024-01-09 14:06:41.000000,ACC000251,ACC016639,1046.25,0,BLOCK,1.0
TXN000993347,2024-01-09 14:08:11.000000,ACC000190,ACC024371,423.76,0,BLOCK,1.0
TXN000973012,2024-01-09 14:18:02.000000,ACC000636,ACC024186,87.77,0,BLOCK,1.0
TXN000971345,2024-01-09 14:21:05.000000,ACC000296,ACC014967,735.22,0,BLOCK,1.0
TXN000992769,2024-01-09 14:23:45.000000,ACC000719,ACC026206,460.49,0,BLOCK,1.0
TXN000962387,2024-01-09 14:28:50.000000,ACC000023,ACC024672,1135.77,0,BLOCK,1.0
TXN000999745,2024-01-09 14:30:50.000000,ACC000114,ACC006212,911.81,0,BLOCK,1.0
TXN000981551,2024-01-09 14:35:25.628101,ACC000104,ACC019733,27772.45,1,BLOCK,1.0
TXN000969356,2024-01-09 14:36:41.000000,ACC000287,ACC008228,481.76,0,BLOCK,1.0
TXN000995007,2024-01-09 14:38:25.000000,ACC000829,ACC010490,85.43,0,BLOCK,1.0
TXN000981398,2024-01-09 14:41:17.768929,ACC000232,ACC019365,31869.85,0,BLOCK,1.0
TXN000972331,2024-01-09 14:42:29.000000,ACC000236,ACC023565,312.92,0,BLOCK,1.0
TXN000999334,2024-01-09 14:43:42.000000,ACC000449,ACC016270,171.7,0,BLOCK,1.0
TXN000968319,2024-01-09 14:46:20.000000,ACC000846,ACC010702,1767.97,0,BLOCK,1.0
TXN000999079,2024-01-09 14:50:06.994144,ACC000031,ACC008620,46194.25,1,BLOCK,1.0
TXN000961755,2024-01-09 14:57:57.000000,ACC000632,ACC002045,2086.14,0,BLOCK,1.0
TXN000959335,2024-01-09 14:59:51.115666,ACC000948,ACC000975,128397.29,1,BLOCK,1.0
TXN000765027,2024-01-09 15:00:00.000000,ACC024788,ACC016728,115329.71,0,COOLING,0.0
TXN000619166,2024-01-09 15:00:00.000000,ACC011130,ACC007588,116692.0,0,COOLING,0.0
TXN000773968,2024-01-09 15:00:00.000000,ACC009099,ACC007646,110385.59,0,COOLING,0.0
TXN000160915,2024-01-09 15:00:00.000000,ACC009353,ACC005860,149871.59,0,COOLING,0.0
TXN000837099,2024-01-09 15:00:00.000000,ACC007497,ACC015057,114829.31,0,COOLING,0.0
TXN000693282,2024-01-09 15:00:00.000000,ACC014950,ACC016869,148310.73,0,COOLING,0.0
TXN000476403,2024-01-09 15:00:00.000000,ACC017012,ACC011343,142091.79,0,COOLING,0.0
TXN000484609,2024-01-09 15:00:00.000000,ACC007983,ACC016432,114602.82,0,COOLING,0.0
TXN000980967,2024-01-09 15:00:00.000000,ACC001208,ACC000990,62337.26,0,BLOCK,0.0
TXN000911775,2024-01-09 15:00:00.000000,ACC018629,ACC015354,105668.66,0,COOLING,0.0
TXN000985909,2024-01-09 15:03:19.000000,ACC000228,ACC024050,1763.22,0,BLOCK,1.0
TXN000970285,2024-01-09 15:04:26.000000,ACC000706,ACC003755,128.14,0,BLOCK,1.0
TXN000960617,2024-01-09 15:06:00.600288,ACC000417,ACC001443,62274.85,0,BLOCK,1.0
TXN000998856,2024-01-09 15:06:59.185656,ACC000860,ACC016302,43172.4,1,BLOCK,1.0
TXN000978248,2024-01-09 15:08:13.000000,ACC000784,ACC007277,1039.62,0,BLOCK,1.0
TXN000998010,2024-01-09 15:09:02.973277,ACC000051,ACC010780,42898.7,1,BLOCK,1.0
TXN000978850,2024-01-09 15:09:52.671315,ACC000836,ACC010344,58711.53,0,BLOCK,1.0
TXN000982907,2024-01-09 15:14:59.000000,ACC012826,ACC000400,11206.72,0,BLOCK,0.0
TXN000991899,2024-01-09 15:22:35.591078,ACC000996,ACC008357,43091.68,1,BLOCK,1.0
TXN000978884,2024-01-09 15:22:37.000000,ACC000797,ACC025187,312.37,0,BLOCK,1.0
TXN000977637,2024-01-09 15:30:14.000000,ACC000425,ACC017087,1263.19,0,BLOCK,1.0
TXN000995985,2024-01-09 15:36:10.709799,ACC000583,ACC017684,45306.31,0,BLOCK,1.0
TXN000976683,2024-01-09 15:37:14.000000,ACC001035,ACC020081,9718.03,0,BLOCK,1.0
TXN000977055,2024-01-09 15:37:49.000000,ACC001049,ACC001450,1319.82,0,BLOCK,1.0
TXN000980955,2024-01-09 15:51:43.000000,ACC000990,ACC014655,500.81,0,BLOCK,1.0
TXN000966467,2024-01-09 15:56:39.000000,ACC000163,ACC001750,96.19,0,BLOCK,1.0
TXN000915357,2024-01-09 16:00:00.000000,ACC003413,ACC004855,101429.67,0,COOLING,0.0
TXN000227086,2024-01-09 16:00:00.000000,ACC019912,ACC006878,103969.06,0,COOLING,0.0
TXN000227858,2024-01-09 16:00:00.000000,ACC025313,ACC013382,113226.28,0,COOLING,0.0
TXN000997245,2024-01-09 16:00:00.000000,ACC026483,ACC000173,126329.07,0,BLOCK,0.0
TXN000754762,2024-01-09 16:00:00.000000,ACC011830,ACC025151,130710.3,0,COOLING,0.0
TXN000883442,2024-01-09 16:00:00.000000,ACC011442,ACC003150,125541.55,0,COOLING,0.0
TXN000517593,2024-01-09 16:00:00.000000,ACC005383,ACC003834,123230.86,0,COOLING,0.0
TXN000351340,2024-01-09 16:00:00.000000,ACC019378,ACC008920,148346.56,0,COOLING,0.0
TXN000895544,2024-01-09 16:00:00.000000,ACC012230,ACC021475,109910.03,0,COOLING,0.0
TXN000725892,2024-01-09 16:00:00.000000,ACC009367,ACC022363,140968.84,0,COOLING,0.0
TXN000984452,2024-01-09 16:00:00.000000,ACC007538,ACC000058,29056.35,0,BLOCK,0.0
TXN000871893,2024-01-09 16:00:00.000000,ACC015694,ACC016069,103170.92,0,COOLING,0.0
TXN000602917,2024-01-09 16:00:00.000000,ACC026822,ACC017725,142329.79,0,COOLING,0.0
TXN000659206,2024-01-09 16:00:00.000000,ACC007337,ACC008166,143951.58,0,COOLING,0.0
TXN000973392,2024-01-09 16:09:06.643025,ACC006363,ACC000465,11870.8,1,BLOCK,0.0
TXN000973381,2024-01-09 16:14:08.488668,ACC019444,ACC000465,13121.45,1,BLOCK,0.0
TXN000992259,2024-01-09 16:15:11.000000,ACC001032,ACC007276,132.3,0,BLOCK,1.0
TXN000982129,2024-01-09 16:28:20.000000,ACC000478,ACC025865,1036.08,0,BLOCK,1.0
TXN000959354,2024-01-09 16:34:35.000000,ACC000389,ACC014769,51.17,0,BLOCK,1.0
TXN000988146,2024-01-09 16:43:12.839402,ACC000519,ACC018792,19735.58,1,STEP_UP,1.0
TXN000992439,2024-01-09 16:43:35.458248,ACC000508,ACC025447,24083.37,0,BLOCK,1.0
TXN000970430,2024-01-09 16:48:50.571841,ACC001060,ACC013902,49912.36,0,BLOCK,1.0
TXN000967891,2024-01-09 16:49:26.000000,ACC000056,ACC016784,468.05,0,BLOCK,1.0
TXN000981140,2024-01-09 16:51:42.000000,ACC001028,ACC024445,680.68,0,BLOCK,1.0
TXN000985643,2024-01-09 16:52:46.480904,ACC000889,ACC026188,79971.06,1,BLOCK,1.0
TXN000959275,2024-01-09 16:55:16.000000,ACC000832,ACC011732,232.27,0,BLOCK,1.0
TXN000960992,2024-01-09 16:59:29.000000,ACC001027,ACC026395,2341.26,0,BLOCK,1.0
TXN000757005,2024-01-09 17:00:00.000000,ACC021741,ACC021923,136496.62,0,COOLING,0.0
TXN000685601,2024-01-09 17:00:00.000000,ACC022196,ACC008548,137769.59,0,COOLING,0.0
TXN000252715,2024-01-09 17:00:00.000000,ACC009232,ACC002182,102950.85,0,COOLING,0.0
TXN000530331,2024-01-09 17:00:00.000000,ACC020062,ACC008446,111030.62,0,COOLING,0.0
TXN000483839,2024-01-09 17:00:00.000000,ACC022333,ACC009019,112317.35,0,COOLING,0.0
TXN000593290,2024-01-09 17:00:00.000000,ACC021667,ACC005687,144491.05,0,COOLING,0.0
TXN000984960,2024-01-09 17:02:21.000000,ACC000314,ACC009987,291.09,0,BLOCK,1.0
TXN000965830,2024-01-09 17:14:46.000000,ACC000866,ACC002076,262.65,0,BLOCK,1.0
TXN000973401,2024-01-09 17:16:11.504267,ACC024692,ACC000465,14417.73,1,BLOCK,0.0
TXN000962802,2024-01-09 17:19:55.000000,ACC000806,ACC011967,256.14,0,BLOCK,1.0
TXN000979516,2024-01-09 17:21:27.000000,ACC000661,ACC005838,634.54,0,BLOCK,1.0
TXN000965397,2024-01-09 17:22:41.000000,ACC000000,ACC005481,3752.69,0,BLOCK,1.0
TXN000987831,2024-01-09 17:43:14.550156,ACC000747,ACC006880,45386.51,0,BLOCK,1.0
TXN000973390,2024-01-09 17:54:52.049250,ACC005432,ACC000465,12070.93,1,BLOCK,0.0
TXN000407240,2024-01-09 18:00:00.000000,ACC014928,ACC012836,145386.5,0,COOLING,0.0
TXN000492058,2024-01-09 18:00:00.000000,ACC017408,ACC015931,147487.39,0,COOLING,0.0
TXN000464807,2024-01-09 18:00:00.000000,ACC007233,ACC012301,147529.18,0,COOLING,0.0
TXN000159362,2024-01-09 18:00:00.000000,ACC023430,ACC013638,107819.98,0,COOLING,0.0
TXN000651899,2024-01-09 18:00:00.000000,ACC012844,ACC011073,110193.04,0,COOLING,0.0
TXN000695390,2024-01-09 18:00:00.000000,ACC001898,ACC003265,122964.82,0,COOLING,0.0
TXN000119260,2024-01-09 18:00:00.000000,ACC015773,ACC007511,110292.84,0,COOLING,0.0
TXN000126996,2024-01-09 18:00:00.000000,ACC021092,ACC004286,142185.55,0,COOLING,0.0
TXN000432388,2024-01-09 18:00:00.000000,ACC003203,ACC010890,137629.63,0,COOLING,0.0
TXN000688710,2024-01-09 18:00:00.000000,ACC021199,ACC008193,134336.59,0,COOLING,0.0
TXN000988401,2024-01-09 18:09:19.000000,ACC000251,ACC015063,115.86,0,BLOCK,1.0
TXN000982127,2024-01-09 18:38:20.000000,ACC000478,ACC020011,1347.32,0,BLOCK,1.0
TXN000968873,2024-01-09 18:55:46.000000,ACC001070,ACC017452,38.44,0,BLOCK,1.0
TXN000966594,2024-01-09 19:10:12.579199,ACC000244,ACC025389,12475.84,1,STEP_UP,1.0
TXN000985793,2024-01-09 19:12:09.000000,ACC001075,ACC022036,355.48,0,BLOCK,1.0
TXN000977493,2024-01-09 19:22:19.049333,ACC000089,ACC010584,80744.27,1,BLOCK,1.0
TXN000998855,2024-01-09 19:37:53.588441,ACC000860,ACC016302,87807.59,1,BLOCK,1.0
TXN000998011,2024-01-09 19:38:17.956218,ACC000051,ACC010228,43161.84,1,BLOCK,1.0
TXN000964986,2024-01-09 19:42:58.119676,ACC000322,ACC000419,86164.85,1,BLOCK,1.0
TXN000982687,2024-01-09 19:45:05.416114,ACC000560,ACC000899,70509.09,1,BLOCK,1.0
TXN000962285,2024-01-09 19:46:56.900581,ACC000369,ACC008554,18351.13,1,STEP_UP,1.0
TXN000967161,2024-01-09 19:56:50.000000,ACC000859,ACC014452,107.8,0,BLOCK,1.0
TXN000978848,2024-01-09 19:57:46.340673,ACC000836,ACC020092,32098.83,0,BLOCK,1.0
TXN000987403,2024-01-09 20:04:55.378202,ACC000215,ACC009541,54725.52,0,BLOCK,1.0
TXN000999077,2024-01-09 20:09:42.876199,ACC000031,ACC010821,46116.38,1,BLOCK,1.0
TXN000981400,2024-01-09 20:14:48.709952,ACC000232,ACC012800,21683.31,0,BLOCK,1.0
TXN000980361,2024-01-09 20:44:26.628159,ACC000359,ACC004333,61780.44,1,BLOCK,1.0
TXN000996530,2024-01-09 20:47:29.334850,ACC000429,ACC018539,30304.53,0,BLOCK,1.0
TXN000962282,2024-01-09 20:52:57.350705,ACC001039,ACC000369,24215.2,1,BLOCK,1.0
TXN000989956,2024-01-09 20:56:12.122150,ACC000729,ACC026017,20327.66,0,BLOCK,1.0
TXN000992972,2024-01-09 21:01:38.693788,ACC000434,ACC004490,15932.77,1,STEP_UP,1.0
TXN000998008,2024-01-09 21:05:20.480562,ACC000051,ACC014334,43114.32,1,BLOCK,1.0
TXN000980120,2024-01-09 21:28:25.000000,ACC000388,ACC021649,497.87,0,BLOCK,1.0
TXN000987404,2024-01-09 21:35:45.270901,ACC000215,ACC026639,37456.13,0,BLOCK,1.0
TXN000959390,2024-01-09 21:57:00.922614,ACC000389,ACC006184,55106.48,1,BLOCK,1.0
TXN000994091,2024-01-09 22:16:09.555142,ACC001057,ACC000189,95394.26,1,BLOCK,1.0
TXN000959336,2024-01-09 22:29:46.673499,ACC000975,ACC000482,124545.38,1,BLOCK,1.0
TXN000973396,2024-01-09 22:44:27.272278,ACC017247,ACC000465,14159.22,1,BLOCK,0.0
TXN000980969,2024-01-09 23:12:13.979976,ACC000990,ACC013312,24464.36,0,BLOCK,1.0
TXN000999080,2024-01-09 23:13:32.026244,ACC000031,ACC008620,46100.99,1,BLOCK,1.0
TXN000999074,2024-01-09 23:24:24.187531,ACC000031,ACC010519,46153.06,1,BLOCK,1.0
TXN000992974,2024-01-09 23:37:53.877534,ACC000434,ACC004490,54871.29,1,BLOCK,1.0
TXN000971348,2024-01-10 00:00:00.000000,ACC000296,ACC011655,41933.2,1,BLOCK,1.0
TXN000993981,2024-01-10 00:00:00.000000,ACC000367,ACC000879,66157.99,1,BLOCK,1.0
TXN000979698,2024-01-10 00:00:00.000000,ACC001071,ACC025230,40031.05,1,BLOCK,1.0
TXN000981876,2024-01-10 00:00:00.000000,ACC000724,ACC000949,48884.96,1,BLOCK,1.0
TXN000963645,2024-01-10 00:00:00.000000,ACC000352,ACC000021,142049.79,1,BLOCK,1.0
TXN000975817,2024-01-10 00:00:00.000000,ACC000188,ACC000849,81370.43,1,BLOCK,1.0
TXN000962675,2024-01-10 00:00:00.000000,ACC000191,ACC017911,44147.59,1,BLOCK,1.0
TXN000976237,2024-01-10 00:00:00.000000,ACC000012,ACC000495,37096.94,1,BLOCK,1.0
TXN000980968,2024-01-10 00:23:44.142556,ACC000990,ACC014232,31663.77,0,BLOCK,1.0
TXN000996531,2024-01-10 00:24:53.009574,ACC000429,ACC015170,32950.47,0,BLOCK,1.0
TXN000978377,2024-01-10 00:36:36.192703,ACC000388,ACC000609,24292.91,1,BLOCK,1.0
TXN000973398,2024-01-10 00:39:23.266348,ACC005432,ACC000465,10846.0,1,BLOCK,0.0
TXN000999082,2024-01-10 00:49:58.947860,ACC000031,ACC003042,46261.79,1,BLOCK,1.0
TXN000979699,2024-01-10 01:08:15.655585,ACC001071,ACC021912,40339.09,1,BLOCK,1.0
TXN000967566,2024-01-10 01:18:33.219950,ACC000854,ACC003625,14594.94,0,BLOCK,1.0
TXN000963709,2024-01-10 01:19:21.000000,ACC000713,ACC017523,2388.56,0,BLOCK,1.0
TXN000962677,2024-01-10 01:19:43.996213,ACC000191,ACC011927,44185.62,1,BLOCK,1.0
TXN000997246,2024-01-10 01:27:11.709200,ACC000173,ACC018791,70308.35,0,BLOCK,1.0
TXN000971349,2024-01-10 01:34:42.153117,ACC000296,ACC007723,41914.77,1,BLOCK,1.0
TXN000999073,2024-01-10 02:01:02.709909,ACC000031,ACC010137,45997.72,1,BLOCK,1.0
TXN000992090,2024-01-10 02:19:53.000000,ACC001000,ACC021151,4235.83,0,BLOCK,1.0
TXN000971350,2024-01-10 02:22:53.193391,ACC000296,ACC007723,41816.83,1,BLOCK,1.0
TXN000986646,2024-01-10 02:53:05.000000,ACC000366,ACC021020,377.39,0,BLOCK,1.0
TXN000978378,2024-01-10 03:10:36.512606,ACC000609,ACC015445,22139.16,1,BLOCK,1.0
TXN000994089,2024-01-10 03:29:24.901666,ACC001057,ACC000189,90462.13,1,BLOCK,1.0
TXN000959865,2024-01-10 03:29:32.545390,ACC000384,ACC019494,23289.8,1,BLOCK,1.0
TXN000962676,2024-01-10 03:39:52.175404,ACC000191,ACC021075,44105.31,1,BLOCK,1.0
TXN000959862,2024-01-10 03:59:11.993150,ACC000365,ACC000384,14043.36,1,BLOCK,1.0
TXN000979701,2024-01-10 04:21:28.627470,ACC001071,ACC021912,40291.59,1,BLOCK,1.0
TXN000959863,2024-01-10 04:28:23.556120,ACC000384,ACC019494,13627.26,1,STEP_UP,1.0
TXN000989957,2024-01-10 04:30:36.787835,ACC000729,ACC025699,21164.85,0,BLOCK,1.0
TXN000979703,2024-01-10 04:33:07.719657,ACC001071,ACC025230,40373.83,1,BLOCK,1.0
TXN000962678,2024-01-10 04:42:27.104099,ACC000191,ACC018830,44310.25,1,BLOCK,1.0
TXN000978929,2024-01-10 04:44:49.997231,ACC001006,ACC022495,42442.88,0,BLOCK,1.0
TXN000971351,2024-01-10 05:35:52.691382,ACC000296,ACC009723,41796.14,1,BLOCK,1.0
TXN000967308,2024-01-10 05:38:57.783525,ACC005440,ACC000420,14163.1,1,BLOCK,0.0
TXN000967319,2024-01-10 05:40:25.974405,ACC025940,ACC000420,12675.35,1,BLOCK,0.0
TXN000986189,2024-01-10 05:45:19.489169,ACC000779,ACC000409,91444.24,1,BLOCK,1.0
TXN000978849,2024-01-10 06:01:39.582478,ACC000836,ACC014724,58738.26,0,BLOCK,1.0
TXN000960616,2024-01-10 06:05:57.783136,ACC000417,ACC017545,69095.93,0,BLOCK,1.0
TXN000979700,2024-01-10 06:07:31.497389,ACC001071,ACC024938,40142.97,1,BLOCK,1.0
TXN000984454,2024-01-10 06:57:29.180887,ACC000058,ACC021533,11228.66,0,BLOCK,1.0
TXN000985645,2024-01-10 07:11:29.281414,ACC000889,ACC026188,25645.42,1,BLOCK,1.0
TXN000975095,2024-01-10 07:14:30.000000,ACC000987,ACC026332,11085.99,0,STEP_UP,1.0
TXN000964660,2024-01-10 07:31:58.000000,ACC000847,ACC008027,102.27,0,BLOCK,1.0
TXN000973383,2024-01-10 07:35:00.853916,ACC005398,ACC000465,10869.59,1,BLOCK,0.0
TXN000989222,2024-01-10 07:36:27.000000,ACC000799,ACC015578,651.18,0,BLOCK,1.0
TXN000984616,2024-01-10 07:37:40.031806,ACC010433,ACC000850,14029.47,1,BLOCK,0.0
TXN000981877,2024-01-10 07:46:52.306961,ACC000949,ACC016550,45071.48,1,BLOCK,1.0
TXN000961913,2024-01-10 07:56:21.000000,ACC000405,ACC005992,325.82,0,BLOCK,1.0
TXN000705698,2024-01-10 08:00:00.000000,ACC010804,ACC005948,147913.54,0,COOLING,0.0
TXN000643489,2024-01-10 08:00:00.000000,ACC011715,ACC021437,114818.98,0,COOLING,0.0
TXN000753351,2024-01-10 08:00:00.000000,ACC011629,ACC009922,101771.18,0,COOLING,0.0
TXN000831822,2024-01-10 08:00:00.000000,ACC020407,ACC005365,134017.0,0,COOLING,0.0
TXN000056927,2024-01-10 08:00:00.000000,ACC023551,ACC010544,148729.46,0,COOLING,0.0
TXN000866357,2024-01-10 08:00:00.000000,ACC009091,ACC017995,116320.38,0,COOLING,0.0
TXN000116392,2024-01-10 08:00:00.000000,ACC024547,ACC001607,136290.25,0,COOLING,0.0
TXN000674924,2024-01-10 08:00:00.000000,ACC004713,ACC003554,141088.18,0,COOLING,0.0
TXN000990796,2024-01-10 08:00:00.000000,ACC017783,ACC000779,70085.08,0,BLOCK,0.0
TXN000964179,2024-01-10 08:00:00.000000,ACC024195,ACC000961,50314.3,0,BLOCK,0.0
TXN000959391,2024-01-10 08:13:17.200843,ACC000127,ACC000389,20696.81,1,BLOCK,1.0
TXN000982670,2024-01-10 08:24:25.000000,ACC000899,ACC004830,16.76,0,BLOCK,1.0
TXN000980667,2024-01-10 08:29:13.000000,ACC000552,ACC005705,916.05,0,BLOCK,1.0
TXN000966978,2024-01-10 08:50:26.000000,ACC000711,ACC017126,4538.35,0,BLOCK,1.0
TXN000971352,2024-01-10 08:53:11.825085,ACC000296,ACC025505,41695.67,1,BLOCK,1.0
TXN000976238,2024-01-10 08:54:20.974516,ACC000495,ACC000946,35984.03,1,BLOCK,1.0
TXN000510888,2024-01-10 09:00:00.000000,ACC009604,ACC013931,119714.88,0,COOLING,0.0
TXN000404210,2024-01-10 09:00:00.000000,ACC009423,ACC017009,124009.33,0,COOLING,0.0
TXN000731242,2024-01-10 09:00:00.000000,ACC005801,ACC023268,118839.56,0,COOLING,0.0
TXN000444651,2024-01-10 09:00:00.000000,ACC017721,ACC007565,148779.26,0,COOLING,0.0
TXN000498601,2024-01-10 09:00:00.000000,ACC010645,ACC025890,129668.62,0,COOLING,0.0
TXN000201621,2024-01-10 09:00:00.000000,ACC010827,ACC012924,149028.89,0,COOLING,0.0
TXN000194282,2024-01-10 09:00:00.000000,ACC017875,ACC005747,133278.99,0,COOLING,0.0
TXN000146365,2024-01-10 09:00:00.000000,ACC019872,ACC009486,115977.03,0,COOLING,0.0
TXN000790807,2024-01-10 09:00:00.000000,ACC009221,ACC010839,142382.7,0,COOLING,0.0
TXN000950633,2024-01-10 09:00:00.000000,ACC008999,ACC017695,104531.04,0,COOLING,0.0
TXN000984615,2024-01-10 09:00:04.623959,ACC018006,ACC000850,10222.99,1,BLOCK,0.0
TXN001000035,2024-01-10 09:05:38.000000,ACC000721,ACC015380,392.24,0,BLOCK,1.0
TXN000995106,2024-01-10 09:08:41.000000,ACC000498,ACC005688,2167.85,0,BLOCK,1.0
TXN000989326,2024-01-10 09:08:54.000000,ACC000094,ACC002578,537.43,0,BLOCK,1.0
TXN000962681,2024-01-10 09:10:39.884615,ACC000191,ACC001341,44051.67,1,BLOCK,1.0
TXN000975818,2024-01-10 09:15:10.977126,ACC000849,ACC011463,80252.49,1,BLOCK,1.0
TXN000973331,2024-01-10 09:15:55.000000,ACC000701,ACC004998,266.87,0,BLOCK,1.0
TXN000993982,2024-01-10 09:17:59.228527,ACC000879,ACC001597,64754.34,1,BLOCK,1.0
TXN000977014,2024-01-10 09:20:41.000000,ACC000060,ACC002234,7725.96,0,BLOCK,1.0
TXN000991556,2024-01-10 09:21:23.000000,ACC001056,ACC005936,424.87,0,BLOCK,1.0
TXN000976583,2024-01-10 09:35:27.000000,ACC000646,ACC015899,1170.85,0,BLOCK,1.0
TXN000961973,2024-01-10 09:39:55.000000,ACC001026,ACC017029,244.24,0,BLOCK,1.0
TXN000972653,2024-01-10 09:46:34.905996,ACC010684,ACC000135,12430.52,1,BLOCK,0.0
TXN000964987,2024-01-10 09:49:30.582906,ACC000419,ACC020995,78838.26,1,BLOCK,1.0
TXN000981633,2024-01-10 09:50:03.000000,ACC000486,ACC004461,319.75,0,BLOCK,1.0
TXN000967323,2024-01-10 09:53:13.898487,ACC010474,ACC000420,10920.4,1,BLOCK,0.0
TXN000976702,2024-01-10 09:56:16.000000,ACC001035,ACC007555,1064.79,0,BLOCK,1.0
TXN000991416,2024-01-10 09:57:51.229090,ACC000118,ACC000699,52426.52,1,BLOCK,1.0
TXN000359607,2024-01-10 10:00:00.000000,ACC015764,ACC025806,136803.77,0,COOLING,0.0
TXN000959604,2024-01-10 10:00:00.000000,ACC014343,ACC000600,38680.22,0,BLOCK,0.0
TXN000883203,2024-01-10 10:00:00.000000,ACC015706,ACC023622,111644.66,0,COOLING,0.0
TXN000357512,2024-01-10 10:00:00.000000,ACC018005,ACC020944,142826.65,0,COOLING,0.0
TXN000236197,2024-01-10 10:00:00.000000,ACC018900,ACC013826,138734.71,0,COOLING,0.0
TXN000970562,2024-01-10 10:00:00.000000,ACC024516,ACC000263,129686.2,0,BLOCK,0.0
TXN000975782,2024-01-10 10:07:56.000000,ACC000765,ACC016454,4105.83,0,BLOCK,1.0
TXN000976235,2024-01-10 10:18:47.000000,ACC000012,ACC024734,2197.27,0,BLOCK,1.0
TXN000959860,2024-01-10 10:34:13.932682,ACC000365,ACC000384,89048.76,1,BLOCK,1.0
TXN000976144,2024-01-10 10:35:34.000000,ACC000306,ACC002321,667.65,0,BLOCK,1.0
TXN001000054,2024-01-10 10:35:48.000000,ACC000721,ACC026062,343.89,0,BLOCK,1.0
TXN000962679,2024-01-10 10:36:25.805926,ACC000191,ACC018830,44356.29,1,BLOCK,1.0
TXN000999076,2024-01-10 10:37:42.951142,ACC000031,ACC022432,45952.84,1,BLOCK,1.0
TXN000962680,2024-01-10 10:42:39.883276,ACC000191,ACC001176,44052.0,1,BLOCK,1.0
TXN000967329,2024-01-10 10:49:10.389579,ACC016909,ACC000420,11677.03,1,BLOCK,0.0
TXN000959861,2024-01-10 10:52:50.039290,ACC000384,ACC019494,83427.83,1,BLOCK,1.0
TXN000958714,2024-01-10 10:55:04.916539,ACC000639,ACC000134,32873.1,1,BLOCK,1.0
TXN000999204,2024-01-10 10:58:41.000000,ACC000746,ACC006547,12560.22,0,BLOCK,1.0
TXN000063755,2024-01-10 11:00:00.000000,ACC022834,ACC023731,122497.2,0,COOLING,0.0
TXN000959612,2024-01-10 11:00:00.000000,ACC010598,ACC000600,76347.33,0,BLOCK,0.0
TXN000267584,2024-01-10 11:00:00.000000,ACC014576,ACC023197,102363.45,0,COOLING,0.0
TXN000969975,2024-01-10 11:00:00.000000,ACC001105,ACC000302,113935.8,0,BLOCK,0.0
TXN000171473,2024-01-10 11:00:00.000000,ACC002749,ACC022628,127443.35,0,COOLING,0.0
TXN000197085,2024-01-10 11:00:00.000000,ACC009436,ACC010251,100731.27,0,COOLING,0.0
TXN000055526,2024-01-10 11:00:00.000000,ACC010407,ACC025026,111473.11,0,COOLING,0.0
TXN000226354,2024-01-10 11:00:00.000000,ACC016434,ACC008809,134272.34,0,COOLING,0.0
TXN000871152,2024-01-10 11:00:00.000000,ACC007571,ACC012607,122554.63,0,COOLING,0.0
TXN000998469,2024-01-10 11:03:10.000000,ACC000531,ACC008730,3740.36,0,BLOCK,1.0
TXN000983592,2024-01-10 11:07:11.221168,ACC000379,ACC000904,67389.86,1,BLOCK,1.0
TXN000990798,2024-01-10 11:12:44.502208,ACC000779,ACC003448,21070.27,0,BLOCK,1.0
TXN000959843,2024-01-10 11:14:06.000000,ACC000384,ACC017522,7341.02,0,BLOCK,1.0
TXN000984453,2024-01-10 11:16:18.299251,ACC000058,ACC022643,11969.87,0,BLOCK,1.0
TXN000964704,2024-01-10 11:18:54.000000,ACC000470,ACC020090,1433.21,0,BLOCK,1.0
TXN000977943,2024-01-10 11:25:53.000000,ACC000758,ACC015402,1370.77,0,BLOCK,1.0
TXN000990799,2024-01-10 11:29:00.060194,ACC000779,ACC024916,29817.94,0,BLOCK,1.0
TXN000987928,2024-01-10 11:30:46.904006,ACC001030,ACC000304,60297.62,1,BLOCK,1.0
TXN000982688,2024-01-10 11:33:08.265114,ACC000899,ACC007497,68746.3,1,BLOCK,1.0
TXN000962684,2024-01-10 11:48:51.244350,ACC000191,ACC024828,44402.23,1,BLOCK,1.0
TXN000963646,2024-01-10 11:49:39.728338,ACC000021,ACC000445,137788.29,1,BLOCK,1.0
TXN000963953,2024-01-10 11:50:48.000000,ACC000525,ACC012894,828.11,0,BLOCK,1.0
TXN000959605,2024-01-10 11:52:36.720801,ACC000600,ACC014637,22409.66,0,BLOCK,1.0
TXN000978210,2024-01-10 11:54:26.000000,ACC000913,ACC001154,778.13,0,BLOCK,1.0
TXN000959613,2024-01-10 11:56:06.056847,ACC000600,ACC014637,27108.51,0,BLOCK,1.0
TXN000993431,2024-01-10 11:59:46.000000,ACC001021,ACC014204,410.68,0,BLOCK,1.0
TXN000154425,2024-01-10 12:00:00.000000,ACC021832,ACC006592,127425.83,0,COOLING,0.0
TXN000985745,2024-01-10 12:00:00.000000,ACC017159,ACC000974,135525.12,0,BLOCK,0.0
TXN000083424,2024-01-10 12:00:00.000000,ACC006550,ACC021431,141955.1,0,COOLING,0.0
TXN000072088,2024-01-10 12:00:00.000000,ACC001279,ACC019267,131449.55,0,COOLING,0.0
TXN000963694,2024-01-10 12:00:00.000000,ACC017222,ACC000002,123921.47,0,BLOCK,0.0
TXN000998991,2024-01-10 12:00:00.000000,ACC001904,ACC000914,124341.55,0,BLOCK,0.0
TXN000401982,2024-01-10 12:00:00.000000,ACC011426,ACC012415,105691.67,0,COOLING,0.0
TXN000236191,2024-01-10 12:00:00.000000,ACC021156,ACC013826,146455.16,0,COOLING,0.0
TXN000729822,2024-01-10 12:00:00.000000,ACC014970,ACC018747,109121.61,0,COOLING,0.0
TXN000680087,2024-01-10 12:00:00.000000,ACC015679,ACC021861,124535.78,0,COOLING,0.0
TXN000257901,2024-01-10 12:00:00.000000,ACC013074,ACC011583,126913.1,0,COOLING,0.0
TXN000277993,2024-01-10 12:00:00.000000,ACC007835,ACC005635,114399.65,0,COOLING,0.0
TXN000996818,2024-01-10 12:04:30.000000,ACC000523,ACC006996,708.63,0,BLOCK,1.0
TXN000982479,2024-01-10 12:09:46.000000,ACC000274,ACC009156,278.94,0,BLOCK,1.0
TXN000991521,2024-01-10 12:10:43.000000,ACC000539,ACC026346,200.85,0,BLOCK,1.0
TXN000986057,2024-01-10 12:11:08.000000,ACC000241,ACC025449,1177.54,0,BLOCK,1.0
TXN000993118,2024-01-10 12:13:13.000000,ACC000683,ACC017707,1026.5,0,BLOCK,1.0
TXN000959392,2024-01-10 12:24:46.538943,ACC000389,ACC006184,19033.67,1,STEP_UP,1.0
TXN001000877,2024-01-10 12:24:54.000000,ACC026121,ACC000144,10754.09,0,BLOCK,0.0
TXN000991854,2024-01-10 12:28:56.000000,ACC000378,ACC012150,91.09,0,BLOCK,1.0
TXN000965741,2024-01-10 12:29:45.000000,ACC000872,ACC016045,839.77,0,BLOCK,1.0
TXN000963697,2024-01-10 12:30:18.643354,ACC000002,ACC026602,51947.31,0,BLOCK,1.0
TXN000968184,2024-01-10 12:31:33.000000,ACC000311,ACC002830,1453.36,0,BLOCK,1.0
TXN000992969,2024-01-10 12:35:30.827902,ACC000354,ACC000434,90247.8,1,BLOCK,1.0
TXN000963260,2024-01-10 12:40:46.000000,ACC000170,ACC007237,314.01,0,BLOCK,1.0
TXN000987282,2024-01-10 12:56:36.000000,ACC000509,ACC015117,608.17,0,BLOCK,1.0
TXN000928227,2024-01-10 13:00:00.000000,ACC009542,ACC017164,111199.3,0,COOLING,0.0
TXN000474359,2024-01-10 13:00:00.000000,ACC020322,ACC019673,132653.34,0,COOLING,0.0
TXN001000212,2024-01-10 13:00:00.000000,ACC024393,ACC000312,112815.19,0,BLOCK,0.0
TXN000876160,2024-01-10 13:00:00.000000,ACC017819,ACC016407,135337.07,0,COOLING,0.0
TXN000680192,2024-01-10 13:00:00.000000,ACC010391,ACC023977,104715.54,0,COOLING,0.0
TXN000817800,2024-01-10 13:00:00.000000,ACC020882,ACC001283,144527.7,0,COOLING,0.0
TXN000324327,2024-01-10 13:00:00.000000,ACC014089,ACC015007,103431.48,0,COOLING,0.0
TXN000872762,2024-01-10 13:00:00.000000,ACC001098,ACC022326,138514.39,0,COOLING,0.0
TXN000626016,2024-01-10 13:00:00.000000,ACC017000,ACC009274,122280.5,0,COOLING,0.0
TXN000878492,2024-01-10 13:00:00.000000,ACC022235,ACC002317,117384.15,0,COOLING,0.0
TXN000575863,2024-01-10 13:00:00.000000,ACC013158,ACC012124,135008.24,0,COOLING,0.0
TXN000984620,2024-01-10 13:06:29.688825,ACC026933,ACC000850,11046.3,1,BLOCK,0.0
TXN000981189,2024-01-10 13:08:07.000000,ACC000623,ACC019385,4432.96,0,BLOCK,1.0
TXN000979599,2024-01-10 13:09:39.000000,ACC000074,ACC016136,1202.41,0,BLOCK,1.0
TXN000977680,2024-01-10 13:15:55.000000,ACC000192,ACC024173,182.42,0,BLOCK,1.0
TXN000959940,2024-01-10 13:18:49.000000,ACC000252,ACC007510,275.36,0,BLOCK,1.0
TXN000966715,2024-01-10 13:19:05.000000,ACC000354,ACC007061,591.67,0,BLOCK,1.0
TXN000979416,2024-01-10 13:22:37.000000,ACC000200,ACC014555,204.56,0,BLOCK,1.0
TXN000994092,2024-01-10 13:23:59.565421,ACC000189,ACC025123,92614.59,1,BLOCK,1.0
TXN000989647,2024-01-10 13:26:03.000000,ACC000693,ACC025738,180.24,0,BLOCK,1.0
TXN000991398,2024-01-10 13:33:07.000000,ACC000699,ACC001542,221.7,0,BLOCK,1.0
TXN000980668,2024-01-10 13:37:51.000000,ACC015924,ACC000552,21945.79,0,BLOCK,0.0
TXN000998690,2024-01-10 13:38:04.000000,ACC000633,ACC016138,486.02,0,BLOCK,1.0
TXN000716587,2024-01-10 13:43:07.000000,ACC022527,ACC006039,4640.17,0,STEP_UP,0.8253
TXN000966571,2024-01-10 13:44:34.000000,ACC000244,ACC017031,737.34,0,BLOCK,1.0
TXN000974934,2024-01-10 13:45:11.000000,ACC011826,ACC000659,10451.35,0,BLOCK,0.0
TXN000978998,2024-01-10 13:45:37.000000,ACC000479,ACC012143,2751.82,0,BLOCK,1.0
TXN000999075,2024-01-10 13:58:37.661228,ACC000031,ACC001975,45978.1,1,BLOCK,1.0
TXN000231375,2024-01-10 14:00:00.000000,ACC014036,ACC007979,119539.64,0,COOLING,0.0
TXN000217205,2024-01-10 14:00:00.000000,ACC023683,ACC011083,125142.27,0,COOLING,0.0
TXN000373969,2024-01-10 14:00:00.000000,ACC012768,ACC023001,106262.33,0,COOLING,0.0
TXN000805350,2024-01-10 14:00:00.000000,ACC011019,ACC012907,129635.69,0,COOLING,0.0
TXN000984166,2024-01-10 14:00:00.000000,ACC011568,ACC000769,87573.21,0,BLOCK,0.0
TXN000303771,2024-01-10 14:00:00.000000,ACC006836,ACC019048,125643.43,0,COOLING,0.0
TXN000308247,2024-01-10 14:00:00.000000,ACC002882,ACC001967,129938.41,0,COOLING,0.0
TXN000000980,2024-01-10 14:00:00.000000,ACC019415,ACC008521,120298.69,0,COOLING,0.0
TXN000407029,2024-01-10 14:00:00.000000,ACC019726,ACC006804,110871.0,0,COOLING,0.0
TXN000974565,2024-01-10 14:00:00.000000,ACC004372,ACC000319,29039.25,0,BLOCK,0.0
TXN000874133,2024-01-10 14:00:00.000000,ACC013650,ACC006196,135571.88,0,COOLING,0.0
TXN000506658,2024-01-10 14:00:00.000000,ACC015708,ACC009220,137697.83,0,COOLING,0.0
TXN000824113,2024-01-10 14:00:00.000000,ACC020080,ACC019028,108380.87,0,COOLING,0.0
TXN000965085,2024-01-10 14:00:00.000000,ACC018921,ACC001052,111744.61,0,BLOCK,0.0
TXN000963368,2024-01-10 14:00:00.000000,ACC018495,ACC000824,85357.19,0,BLOCK,0.0
TXN000121939,2024-01-10 14:00:00.000000,ACC003421,ACC025927,111551.84,0,COOLING,0.0
TXN000577754,2024-01-10 14:00:00.000000,ACC006454,ACC021903,126454.89,0,COOLING,0.0
TXN000486990,2024-01-10 14:00:00.000000,ACC001193,ACC003209,148311.81,0,COOLING,0.0
TXN000998993,2024-01-10 14:00:20.830976,ACC000914,ACC009532,53433.33,0,BLOCK,1.0
TXN000987930,2024-01-10 14:02:52.611150,ACC001030,ACC000304,16068.79,1,BLOCK,1.0
TXN000987252,2024-01-10 14:03:37.000000,ACC000526,ACC001404,634.69,0,BLOCK,1.0
TXN000966365,2024-01-10 14:07:25.000000,ACC000530,ACC023260,2172.96,0,BLOCK,1.0
TXN000998465,2024-01-10 14:09:37.000000,ACC000531,ACC018161,2470.96,0,BLOCK,1.0
TXN000980066,2024-01-10 14:11:05.000000,ACC001078,ACC010927,243.04,0,BLOCK,1.0
TXN000977764,2024-01-10 14:11:55.000000,ACC000053,ACC009170,3501.9,0,BLOCK,1.0
TXN000986190,2024-01-10 14:17:41.197535,ACC000409,ACC011811,83567.62,1,BLOCK,1.0
TXN000973599,2024-01-10 14:23:33.000000,ACC000307,ACC003849,2450.05,0,BLOCK,1.0
TXN000962683,2024-01-10 14:24:35.855001,ACC000191,ACC001176,44431.9,1,BLOCK,1.0
TXN000969052,2024-01-10 14:25:17.393626,ACC000906,ACC000534,26627.22,1,BLOCK,1.0
TXN000962283,2024-01-10 14:29:18.478229,ACC000369,ACC008554,22716.98,1,BLOCK,1.0
TXN000965903,2024-01-10 14:31:06.000000,ACC001050,ACC007724,214.88,0,BLOCK,1.0
TXN000970563,2024-01-10 14:39:06.392037,ACC000263,ACC010873,39220.02,0,BLOCK,1.0
TXN000972643,2024-01-10 14:39:24.743280,ACC004102,ACC000135,13187.81,1,BLOCK,0.0
TXN000975097,2024-01-10 14:41:14.000000,ACC000987,ACC003723,5076.13,0,BLOCK,1.0
TXN000992970,2024-01-10 14:42:48.877658,ACC000434,ACC004490,89028.51,1,BLOCK,1.0
TXN000979702,2024-01-10 14:49:18.879685,ACC001071,ACC021912,40304.2,1,BLOCK,1.0
TXN000491782,2024-01-10 15:00:00.000000,ACC019803,ACC017470,142903.29,0,COOLING,0.0
TXN000289846,2024-01-10 15:00:00.000000,ACC021817,ACC015100,138147.42,0,COOLING,0.0
TXN000371851,2024-01-10 15:00:00.000000,ACC018860,ACC026011,112631.98,0,COOLING,0.0
TXN000954656,2024-01-10 15:00:00.000000,ACC003923,ACC003885,147750.09,0,COOLING,0.0
TXN000691343,2024-01-10 15:00:00.000000,ACC009423,ACC015318,115184.9,0,COOLING,0.0
TXN000450608,2024-01-10 15:00:00.000000,ACC023137,ACC008448,109125.35,0,COOLING,0.0
TXN000052150,2024-01-10 15:00:00.000000,ACC021458,ACC007767,123676.55,0,COOLING,0.0
TXN000281220,2024-01-10 15:00:00.000000,ACC016921,ACC002298,101103.7,0,COOLING,0.0
TXN000270511,2024-01-10 15:00:00.000000,ACC006635,ACC003951,119253.73,0,COOLING,0.0
TXN000991793,2024-01-10 15:03:35.000000,ACC000560,ACC024944,598.9,0,BLOCK,1.0
TXN000965292,2024-01-10 15:08:09.000000,ACC000938,ACC008133,1631.03,0,BLOCK,1.0
TXN000970150,2024-01-10 15:27:07.000000,ACC000566,ACC025981,264.61,0,BLOCK,1.0
TXN000972476,2024-01-10 15:27:55.000000,ACC000150,ACC017357,717.8,0,BLOCK,1.0
TXN000966852,2024-01-10 15:28:00.000000,ACC000331,ACC007147,565.76,0,BLOCK,1.0
TXN000959949,2024-01-10 15:28:46.000000,ACC000252,ACC007419,767.03,0,BLOCK,1.0
TXN000456602,2024-01-10 15:38:18.000000,ACC018954,ACC014983,100000.0,0,COOLING,0.0
TXN000978401,2024-01-10 15:38:48.000000,ACC000803,ACC001583,55.43,0,BLOCK,1.0
TXN000998091,2024-01-10 15:45:16.000000,ACC000467,ACC004817,74.65,0,BLOCK,1.0
TXN000967310,2024-01-10 15:45:28.750411,ACC025940,ACC000420,13565.77,1,BLOCK,0.0
TXN000989076,2024-01-10 15:56:06.000000,ACC000928,ACC018854,227.95,0,BLOCK,1.0
TXN000976912,2024-01-10 15:56:25.000000,ACC001034,ACC016268,30833.47,0,BLOCK,1.0
TXN000969977,2024-01-10 15:59:59.174206,ACC000302,ACC010750,70536.1,0,BLOCK,1.0
TXN000881735,2024-01-10 16:00:00.000000,ACC010586,ACC006234,110795.8,0,COOLING,0.0
TXN000295744,2024-01-10 16:00:00.000000,ACC013532,ACC005062,101325.5,0,COOLING,0.0
TXN000593288,2024-01-10 16:00:00.000000,ACC011874,ACC005687,119007.82,0,COOLING,0.0
TXN000242817,2024-01-10 16:00:00.000000,ACC015405,ACC018704,101708.22,0,COOLING,0.0
TXN000724945,2024-01-10 16:00:00.000000,ACC016031,ACC013137,111988.77,0,COOLING,0.0
TXN000242562,2024-01-10 16:00:00.000000,ACC006282,ACC015844,100166.43,0,COOLING,0.0
TXN000740939,2024-01-10 16:00:00.000000,ACC022995,ACC012745,148690.61,0,COOLING,0.0
TXN000237554,2024-01-10 16:00:00.000000,ACC008900,ACC004510,118841.36,0,COOLING,0.0
TXN000040926,2024-01-10 16:00:00.000000,ACC019634,ACC016411,109442.76,0,COOLING,0.0
TXN000969053,2024-01-10 16:00:15.044416,ACC000534,ACC015377,25023.72,1,BLOCK,1.0
TXN000984066,2024-01-10 16:01:12.000000,ACC000131,ACC009630,2170.25,0,BLOCK,1.0
TXN000996894,2024-01-10 16:02:06.000000,ACC000782,ACC017705,3013.62,0,BLOCK,1.0
TXN000963653,2024-01-10 16:04:41.000000,ACC000002,ACC005943,1533.25,0,BLOCK,1.0
TXN000977244,2024-01-10 16:11:14.000000,ACC000406,ACC006873,2376.83,0,BLOCK,1.0
TXN000973156,2024-01-10 16:14:51.000000,ACC000967,ACC003192,180.52,0,BLOCK,1.0
TXN000981535,2024-01-10 16:19:38.000000,ACC000104,ACC026576,332.95,0,BLOCK,1.0
TXN000998871,2024-01-10 16:29:23.000000,ACC000848,ACC003152,3893.82,0,BLOCK,1.0
TXN001000710,2024-01-10 16:30:46.000000,ACC000243,ACC021010,1831.09,0,BLOCK,1.0
TXN000984168,2024-01-10 16:32:35.611214,ACC000769,ACC022966,36830.64,0,BLOCK,1.0
TXN000984675,2024-01-10 16:41:09.000000,ACC001055,ACC023445,786.44,0,BLOCK,1.0
TXN000985472,2024-01-10 16:41:20.000000,ACC000830,ACC002477,59.31,0,BLOCK,1.0
TXN000997185,2024-01-10 16:53:13.000000,ACC000156,ACC007443,1291.04,0,BLOCK,1.0
TXN000958716,2024-01-10 16:54:08.760001,ACC000639,ACC000134,46726.59,1,BLOCK,1.0
TXN000984100,2024-01-10 16:54:35.000000,ACC000430,ACC004905,491.79,0,BLOCK,1.0
TXN000979520,2024-01-10 16:55:09.000000,ACC000661,ACC010971,1343.87,0,BLOCK,1.0
TXN000880561,2024-01-10 17:00:00.000000,ACC014291,ACC016464,126165.82,0,COOLING,0.0
TXN000642891,2024-01-10 17:00:00.000000,ACC017563,ACC023962,140077.32,0,COOLING,0.0
TXN000146274,2024-01-10 17:00:00.000000,ACC026897,ACC003227,149894.72,0,COOLING,0.0
TXN000241398,2024-01-10 17:00:00.000000,ACC019544,ACC010892,128522.8,0,COOLING,0.0
TXN000977184,2024-01-10 17:00:00.000000,ACC026990,ACC000541,130937.35,0,BLOCK,0.0
TXN000162598,2024-01-10 17:00:00.000000,ACC005959,ACC007943,101563.62,0,COOLING,0.0
TXN000402521,2024-01-10 17:00:00.000000,ACC016987,ACC017326,106893.99,0,COOLING,0.0
TXN000982800,2024-01-10 17:00:13.000000,ACC000664,ACC017730,1139.04,0,BLOCK,1.0
TXN000983593,2024-01-10 17:03:05.846578,ACC000904,ACC001366,63001.64,1,BLOCK,1.0
TXN000991417,2024-01-10 17:23:05.841537,ACC000699,ACC010489,51441.57,1,BLOCK,1.0
TXN000979122,2024-01-10 17:41:04.000000,ACC000253,ACC019112,7512.19,0,BLOCK,1.0
TXN001000213,2024-01-10 17:43:58.448936,ACC000312,ACC008418,39965.06,0,BLOCK,1.0
TXN000972650,2024-01-10 17:44:06.934084,ACC025319,ACC000135,10275.39,1,BLOCK,0.0
TXN000990797,2024-01-10 17:46:16.639056,ACC000779,ACC017034,35495.08,0,BLOCK,1.0
TXN000972588,2024-01-10 17:47:23.000000,ACC011958,ACC000466,32898.06,0,BLOCK,0.0
TXN000976239,2024-01-10 17:48:41.949031,ACC000946,ACC000482,34904.51,1,BLOCK,1.0
TXN000738272,2024-01-10 18:00:00.000000,ACC005935,ACC012302,128932.08,0,COOLING,0.0
TXN000741960,2024-01-10 18:00:00.000000,ACC019942,ACC016197,141812.8,0,COOLING,0.0
TXN000081962,2024-01-10 18:00:00.000000,ACC016957,ACC001124,128180.48,0,COOLING,0.0
TXN000983638,2024-01-10 18:00:00.000000,ACC001375,ACC000842,27503.68,0,BLOCK,0.0
TXN000618879,2024-01-10 18:00:00.000000,ACC008951,ACC014850,136983.3,0,COOLING,0.0
TXN000981449,2024-01-10 18:00:00.000000,ACC010829,ACC001010,99741.68,0,BLOCK,0.0
TXN000382355,2024-01-10 18:00:00.000000,ACC020646,ACC006248,142156.58,0,COOLING,0.0
TXN000124195,2024-01-10 18:00:00.000000,ACC021924,ACC025729,100830.52,0,COOLING,0.0
TXN000739753,2024-01-10 18:00:00.000000,ACC025863,ACC012229,128171.26,0,COOLING,0.0
TXN000434731,2024-01-10 18:00:00.000000,ACC008523,ACC006101,108463.36,0,COOLING,0.0
TXN000963365,2024-01-10 18:00:00.000000,ACC025467,ACC000824,64837.14,0,BLOCK,0.0
TXN000651572,2024-01-10 18:00:00.000000,ACC008946,ACC020941,119127.81,0,COOLING,0.0
TXN000780136,2024-01-10 18:00:00.000000,ACC013617,ACC022098,123233.03,0,COOLING,0.0
TXN000026706,2024-01-10 18:00:00.000000,ACC017274,ACC017782,102476.66,0,COOLING,0.0
TXN000984167,2024-01-10 18:01:51.037027,ACC000769,ACC012068,32158.7,0,BLOCK,1.0
TXN000965607,2024-01-10 18:17:23.000000,ACC003518,ACC000977,13140.71,0,BLOCK,0.0
TXN000972648,2024-01-10 18:25:17.858465,ACC012270,ACC000135,11488.99,1,BLOCK,0.0
TXN000967599,2024-01-10 18:30:04.000000,ACC000290,ACC004778,124.5,0,BLOCK,1.0
TXN000993355,2024-01-10 18:34:40.000000,ACC000190,ACC006532,460.84,0,BLOCK,1.0
TXN000970564,2024-01-10 18:51:28.814609,ACC000263,ACC013384,38353.75,0,BLOCK,1.0
TXN000963369,2024-01-10 18:53:34.161184,ACC000824,ACC001300,40528.25,0,BLOCK,1.0
TXN000963367,2024-01-10 19:07:47.103596,ACC000824,ACC003737,20945.33,0,BLOCK,1.0
TXN000963696,2024-01-10 19:16:01.173268,ACC000002,ACC016464,59955.96,0,BLOCK,1.0
TXN000962682,2024-01-10 19:27:16.511030,ACC000191,ACC010619,44335.68,1,BLOCK,1.0
TXN000962709,2024-01-10 19:36:12.000000,ACC000127,ACC023723,1265.37,0,BLOCK,1.0
TXN000983639,2024-01-10 19:41:44.860289,ACC000842,ACC008077,10558.34,0,STEP_UP,1.0
TXN000984619,2024-01-10 19:42:18.898724,ACC022010,ACC000850,12015.12,1,BLOCK,0.0
TXN000972453,2024-01-10 20:03:48.000000,ACC000385,ACC023966,886.59,0,BLOCK,1.0
TXN000969782,2024-01-10 20:05:02.000000,ACC000240,ACC025532,369.95,0,BLOCK,1.0
TXN000963695,2024-01-10 20:08:00.153960,ACC000002,ACC011902,62078.98,0,BLOCK,1.0
TXN000980567,2024-01-10 20:14:06.000000,ACC000294,ACC010953,1318.08,0,BLOCK,1.0
TXN000963254,2024-01-10 20:14:22.000000,ACC000170,ACC002708,586.73,0,BLOCK,1.0
TXN000984614,2024-01-10 20:16:19.843063,ACC004349,ACC000850,10369.82,1,BLOCK,0.0
TXN000969978,2024-01-10 20:16:58.234953,ACC000302,ACC021409,47113.31,0,BLOCK,1.0
TXN000963366,2024-01-10 20:22:58.723553,ACC000824,ACC003737,18768.33,0,STEP_UP,1.0
TXN000971480,2024-01-10 20:31:28.000000,ACC000857,ACC019391,98.85,0,BLOCK,1.0
TXN000964181,2024-01-10 20:36:10.836508,ACC000961,ACC004228,33228.21,0,BLOCK,1.0
TXN000978252,2024-01-10 20:46:45.000000,ACC000784,ACC021363,461.78,0,BLOCK,1.0
TXN000959614,2024-01-10 21:06:09.578347,ACC000600,ACC014343,50344.94,0,BLOCK,1.0
TXN000998992,2024-01-10 21:09:29.455898,ACC000914,ACC021393,49287.49,0,BLOCK,1.0
TXN000964180,2024-01-10 21:16:35.401289,ACC000961,ACC004228,21370.28,0,BLOCK,1.0
TXN000965052,2024-01-10 21:25:11.000000,ACC001052,ACC020749,1156.47,0,BLOCK,1.0
TXN000962687,2024-01-10 22:04:26.308515,ACC000191,ACC022964,44274.22,1,BLOCK,1.0
TXN000962690,2024-01-10 22:55:34.000401,ACC000191,ACC013451,44135.02,1,BLOCK,1.0
TXN001000214,2024-01-10 22:57:09.658755,ACC000312,ACC008932,68952.4,0,BLOCK,1.0
TXN000973408,2024-01-10 23:01:51.233393,ACC000465,ACC023800,185898.27,1,BLOCK,1.0
TXN000965087,2024-01-10 23:08:34.934698,ACC001052,ACC017137,71477.24,0,BLOCK,1.0
TXN000980362,2024-01-10 23:08:45.086172,ACC000715,ACC000359,70641.75,1,BLOCK,1.0
TXN000965086,2024-01-10 23:13:18.589715,ACC001052,ACC015632,62240.19,0,BLOCK,1.0
TXN000987929,2024-01-10 23:14:08.502709,ACC000304,ACC010022,56033.8,1,BLOCK,1.0
TXN000974567,2024-01-10 23:20:26.533762,ACC000319,ACC008120,8994.95,0,BLOCK,1.0
TXN000984996,2024-01-10 23:22:59.000000,ACC000179,ACC024592,2996.22,0,BLOCK,1.0
TXN000973409,2024-01-10 23:28:15.150231,ACC000465,ACC023800,87665.38,1,BLOCK,1.0
TXN000982689,2024-01-10 23:28:37.146405,ACC000560,ACC000899,78252.22,1,BLOCK,1.0
TXN000963647,2024-01-10 23:39:19.456676,ACC000445,ACC000416,133654.64,1,BLOCK,1.0
TXN000997701,2024-01-11 00:00:00.000000,ACC000680,ACC000864,68340.92,1,BLOCK,1.0
TXN000964946,2024-01-11 00:00:00.000000,ACC000487,ACC000397,36739.67,1,BLOCK,1.0
TXN000996328,2024-01-11 00:00:00.000000,ACC000730,ACC000014,72677.58,1,BLOCK,1.0
TXN000985594,2024-01-11 00:00:00.000000,ACC000709,ACC000584,65122.58,1,BLOCK,1.0
TXN000995700,2024-01-11 00:00:00.000000,ACC000189,ACC000489,62822.13,1,BLOCK,1.0
TXN000967961,2024-01-11 00:00:00.000000,ACC000741,ACC019500,44888.31,1,BLOCK,1.0
TXN000985747,2024-01-11 00:01:51.830382,ACC000974,ACC024528,38770.77,0,BLOCK,1.0
TXN000987530,2024-01-11 00:05:29.652124,ACC007434,ACC000960,11456.27,1,BLOCK,0.0
TXN000985746,2024-01-11 00:27:26.651056,ACC000974,ACC024528,70630.03,0,BLOCK,1.0
TXN000987544,2024-01-11 00:28:31.786328,ACC000960,ACC004821,194384.48,1,BLOCK,1.0
TXN000969048,2024-01-11 00:29:01.319780,ACC000906,ACC000534,17038.84,1,BLOCK,1.0
TXN000994614,2024-01-11 00:39:40.580522,ACC002538,ACC000500,10757.42,1,BLOCK,0.0
TXN000994090,2024-01-11 00:40:29.937397,ACC000189,ACC025123,88304.23,1,BLOCK,1.0
TXN000994618,2024-01-11 00:45:07.890986,ACC017821,ACC000500,11265.91,1,BLOCK,0.0
TXN000981552,2024-01-11 00:54:14.069598,ACC000802,ACC000104,34953.65,1,BLOCK,1.0
TXN000967290,2024-01-11 01:14:48.000000,ACC000420,ACC008929,889.16,0,BLOCK,1.0
TXN000977185,2024-01-11 01:32:00.757909,ACC000541,ACC025290,80699.05,0,BLOCK,1.0
TXN000984626,2024-01-11 01:35:32.456296,ACC000850,ACC005880,33094.47,1,BLOCK,1.0
TXN000995808,2024-01-11 01:37:48.000000,ACC000277,ACC010411,315.88,0,BLOCK,1.0
TXN000967964,2024-01-11 01:48:16.347482,ACC000741,ACC015519,45065.58,1,BLOCK,1.0
TXN000987538,2024-01-11 01:55:02.185570,ACC023239,ACC000960,10211.31,1,BLOCK,0.0
TXN000967313,2024-01-11 01:58:58.980345,ACC024777,ACC000420,10810.03,1,BLOCK,0.0
TXN000959606,2024-01-11 02:07:55.219741,ACC000600,ACC019655,24402.81,0,BLOCK,1.0
TXN000994626,2024-01-11 02:13:25.921181,ACC012546,ACC000500,10780.77,1,BLOCK,0.0
TXN000985075,2024-01-11 02:13:41.000000,ACC000576,ACC016973,121.52,0,BLOCK,1.0
TXN000969976,2024-01-11 02:18:48.984893,ACC000302,ACC006652,48399.86,0,BLOCK,1.0
TXN000958715,2024-01-11 02:25:07.853847,ACC000134,ACC021103,31855.62,1,BLOCK,1.0
TXN000964260,2024-01-11 02:28:42.000000,ACC000310,ACC018289,369.61,0,BLOCK,1.0
TXN000972260,2024-01-11 02:39:31.000000,ACC000536,ACC002645,287.99,0,BLOCK,1.0
TXN000976240,2024-01-11 02:43:02.923547,ACC000482,ACC000012,33857.37,1,BLOCK,1.0
TXN000985595,2024-01-11 02:52:51.014686,ACC000584,ACC001282,64469.36,1,BLOCK,1.0
TXN000980363,2024-01-11 02:54:59.608649,ACC000359,ACC004333,66535.43,1,BLOCK,1.0
TXN000984625,2024-01-11 03:42:24.532208,ACC000850,ACC005880,46246.95,1,BLOCK,1.0
TXN000980366,2024-01-11 03:45:28.885487,ACC000715,ACC000359,38256.02,1,BLOCK,1.0
TXN000964988,2024-01-11 03:52:44.936068,ACC000322,ACC000419,46342.49,1,BLOCK,1.0
TXN000967962,2024-01-11 03:55:16.495579,ACC000741,ACC026463,44879.88,1,BLOCK,1.0
TXN000962688,2024-01-11 04:04:03.130986,ACC000191,ACC011133,44220.91,1,BLOCK,1.0
TXN000982690,2024-01-11 04:04:45.943676,ACC000899,ACC007497,76529.8,1,BLOCK,1.0
TXN000994099,2024-01-11 04:05:38.474302,ACC001057,ACC000189,67099.5,1,BLOCK,1.0
TXN000987518,2024-01-11 04:05:46.910423,ACC001890,ACC000960,13997.93,1,BLOCK,0.0
TXN000962685,2024-01-11 04:11:33.255286,ACC000191,ACC011927,44428.46,1,BLOCK,1.0
TXN000963589,2024-01-11 04:26:30.000000,ACC000694,ACC003111,272.37,0,BLOCK,1.0
TXN000987545,2024-01-11 04:56:49.225105,ACC000960,ACC004821,107661.45,1,BLOCK,1.0
TXN000959877,2024-01-11 05:09:55.000000,ACC000201,ACC022972,132.91,0,STEP_UP,1.0
TXN000967333,2024-01-11 05:41:32.433307,ACC016909,ACC000420,13698.91,1,BLOCK,0.0
TXN000955903,2024-01-11 05:57:44.000000,ACC007255,ACC001845,100000.0,0,COOLING,0.0
TXN000976246,2024-01-11 06:15:34.000000,ACC000077,ACC012395,4539.07,0,BLOCK,1.0
TXN000967963,2024-01-11 06:42:24.759482,ACC000741,ACC015519,44829.87,1,BLOCK,1.0
TXN000960756,2024-01-11 06:50:44.000000,ACC000527,ACC024609,550.46,0,BLOCK,1.0
TXN000973686,2024-01-11 07:08:54.000000,ACC001011,ACC007710,765.74,0,BLOCK,1.0
TXN000966729,2024-01-11 07:19:44.096671,ACC000683,ACC000354,84132.9,1,BLOCK,1.0
TXN000969551,2024-01-11 07:20:49.000000,ACC000663,ACC017572,302.01,0,BLOCK,1.0
TXN000969004,2024-01-11 07:23:53.000000,ACC000792,ACC011377,365.63,0,BLOCK,1.0
TXN000993754,2024-01-11 07:24:48.000000,ACC000622,ACC016177,1269.8,0,BLOCK,1.0
TXN000967755,2024-01-11 07:25:58.000000,ACC000602,ACC015121,13037.79,0,BLOCK,1.0
TXN000988443,2024-01-11 07:41:17.000000,ACC000798,ACC019650,1507.0,0,BLOCK,1.0
TXN000991294,2024-01-11 07:41:55.000000,ACC000068,ACC003011,703.51,0,BLOCK,1.0
TXN000967324,2024-01-11 07:53:04.978027,ACC001127,ACC000420,14331.59,1,BLOCK,0.0
TXN000999841,2024-01-11 07:55:41.000000,ACC014524,ACC001018,23755.95,0,BLOCK,0.0
TXN000994100,2024-01-11 07:57:07.727341,ACC000189,ACC025123,61763.47,1,BLOCK,1.0
TXN000600706,2024-01-11 08:00:00.000000,ACC026878,ACC004114,115305.92,0,COOLING,0.0
TXN000161275,2024-01-11 08:00:00.000000,ACC001216,ACC009946,138807.42,0,COOLING,0.0
TXN000472655,2024-01-11 08:00:00.000000,ACC019992,ACC009657,116431.74,0,COOLING,0.0
TXN000968722,2024-01-11 08:00:00.000000,ACC021368,ACC000702,52965.26,0,BLOCK,0.0
TXN000590043,2024-01-11 08:00:00.000000,ACC007493,ACC018651,143367.41,0,COOLING,0.0
TXN000975772,2024-01-11 08:02:13.000000,ACC000765,ACC007100,1241.66,0,BLOCK,1.0
TXN000977120,2024-01-11 08:03:21.000000,ACC000808,ACC007485,2188.53,0,BLOCK,1.0
TXN000976228,2024-01-11 08:05:35.000000,ACC000012,ACC022470,128.87,0,BLOCK,1.0
TXN000999935,2024-01-11 08:11:34.000000,ACC000071,ACC002470,107.8,0,BLOCK,1.0
TXN000993412,2024-01-11 08:17:24.384216,ACC000057,ACC000789,81341.14,1,BLOCK,1.0
TXN000987524,2024-01-11 08:26:50.531522,ACC026136,ACC000960,11799.26,1,BLOCK,0.0
TXN000963850,2024-01-11 08:29:28.000000,ACC000813,ACC001462,219.56,0,BLOCK,1.0
TXN000976903,2024-01-11 08:34:17.000000,ACC001034,ACC026805,240.03,0,BLOCK,1.0
TXN000964947,2024-01-11 08:34:25.308382,ACC000397,ACC000391,35637.48,1,BLOCK,1.0
TXN000967183,2024-01-11 08:39:33.000000,ACC000859,ACC021305,58.19,0,BLOCK,1.0
TXN000962271,2024-01-11 08:53:29.000000,ACC000369,ACC002203,5276.6,0,BLOCK,1.0
TXN000980959,2024-01-11 08:56:18.000000,ACC000990,ACC003948,682.59,0,BLOCK,1.0
TXN000974441,2024-01-11 08:56:31.000000,ACC000185,ACC024586,1132.96,0,BLOCK,1.0
TXN000987147,2024-01-11 08:58:00.000000,ACC000712,ACC025208,1783.8,0,BLOCK,1.0
TXN000031563,2024-01-11 09:00:00.000000,ACC020134,ACC011339,139914.07,0,COOLING,0.0
TXN000978507,2024-01-11 09:00:00.000000,ACC009977,ACC000008,110746.76,0,BLOCK,0.0
TXN000191194,2024-01-11 09:00:00.000000,ACC018694,ACC023873,111216.21,0,COOLING,0.0
TXN000967638,2024-01-11 09:00:00.000000,ACC022560,ACC000322,131818.9,0,BLOCK,0.0
TXN000987537,2024-01-11 09:01:24.987165,ACC026417,ACC000960,13440.14,1,BLOCK,0.0
TXN000998108,2024-01-11 09:03:04.000000,ACC000515,ACC024476,2705.64,0,BLOCK,1.0
TXN000987931,2024-01-11 09:09:19.815640,ACC000304,ACC010022,14711.7,1,STEP_UP,1.0
TXN000968725,2024-01-11 09:14:44.372179,ACC000702,ACC009143,21633.14,0,BLOCK,1.0
TXN000993413,2024-01-11 09:14:58.320736,ACC000789,ACC009060,75654.65,1,BLOCK,1.0
TXN000974566,2024-01-11 09:16:53.511454,ACC000319,ACC008904,10708.54,0,BLOCK,1.0
TXN000999345,2024-01-11 09:20:09.000000,ACC000449,ACC023812,6197.44,0,BLOCK,1.0
TXN000996329,2024-01-11 09:32:44.336392,ACC000014,ACC003701,71307.33,1,BLOCK,1.0
TXN000967314,2024-01-11 09:44:45.162929,ACC021579,ACC000420,11195.12,1,BLOCK,0.0
TXN000987521,2024-01-11 09:45:57.097557,ACC026417,ACC000960,13981.83,1,BLOCK,0.0
TXN000984913,2024-01-11 09:48:03.000000,ACC000652,ACC019812,4472.58,0,BLOCK,1.0
TXN000969101,2024-01-11 09:50:23.000000,ACC000843,ACC021144,2315.08,0,BLOCK,1.0
TXN000967334,2024-01-11 09:54:41.294725,ACC000420,ACC021946,230204.36,1,BLOCK,1.0
TXN000997702,2024-01-11 09:54:44.673454,ACC000864,ACC025023,65838.92,1,BLOCK,1.0
TXN000026403,2024-01-11 10:00:00.000000,ACC009982,ACC011351,141382.5,0,COOLING,0.0
TXN000820098,2024-01-11 10:00:00.000000,ACC026118,ACC005068,144965.0,0,COOLING,0.0
TXN000881033,2024-01-11 10:00:00.000000,ACC015597,ACC016573,124272.32,0,COOLING,0.0
TXN000114510,2024-01-11 10:00:00.000000,ACC007341,ACC026658,120932.19,0,COOLING,0.0
TXN000714236,2024-01-11 10:00:00.000000,ACC012372,ACC010489,148375.65,0,COOLING,0.0
TXN000029487,2024-01-11 10:00:00.000000,ACC018145,ACC010914,111353.32,0,COOLING,0.0
TXN000818644,2024-01-11 10:00:00.000000,ACC022903,ACC014230,131383.25,0,COOLING,0.0
TXN000981450,2024-01-11 10:02:09.620431,ACC001010,ACC020915,28853.18,0,BLOCK,1.0
TXN000967312,2024-01-11 10:03:41.577486,ACC010033,ACC000420,14716.8,1,BLOCK,0.0
TXN000959941,2024-01-11 10:04:02.000000,ACC000252,ACC026592,796.88,0,BLOCK,1.0
TXN000998955,2024-01-11 10:05:53.000000,ACC000991,ACC020476,490.83,0,BLOCK,1.0
TXN000987148,2024-01-11 10:07:56.000000,ACC000712,ACC015764,185.92,0,BLOCK,1.0
TXN000962945,2024-01-11 10:26:59.000000,ACC000332,ACC004178,316.1,0,BLOCK,1.0
TXN000991500,2024-01-11 10:31:59.000000,ACC000539,ACC018996,667.46,0,BLOCK,1.0
TXN000999081,2024-01-11 10:32:14.551258,ACC000031,ACC010519,46299.67,1,BLOCK,1.0
TXN000964637,2024-01-11 10:32:59.000000,ACC000187,ACC022854,37903.77,0,BLOCK,1.0
TXN000987535,2024-01-11 10:38:25.313403,ACC015594,ACC000960,11679.39,1,BLOCK,0.0
TXN000978913,2024-01-11 10:47:06.000000,ACC001006,ACC018500,4540.07,0,BLOCK,1.0
TXN000972618,2024-01-11 10:55:16.000000,ACC000412,ACC026728,401.55,0,BLOCK,1.0
TXN000967639,2024-01-11 10:59:27.647144,ACC000322,ACC024770,82374.85,0,BLOCK,1.0
TXN000870448,2024-01-11 11:00:00.000000,ACC012658,ACC016875,112266.73,0,COOLING,0.0
TXN000837834,2024-01-11 11:00:00.000000,ACC023333,ACC014053,142909.21,0,COOLING,0.0
TXN000995474,2024-01-11 11:00:00.000000,ACC008654,ACC000908,56154.46,0,BLOCK,0.0
TXN000162121,2024-01-11 11:00:00.000000,ACC024866,ACC014983,121485.66,0,COOLING,0.0
TXN000218442,2024-01-11 11:00:00.000000,ACC017378,ACC007473,139936.13,0,COOLING,0.0
TXN000519517,2024-01-11 11:00:00.000000,ACC003123,ACC007266,137976.47,0,COOLING,0.0
TXN000396923,2024-01-11 11:00:00.000000,ACC002506,ACC015782,133877.69,0,COOLING,0.0
TXN000231953,2024-01-11 11:00:00.000000,ACC011959,ACC021434,137471.77,0,COOLING,0.0
TXN000965570,2024-01-11 11:05:34.000000,ACC000106,ACC018323,1896.78,0,BLOCK,1.0
TXN000967966,2024-01-11 11:20:51.475263,ACC000741,ACC006430,45100.29,1,BLOCK,1.0
TXN000970805,2024-01-11 11:22:48.000000,ACC000230,ACC005985,1158.39,0,BLOCK,1.0
TXN000985510,2024-01-11 11:23:41.000000,ACC000365,ACC012506,206.81,0,BLOCK,1.0
TXN000973948,2024-01-11 11:27:45.000000,ACC000393,ACC010976,4891.82,0,BLOCK,1.0
TXN000963648,2024-01-11 11:28:59.185014,ACC000416,ACC000352,129645.0,1,BLOCK,1.0
TXN000959321,2024-01-11 11:31:11.000000,ACC000482,ACC023706,1209.55,0,BLOCK,1.0
TXN000983745,2024-01-11 11:34:59.000000,ACC000098,ACC014256,950.15,0,BLOCK,1.0
TXN000981451,2024-01-11 11:36:36.824547,ACC001010,ACC024495,63728.55,0,BLOCK,1.0
TXN000976697,2024-01-11 11:37:11.000000,ACC001035,ACC026395,622.74,0,BLOCK,1.0
TXN000961402,2024-01-11 11:38:40.000000,ACC000962,ACC019219,73.56,0,BLOCK,1.0
TXN000987520,2024-01-11 11:39:49.674697,ACC014733,ACC000960,12695.24,1,BLOCK,0.0
TXN000978469,2024-01-11 11:39:58.000000,ACC000197,ACC004796,745.18,0,BLOCK,1.0
TXN000987967,2024-01-11 11:41:13.000000,ACC000162,ACC025022,554.52,0,BLOCK,1.0
TXN000987860,2024-01-11 11:42:36.000000,ACC000650,ACC008436,1259.81,0,BLOCK,1.0
TXN000994246,2024-01-11 11:44:39.000000,ACC000615,ACC014946,371.13,0,BLOCK,1.0
TXN000999887,2024-01-11 11:46:18.000000,ACC000052,ACC022276,163.53,0,BLOCK,1.0
TXN000964989,2024-01-11 11:48:35.158490,ACC000419,ACC020995,45025.46,1,BLOCK,1.0
TXN000987527,2024-01-11 11:49:49.848347,ACC001612,ACC000960,10756.88,1,BLOCK,0.0
TXN000987536,2024-01-11 11:50:22.115709,ACC005399,ACC000960,11136.87,1,BLOCK,0.0
TXN000974935,2024-01-11 11:51:37.000000,ACC000659,ACC024907,1660.75,0,BLOCK,1.0
TXN000962689,2024-01-11 11:58:10.191231,ACC000191,ACC023247,44407.45,1,BLOCK,1.0
TXN000090318,2024-01-11 12:00:00.000000,ACC008688,ACC004182,136708.89,0,COOLING,0.0
TXN000179754,2024-01-11 12:00:00.000000,ACC018373,ACC002093,120052.01,0,COOLING,0.0
TXN000323941,2024-01-11 12:00:00.000000,ACC002576,ACC015289,115246.21,0,COOLING,0.0
TXN000824425,2024-01-11 12:00:00.000000,ACC008903,ACC006147,137623.1,0,COOLING,0.0
TXN000069083,2024-01-11 12:00:00.000000,ACC018676,ACC025737,128769.86,0,COOLING,0.0
TXN000482663,2024-01-11 12:00:00.000000,ACC022212,ACC017683,101393.27,0,COOLING,0.0
TXN000701968,2024-01-11 12:00:00.000000,ACC016978,ACC013686,108208.76,0,COOLING,0.0
TXN000971582,2024-01-11 12:03:00.000000,ACC000145,ACC013637,206.54,0,BLOCK,1.0
TXN000988648,2024-01-11 12:09:25.000000,ACC000925,ACC007661,1416.35,0,BLOCK,1.0
TXN000993420,2024-01-11 12:10:08.000000,ACC001021,ACC012666,324.45,0,BLOCK,1.0
TXN000963085,2024-01-11 12:10:32.000000,ACC000069,ACC014653,676.54,0,BLOCK,1.0
TXN000978548,2024-01-11 12:23:35.126449,ACC000414,ACC001059,33513.49,1,BLOCK,1.0
TXN000974174,2024-01-11 12:26:40.000000,ACC000823,ACC026396,1177.35,0,BLOCK,1.0
TXN000971521,2024-01-11 12:30:55.000000,ACC000893,ACC021053,2029.17,0,BLOCK,1.0
TXN000999086,2024-01-11 12:32:36.000000,ACC000971,ACC004879,2200.77,0,BLOCK,1.0
TXN000994081,2024-01-11 12:33:13.000000,ACC000189,ACC024698,44.89,0,BLOCK,1.0
TXN000974257,2024-01-11 12:37:41.000000,ACC001063,ACC024616,7652.16,0,BLOCK,1.0
TXN000997585,2024-01-11 12:38:56.000000,ACC000809,ACC015264,2064.72,0,BLOCK,1.0
TXN000994908,2024-01-11 12:39:49.000000,ACC000338,ACC004325,3715.23,0,BLOCK,1.0
TXN000958717,2024-01-11 12:50:23.074646,ACC000134,ACC021103,45603.89,1,BLOCK,1.0
TXN000974407,2024-01-11 12:51:42.023746,ACC001021,ACC000834,64505.61,1,BLOCK,1.0
TXN000975156,2024-01-11 12:51:57.000000,ACC000447,ACC005596,7623.73,0,BLOCK,1.0
TXN000985175,2024-01-11 12:52:53.000000,ACC000371,ACC012847,102.72,0,BLOCK,1.0
TXN000981553,2024-01-11 12:55:25.482591,ACC000104,ACC019733,32810.6,1,BLOCK,1.0
TXN000329815,2024-01-11 12:58:48.000000,ACC014600,ACC007419,2736.11,0,STEP_UP,0.6739
TXN000994634,2024-01-11 12:59:11.703797,ACC004019,ACC000500,14679.01,1,BLOCK,0.0
TXN000980678,2024-01-11 12:59:18.000000,ACC000591,ACC013738,318.7,0,BLOCK,1.0
TXN000971970,2024-01-11 12:59:30.000000,ACC000692,ACC007421,566.64,0,BLOCK,1.0
TXN000436063,2024-01-11 13:00:00.000000,ACC010803,ACC016409,105976.84,0,COOLING,0.0
TXN000992275,2024-01-11 13:00:00.000000,ACC005084,ACC001032,28155.73,0,BLOCK,0.0
TXN000965680,2024-01-11 13:00:00.000000,ACC013543,ACC000559,131600.2,0,BLOCK,0.0
TXN000197649,2024-01-11 13:00:00.000000,ACC015288,ACC023946,104730.83,0,COOLING,0.0
TXN000105878,2024-01-11 13:00:00.000000,ACC005096,ACC001773,126355.66,0,COOLING,0.0
TXN000046605,2024-01-11 13:00:00.000000,ACC021428,ACC025153,117028.23,0,COOLING,0.0
TXN000640887,2024-01-11 13:00:00.000000,ACC005483,ACC013066,113033.77,0,COOLING,0.0
TXN000011476,2024-01-11 13:00:00.000000,ACC001419,ACC020743,105352.38,0,COOLING,0.0
TXN000579603,2024-01-11 13:00:00.000000,ACC008981,ACC020667,135085.35,0,COOLING,0.0
TXN000825800,2024-01-11 13:00:00.000000,ACC006650,ACC005907,129485.79,0,COOLING,0.0
TXN000239141,2024-01-11 13:00:00.000000,ACC002326,ACC018627,126541.6,0,COOLING,0.0
TXN000282148,2024-01-11 13:00:00.000000,ACC013019,ACC019476,119895.47,0,COOLING,0.0
TXN000964683,2024-01-11 13:02:09.000000,ACC000470,ACC019756,4123.83,0,BLOCK,1.0
TXN000977335,2024-01-11 13:13:59.000000,ACC000588,ACC011419,3658.27,0,BLOCK,1.0
TXN000972656,2024-01-11 13:17:11.686087,ACC000135,ACC015687,104979.65,1,BLOCK,1.0
TXN000966848,2024-01-11 13:17:45.000000,ACC000331,ACC003196,507.35,0,BLOCK,1.0
TXN000962756,2024-01-11 13:26:05.000000,ACC000383,ACC003124,1822.35,0,BLOCK,1.0
TXN000981634,2024-01-11 13:28:50.000000,ACC000486,ACC020261,97.06,0,BLOCK,1.0
TXN000994633,2024-01-11 13:29:30.712006,ACC021032,ACC000500,11914.48,1,BLOCK,0.0
TXN000965721,2024-01-11 13:32:26.000000,ACC000872,ACC010264,220.65,0,BLOCK,1.0
TXN000962686,2024-01-11 13:44:04.828672,ACC000191,ACC011438,44390.69,1,BLOCK,1.0
TXN000977534,2024-01-11 13:48:25.000000,ACC000595,ACC025934,7442.16,0,BLOCK,1.0
TXN000966601,2024-01-11 13:50:48.208916,ACC000426,ACC000244,80149.61,1,BLOCK,1.0
TXN000967337,2024-01-11 13:53:28.000000,ACC000968,ACC008255,41593.06,0,BLOCK,1.0
TXN000982563,2024-01-11 13:53:59.000000,ACC000262,ACC018393,147.53,0,BLOCK,1.0
TXN000746849,2024-01-11 14:00:00.000000,ACC009741,ACC008417,104872.92,0,COOLING,0.0
TXN000824195,2024-01-11 14:00:00.000000,ACC020097,ACC005668,142939.41,0,COOLING,0.0
TXN000541130,2024-01-11 14:00:00.000000,ACC016315,ACC019513,119078.99,0,COOLING,0.0
TXN000125012,2024-01-11 14:00:00.000000,ACC025803,ACC008178,127089.68,0,COOLING,0.0
TXN000995740,2024-01-11 14:00:00.000000,ACC022857,ACC000180,98766.53,0,BLOCK,0.0
TXN000967965,2024-01-11 14:00:27.731640,ACC000741,ACC008883,44996.58,1,BLOCK,1.0
TXN000994631,2024-01-11 14:06:35.069330,ACC017821,ACC000500,10414.72,1,BLOCK,0.0
TXN000973784,2024-01-11 14:07:51.000000,ACC000628,ACC013276,441.71,0,BLOCK,1.0
TXN000965498,2024-01-11 14:11:15.000000,ACC000444,ACC009899,623.51,0,BLOCK,1.0
TXN000960398,2024-01-11 14:19:17.000000,ACC000195,ACC023849,357.07,0,BLOCK,1.0
TXN000985276,2024-01-11 14:23:40.000000,ACC000937,ACC003247,3786.66,0,BLOCK,1.0
TXN000966259,2024-01-11 14:27:55.000000,ACC000827,ACC026808,550.71,0,BLOCK,1.0
TXN000964960,2024-01-11 14:29:05.000000,ACC000419,ACC014161,757.64,0,BLOCK,1.0
TXN000989939,2024-01-11 14:29:59.000000,ACC000729,ACC010929,1081.54,0,BLOCK,1.0
TXN000993880,2024-01-11 14:50:15.000000,ACC000080,ACC026177,676.51,0,BLOCK,1.0
TXN000992276,2024-01-11 14:55:27.545425,ACC001032,ACC006091,16863.18,0,BLOCK,1.0
TXN000841435,2024-01-11 15:00:00.000000,ACC014065,ACC004062,142234.79,0,COOLING,0.0
TXN000969692,2024-01-11 15:00:00.000000,ACC017742,ACC000647,126404.9,0,BLOCK,0.0
TXN000908117,2024-01-11 15:00:00.000000,ACC023926,ACC002381,133918.91,0,COOLING,0.0
TXN000997625,2024-01-11 15:00:00.000000,ACC002959,ACC001076,87497.0,0,BLOCK,0.0
TXN000991797,2024-01-11 15:00:00.000000,ACC023779,ACC000560,149446.39,0,BLOCK,0.0
TXN000609776,2024-01-11 15:00:00.000000,ACC013968,ACC019100,147261.09,0,COOLING,0.0
TXN000174724,2024-01-11 15:00:00.000000,ACC011199,ACC009208,129404.95,0,COOLING,0.0
TXN000286066,2024-01-11 15:00:00.000000,ACC023019,ACC015898,129896.12,0,COOLING,0.0
TXN000714242,2024-01-11 15:00:00.000000,ACC020619,ACC010489,124871.29,0,COOLING,0.0
TXN000962716,2024-01-11 15:00:00.000000,ACC021163,ACC000127,53375.5,0,BLOCK,0.0
TXN000903935,2024-01-11 15:00:00.000000,ACC019300,ACC013074,107245.25,0,COOLING,0.0
TXN000954334,2024-01-11 15:00:00.000000,ACC017011,ACC011274,143408.89,0,COOLING,0.0
TXN000631414,2024-01-11 15:00:00.000000,ACC004869,ACC016693,113649.72,0,COOLING,0.0
TXN000959446,2024-01-11 15:00:00.000000,ACC024335,ACC000730,139053.72,0,BLOCK,0.0
TXN000420246,2024-01-11 15:00:00.000000,ACC012154,ACC006742,145731.01,0,COOLING,0.0
TXN000731993,2024-01-11 15:00:00.000000,ACC011876,ACC017886,105545.58,0,COOLING,0.0
TXN000983988,2024-01-11 15:12:56.000000,ACC000916,ACC023157,1118.14,0,BLOCK,1.0
TXN000512262,2024-01-11 15:24:02.000000,ACC004608,ACC005248,100000.0,0,COOLING,0.0
TXN000975044,2024-01-11 15:24:06.620038,ACC000493,ACC000459,67075.5,1,BLOCK,1.0
TXN000968142,2024-01-11 15:35:04.000000,ACC000345,ACC008454,719.34,0,BLOCK,1.0
TXN000967335,2024-01-11 15:52:57.475286,ACC000420,ACC021946,121721.53,1,BLOCK,1.0
TXN000452379,2024-01-11 16:00:00.000000,ACC009847,ACC019357,103993.66,0,COOLING,0.0
TXN000376040,2024-01-11 16:00:00.000000,ACC024231,ACC020741,143650.11,0,COOLING,0.0
TXN000156387,2024-01-11 16:00:00.000000,ACC014191,ACC017817,130994.8,0,COOLING,0.0
TXN000259847,2024-01-11 16:00:00.000000,ACC025113,ACC009725,110336.48,0,COOLING,0.0
TXN000225316,2024-01-11 16:00:00.000000,ACC005980,ACC008027,149648.07,0,COOLING,0.0
TXN000993169,2024-01-11 16:09:03.000000,ACC000905,ACC025613,622.85,0,BLOCK,1.0
TXN000963261,2024-01-11 16:09:25.000000,ACC000170,ACC017966,4155.44,0,BLOCK,1.0
TXN000997626,2024-01-11 16:13:19.557072,ACC001076,ACC018631,29797.38,0,BLOCK,1.0
TXN000993468,2024-01-11 16:13:41.000000,ACC000814,ACC012527,1136.48,0,BLOCK,1.0
TXN000959395,2024-01-11 16:23:31.275486,ACC000127,ACC000389,37273.92,1,BLOCK,1.0
TXN000985000,2024-01-11 16:43:40.000000,ACC000179,ACC012221,191.54,0,BLOCK,1.0
TXN000958718,2024-01-11 16:52:21.830877,ACC000639,ACC000134,16712.82,1,BLOCK,1.0
TXN000966602,2024-01-11 16:56:26.181459,ACC000244,ACC025389,78606.24,1,BLOCK,1.0
TXN000968182,2024-01-11 16:57:17.000000,ACC000311,ACC019699,534.67,0,BLOCK,1.0
TXN000447318,2024-01-11 17:00:00.000000,ACC007042,ACC003662,147282.63,0,COOLING,0.0
TXN000406511,2024-01-11 17:00:00.000000,ACC015538,ACC004952,114561.01,0,COOLING,0.0
TXN000261763,2024-01-11 17:00:00.000000,ACC019530,ACC021228,123313.51,0,COOLING,0.0
TXN000116470,2024-01-11 17:00:00.000000,ACC017584,ACC025512,142113.33,0,COOLING,0.0
TXN000987289,2024-01-11 17:00:00.000000,ACC020951,ACC000509,88679.93,0,BLOCK,0.0
TXN000412959,2024-01-11 17:00:00.000000,ACC009376,ACC019524,110026.49,0,COOLING,0.0
TXN000473228,2024-01-11 17:00:00.000000,ACC025920,ACC018101,149504.19,0,COOLING,0.0
TXN000670691,2024-01-11 17:00:00.000000,ACC010275,ACC021653,125352.24,0,COOLING,0.0
TXN000657414,2024-01-11 17:00:00.000000,ACC008916,ACC009057,138197.06,0,COOLING,0.0
TXN000211063,2024-01-11 17:00:00.000000,ACC011993,ACC024631,101707.3,0,COOLING,0.0
TXN000103340,2024-01-11 17:00:00.000000,ACC016946,ACC016865,147752.14,0,COOLING,0.0
TXN000997627,2024-01-11 17:03:16.791555,ACC001076,ACC010325,37856.8,0,BLOCK,1.0
TXN000964948,2024-01-11 17:08:50.616764,ACC000391,ACC000427,34568.36,1,BLOCK,1.0
TXN000997943,2024-01-11 17:08:51.000000,ACC000264,ACC012511,546.89,0,BLOCK,1.0
TXN000996751,2024-01-11 17:12:43.000000,ACC000027,ACC024719,1836.45,0,BLOCK,1.0
TXN000978557,2024-01-11 17:14:12.000000,ACC000735,ACC013809,153.63,0,BLOCK,1.0
TXN000969153,2024-01-11 17:16:02.000000,ACC019950,ACC001041,17565.98,0,BLOCK,0.0
TXN000963440,2024-01-11 17:20:16.000000,ACC000618,ACC004746,1004.3,0,BLOCK,1.0
TXN000966716,2024-01-11 17:22:00.000000,ACC000354,ACC020584,1937.93,0,BLOCK,1.0
TXN000995475,2024-01-11 17:23:37.614714,ACC000908,ACC025309,14863.44,0,BLOCK,1.0
TXN000985479,2024-01-11 17:25:05.000000,ACC000830,ACC010129,2469.55,0,BLOCK,1.0
TXN000983912,2024-01-11 17:42:48.000000,ACC000036,ACC006174,346.01,0,BLOCK,1.0
TXN000999455,2024-01-11 17:45:42.000000,ACC000164,ACC004172,2073.42,0,BLOCK,1.0
TXN000974105,2024-01-11 17:51:19.000000,ACC001068,ACC009314,325.89,0,BLOCK,1.0
TXN000987368,2024-01-11 17:53:14.000000,ACC000215,ACC002341,80.54,0,BLOCK,1.0
TXN000960599,2024-01-11 17:55:09.000000,ACC000417,ACC001248,238.42,0,BLOCK,1.0
TXN000997247,2024-01-11 18:00:00.000000,ACC023481,ACC000173,21617.9,0,BLOCK,0.0
TXN000999622,2024-01-11 18:00:00.000000,ACC017557,ACC000504,25392.64,0,BLOCK,0.0
TXN000901035,2024-01-11 18:00:00.000000,ACC026722,ACC021341,127793.38,0,COOLING,0.0
TXN000031567,2024-01-11 18:00:00.000000,ACC021539,ACC011339,129139.45,0,COOLING,0.0
TXN000501618,2024-01-11 18:00:00.000000,ACC026402,ACC024433,135916.12,0,COOLING,0.0
TXN000133396,2024-01-11 18:00:00.000000,ACC020432,ACC009145,108818.63,0,COOLING,0.0
TXN000797970,2024-01-11 18:00:00.000000,ACC006707,ACC006278,107023.7,0,COOLING,0.0
TXN000859127,2024-01-11 18:00:00.000000,ACC020822,ACC011289,131438.93,0,COOLING,0.0
TXN000255638,2024-01-11 18:00:00.000000,ACC010868,ACC020173,122434.82,0,COOLING,0.0
TXN000680779,2024-01-11 18:00:00.000000,ACC002003,ACC014578,138127.49,0,COOLING,0.0
TXN000003980,2024-01-11 18:00:00.000000,ACC014557,ACC016272,139125.5,0,COOLING,0.0
TXN000202709,2024-01-11 18:00:00.000000,ACC020519,ACC010429,104314.5,0,COOLING,0.0
TXN000959342,2024-01-11 18:25:47.000000,ACC000389,ACC001695,38930.3,0,BLOCK,1.0
TXN000995741,2024-01-11 18:30:29.596537,ACC000180,ACC022437,40701.17,0,BLOCK,1.0
TXN000980367,2024-01-11 18:57:16.476018,ACC000359,ACC004333,35904.67,1,BLOCK,1.0
TXN000968946,2024-01-11 19:13:28.000000,ACC000433,ACC005139,4482.14,0,BLOCK,1.0
TXN000995477,2024-01-11 19:20:46.203653,ACC000908,ACC001875,28926.91,0,BLOCK,1.0
TXN000975045,2024-01-11 19:30:37.068101,ACC000459,ACC017469,65948.89,1,BLOCK,1.0
TXN000980891,2024-01-11 19:33:11.000000,ACC000649,ACC014945,2140.13,0,BLOCK,1.0
TXN000997628,2024-01-11 19:34:17.584169,ACC001076,ACC003813,28045.78,0,BLOCK,1.0
TXN000528852,2024-01-11 19:54:03.000000,ACC011219,ACC012961,100000.0,0,COOLING,0.0
TXN000962717,2024-01-11 20:02:24.558883,ACC000127,ACC020180,34212.57,0,BLOCK,1.0
TXN000994616,2024-01-11 20:22:34.883838,ACC025811,ACC000500,10458.66,1,BLOCK,0.0
TXN000967018,2024-01-11 20:38:24.000000,ACC000917,ACC024044,513.5,0,BLOCK,1.0
TXN000978508,2024-01-11 20:46:11.901491,ACC000008,ACC021782,32107.05,0,BLOCK,1.0
TXN000968723,2024-01-11 20:59:35.278040,ACC000702,ACC005679,15887.16,0,BLOCK,1.0
TXN000969049,2024-01-11 21:08:41.534742,ACC000534,ACC015377,15942.18,1,STEP_UP,1.0
TXN000994638,2024-01-11 21:22:00.287941,ACC010731,ACC000500,12793.15,1,BLOCK,0.0
TXN000987663,2024-01-11 21:24:11.000000,ACC000667,ACC008153,723.06,0,BLOCK,1.0
TXN000989217,2024-01-11 22:01:26.212445,ACC000152,ACC000634,60491.53,1,BLOCK,1.0
TXN000999624,2024-01-11 22:05:51.714926,ACC000504,ACC004814,9508.29,0,BLOCK,1.0
TXN000984624,2024-01-11 22:06:03.402944,ACC000850,ACC005880,99421.93,1,BLOCK,1.0
TXN000959448,2024-01-11 22:09:13.388061,ACC000730,ACC014889,45368.34,0,BLOCK,1.0
TXN000991798,2024-01-11 22:13:18.616828,ACC000560,ACC018978,86651.78,0,BLOCK,1.0
TXN000981667,2024-01-11 22:15:13.000000,ACC000344,ACC023174,362.81,0,BLOCK,1.0
TXN000960400,2024-01-11 22:20:31.000000,ACC000195,ACC004388,797.7,0,BLOCK,1.0
TXN000971904,2024-01-11 22:30:13.000000,ACC000878,ACC013719,2276.9,0,BLOCK,1.0
TXN000991799,2024-01-11 22:34:52.034092,ACC000560,ACC008923,52309.22,0,BLOCK,1.0
TXN000995701,2024-01-11 22:35:16.740781,ACC000489,ACC019970,58263.71,1,BLOCK,1.0
TXN000974408,2024-01-11 22:44:15.566871,ACC000834,ACC022663,60136.52,1,BLOCK,1.0
TXN000967336,2024-01-11 22:51:19.107868,ACC000420,ACC021946,73534.5,1,BLOCK,1.0
TXN000975048,2024-01-11 22:51:23.681983,ACC000493,ACC000459,51334.94,1,BLOCK,1.0
TXN000999625,2024-01-11 23:27:03.526282,ACC000504,ACC017557,8712.36,0,BLOCK,1.0
TXN000964992,2024-01-11 23:42:34.297937,ACC000322,ACC000419,33303.71,1,BLOCK,1.0
TXN000994639,2024-01-11 23:56:55.236574,ACC022324,ACC000500,11459.52,1,BLOCK,0.0
TXN000971110,2024-01-12 00:00:00.000000,ACC000142,ACC000602,69240.83,1,BLOCK,1.0
TXN000995152,2024-01-12 00:00:00.000000,ACC000902,ACC000643,41637.78,1,BLOCK,1.0
TXN000969304,2024-01-12 00:00:00.000000,ACC000767,ACC000897,37972.5,1,BLOCK,1.0
TXN001000012,2024-01-12 00:00:00.000000,ACC000160,ACC000174,91407.44,1,BLOCK,1.0
TXN000984826,2024-01-12 00:00:00.000000,ACC000737,ACC000157,44535.33,1,BLOCK,1.0
TXN000970748,2024-01-12 00:00:00.000000,ACC000007,ACC000890,172407.85,1,BLOCK,1.0
TXN000961594,2024-01-12 00:00:00.000000,ACC000286,ACC000044,38964.5,1,BLOCK,1.0
TXN000992277,2024-01-12 00:07:42.860277,ACC001032,ACC005084,10947.48,0,BLOCK,1.0
TXN000958719,2024-01-12 00:11:43.347913,ACC000134,ACC021103,16021.67,1,STEP_UP,1.0
TXN000986439,2024-01-12 00:14:50.000000,ACC000571,ACC017558,1134.0,0,BLOCK,1.0
TXN000992418,2024-01-12 00:30:07.015665,ACC001020,ACC009776,149108.62,1,BLOCK,1.0
TXN000960823,2024-01-12 00:44:28.215545,ACC014363,ACC000130,11088.03,1,BLOCK,0.0
TXN000997387,2024-01-12 00:52:19.000000,ACC000972,ACC005730,138.21,0,BLOCK,1.0
TXN000997248,2024-01-12 01:02:10.797265,ACC000173,ACC014857,6360.35,0,BLOCK,1.0
TXN000968813,2024-01-12 01:06:28.000000,ACC000558,ACC004315,477.64,0,BLOCK,1.0
TXN000993406,2024-01-12 01:08:48.497679,ACC000057,ACC000789,51313.68,1,BLOCK,1.0
TXN000969050,2024-01-12 01:35:07.348710,ACC000906,ACC000534,73441.62,1,BLOCK,1.0
TXN000977496,2024-01-12 01:37:51.773870,ACC000199,ACC000089,33675.34,1,BLOCK,1.0
TXN000964949,2024-01-12 01:43:15.925145,ACC000427,ACC000487,33531.31,1,BLOCK,1.0
TXN000964993,2024-01-12 01:45:30.684284,ACC000419,ACC020995,31982.66,1,BLOCK,1.0
TXN000999586,2024-01-12 01:53:07.000000,ACC000504,ACC024881,318.08,0,BLOCK,1.0
TXN000976424,2024-01-12 02:03:59.158735,ACC016839,ACC000980,13600.65,1,BLOCK,0.0
TXN000978393,2024-01-12 02:06:48.052636,ACC000388,ACC000609,43496.57,1,BLOCK,1.0
TXN000991151,2024-01-12 02:07:08.711763,ACC026708,ACC000935,11558.47,1,BLOCK,0.0
TXN000962718,2024-01-12 02:16:28.304020,ACC000127,ACC013922,19932.55,0,BLOCK,1.0
TXN000992410,2024-01-12 02:19:29.677856,ACC011651,ACC001020,10970.49,1,BLOCK,0.0
TXN000965681,2024-01-12 02:24:24.927848,ACC000559,ACC008420,54244.49,0,BLOCK,1.0
TXN000997376,2024-01-12 02:33:45.000000,ACC000972,ACC010742,1297.72,0,BLOCK,1.0
TXN000995742,2024-01-12 02:38:05.094499,ACC000180,ACC017811,27506.32,0,BLOCK,1.0
TXN000968724,2024-01-12 02:50:12.387108,ACC000702,ACC010670,28379.41,0,BLOCK,1.0
TXN000995704,2024-01-12 02:51:46.857057,ACC000189,ACC000489,29658.21,1,BLOCK,1.0
TXN000975819,2024-01-12 02:59:02.859439,ACC000188,ACC000849,27013.95,1,BLOCK,1.0
TXN000960836,2024-01-12 03:06:12.923132,ACC023801,ACC000130,12666.92,1,BLOCK,0.0
TXN000969693,2024-01-12 03:12:47.190883,ACC000647,ACC020991,64069.41,0,BLOCK,1.0
TXN000978549,2024-01-12 03:13:31.983461,ACC001059,ACC023368,33091.92,1,BLOCK,1.0
TXN000961595,2024-01-12 03:21:50.606955,ACC000044,ACC024906,37833.04,1,BLOCK,1.0
TXN000995476,2024-01-12 03:47:43.334623,ACC000908,ACC021004,17664.38,0,BLOCK,1.0
TXN000966730,2024-01-12 03:49:11.588235,ACC000354,ACC017427,81843.72,1,BLOCK,1.0
TXN000984304,2024-01-12 03:49:58.193002,ACC008338,ACC000655,11557.15,1,BLOCK,0.0
TXN000984306,2024-01-12 04:03:34.328972,ACC017168,ACC000655,12899.99,1,BLOCK,0.0
TXN000988147,2024-01-12 04:21:15.304651,ACC000761,ACC000519,58094.03,1,BLOCK,1.0
TXN000991159,2024-01-12 04:25:02.376402,ACC010740,ACC000935,11948.5,1,BLOCK,0.0
TXN000960837,2024-01-12 04:29:50.708799,ACC000130,ACC017253,121865.25,1,BLOCK,1.0
TXN000989218,2024-01-12 04:31:05.119355,ACC000634,ACC020856,55599.01,1,BLOCK,1.0
TXN000986567,2024-01-12 04:38:17.000000,ACC000794,ACC018437,453.05,0,BLOCK,1.0
TXN000960835,2024-01-12 04:52:16.110802,ACC013054,ACC000130,11131.86,1,BLOCK,0.0
TXN000985358,2024-01-12 05:03:36.369140,ACC011740,ACC000895,14686.86,1,BLOCK,0.0
TXN000984308,2024-01-12 05:12:05.532031,ACC008338,ACC000655,12464.91,1,BLOCK,0.0
TXN000985348,2024-01-12 05:25:05.749653,ACC012710,ACC000895,10757.6,1,BLOCK,0.0
TXN000960819,2024-01-12 05:36:38.251281,ACC005966,ACC000130,11162.97,1,BLOCK,0.0
TXN000994640,2024-01-12 05:40:10.308330,ACC000500,ACC006645,200211.34,1,BLOCK,1.0
TXN000983293,2024-01-12 06:03:32.000000,ACC000468,ACC014813,120.15,0,BLOCK,1.0
TXN000978394,2024-01-12 06:06:21.964572,ACC000609,ACC015445,39911.76,1,BLOCK,1.0
TXN000976428,2024-01-12 06:20:30.960715,ACC022986,ACC000980,12977.18,1,BLOCK,0.0
TXN000970693,2024-01-12 06:41:24.000000,ACC000514,ACC003836,184.39,0,BLOCK,1.0
TXN000997703,2024-01-12 06:41:29.484329,ACC000680,ACC000864,26397.31,1,BLOCK,1.0
TXN000969305,2024-01-12 06:43:13.798870,ACC000897,ACC000487,36833.33,1,BLOCK,1.0
TXN000975823,2024-01-12 06:45:23.904554,ACC000188,ACC000849,16742.86,1,BLOCK,1.0
TXN000969051,2024-01-12 06:51:17.029167,ACC000534,ACC015377,71222.67,1,BLOCK,1.0
TXN000959396,2024-01-12 07:05:20.600510,ACC000389,ACC006184,33976.51,1,BLOCK,1.0
TXN000978054,2024-01-12 07:07:22.000000,ACC000503,ACC007468,670.71,0,BLOCK,1.0
TXN000974540,2024-01-12 07:07:38.000000,ACC000502,ACC009979,1142.74,0,BLOCK,1.0
TXN000995366,2024-01-12 07:08:32.000000,ACC000603,ACC009323,16945.86,0,BLOCK,1.0
TXN000960931,2024-01-12 07:10:22.000000,ACC000102,ACC022177,2666.61,0,BLOCK,1.0
TXN000991147,2024-01-12 07:15:28.982464,ACC024476,ACC000935,10128.72,1,BLOCK,0.0
TXN000962582,2024-01-12 07:21:38.000000,ACC000034,ACC008199,208.19,0,BLOCK,1.0
TXN000996330,2024-01-12 07:22:27.745324,ACC000730,ACC000014,97741.46,1,BLOCK,1.0
TXN001000271,2024-01-12 07:30:05.000000,ACC000732,ACC017799,158.55,0,BLOCK,1.0
TXN000976915,2024-01-12 07:31:50.000000,ACC001034,ACC023602,411.05,0,BLOCK,1.0
TXN000970943,2024-01-12 07:48:55.000000,ACC000496,ACC008279,143.25,0,BLOCK,1.0
TXN000992402,2024-01-12 07:51:37.962201,ACC015811,ACC001020,12363.54,1,BLOCK,0.0
TXN000973876,2024-01-12 07:53:32.000000,ACC000217,ACC022905,94.14,0,BLOCK,1.0
TXN000964795,2024-01-12 08:00:00.000000,ACC024763,ACC000259,131016.43,0,BLOCK,0.0
TXN000062316,2024-01-12 08:00:00.000000,ACC019080,ACC005696,137244.97,0,COOLING,0.0
TXN000305367,2024-01-12 08:00:00.000000,ACC003295,ACC021520,109064.19,0,COOLING,0.0
TXN000821343,2024-01-12 08:00:00.000000,ACC010431,ACC022947,137351.12,0,COOLING,0.0
TXN000543087,2024-01-12 08:00:00.000000,ACC009199,ACC016498,112411.78,0,COOLING,0.0
TXN000258529,2024-01-12 08:00:00.000000,ACC026652,ACC017957,142066.02,0,COOLING,0.0
TXN000832742,2024-01-12 08:00:00.000000,ACC021971,ACC005612,133743.26,0,COOLING,0.0
TXN000853259,2024-01-12 08:00:00.000000,ACC017222,ACC013434,125899.54,0,COOLING,0.0
TXN000330974,2024-01-12 08:00:00.000000,ACC023899,ACC003734,145660.87,0,COOLING,0.0
TXN000940911,2024-01-12 08:00:00.000000,ACC025799,ACC007196,115888.38,0,COOLING,0.0
TXN000965062,2024-01-12 08:02:17.000000,ACC001052,ACC017315,213.94,0,BLOCK,1.0
TXN000997653,2024-01-12 08:07:04.000000,ACC000261,ACC022096,3946.47,0,BLOCK,1.0
TXN000974182,2024-01-12 08:21:01.000000,ACC000823,ACC011162,22.54,0,BLOCK,1.0
TXN000971111,2024-01-12 08:48:45.714197,ACC000602,ACC000725,67163.61,1,BLOCK,1.0
TXN000978703,2024-01-12 08:51:44.000000,ACC000705,ACC013798,313.36,0,BLOCK,1.0
TXN000976439,2024-01-12 08:52:28.139082,ACC014678,ACC000980,12701.09,1,BLOCK,0.0
TXN000020644,2024-01-12 09:00:00.000000,ACC018129,ACC019002,120074.33,0,COOLING,0.0
TXN000627528,2024-01-12 09:00:00.000000,ACC007116,ACC026561,106738.13,0,COOLING,0.0
TXN000871442,2024-01-12 09:00:00.000000,ACC004163,ACC004201,127007.66,0,COOLING,0.0
TXN000401289,2024-01-12 09:00:00.000000,ACC002267,ACC024650,145611.36,0,COOLING,0.0
TXN000288983,2024-01-12 09:00:00.000000,ACC018846,ACC008155,111894.14,0,COOLING,0.0
TXN000743534,2024-01-12 09:00:00.000000,ACC025795,ACC020274,138920.53,0,COOLING,0.0
TXN000843937,2024-01-12 09:00:00.000000,ACC014416,ACC001274,133506.37,0,COOLING,0.0
TXN000632971,2024-01-12 09:00:00.000000,ACC024438,ACC018304,142232.48,0,COOLING,0.0
TXN000217063,2024-01-12 09:00:00.000000,ACC018491,ACC008341,149557.3,0,COOLING,0.0
TXN000317156,2024-01-12 09:00:00.000000,ACC005241,ACC016261,123955.0,0,COOLING,0.0
TXN000254274,2024-01-12 09:00:00.000000,ACC014691,ACC022023,146714.22,0,COOLING,0.0
TXN000680307,2024-01-12 09:00:00.000000,ACC023442,ACC007506,109630.59,0,COOLING,0.0
TXN000889980,2024-01-12 09:00:00.000000,ACC017149,ACC023323,114020.63,0,COOLING,0.0
TXN000020409,2024-01-12 09:00:00.000000,ACC012087,ACC013314,106286.4,0,COOLING,0.0
TXN000060560,2024-01-12 09:00:00.000000,ACC025016,ACC010809,122992.7,0,COOLING,0.0
TXN000966597,2024-01-12 09:03:07.902573,ACC000426,ACC000244,54722.19,1,BLOCK,1.0
TXN000996792,2024-01-12 09:03:16.000000,ACC000969,ACC025319,1130.23,0,BLOCK,1.0
TXN000964972,2024-01-12 09:04:50.000000,ACC000419,ACC004671,6803.58,0,BLOCK,1.0
TXN000983465,2024-01-12 09:04:53.000000,ACC000299,ACC021905,366.39,0,BLOCK,1.0
TXN000987290,2024-01-12 09:11:18.204130,ACC000509,ACC004860,47563.01,0,BLOCK,1.0
TXN000970749,2024-01-12 09:11:37.023112,ACC000890,ACC000994,167235.62,1,BLOCK,1.0
TXN000999922,2024-01-12 09:19:44.000000,ACC000071,ACC020808,1442.96,0,BLOCK,1.0
TXN000995153,2024-01-12 09:20:52.215905,ACC000643,ACC000793,40388.64,1,BLOCK,1.0
TXN000994040,2024-01-12 09:23:11.000000,ACC000469,ACC003602,212.36,0,BLOCK,1.0
TXN000979886,2024-01-12 09:24:59.000000,ACC000689,ACC024318,1309.02,0,BLOCK,1.0
TXN000967802,2024-01-12 09:31:08.000000,ACC000066,ACC017491,362.98,0,BLOCK,1.0
TXN000990436,2024-01-12 09:36:02.000000,ACC000886,ACC022557,110.99,0,BLOCK,1.0
TXN000975736,2024-01-12 09:36:04.000000,ACC000727,ACC015892,427.3,0,BLOCK,1.0
TXN000975830,2024-01-12 09:44:48.000000,ACC000924,ACC013903,325.46,0,BLOCK,1.0
TXN000971257,2024-01-12 09:48:35.000000,ACC000817,ACC014004,831.51,0,BLOCK,1.0
TXN000973415,2024-01-12 09:50:48.000000,ACC000556,ACC022838,45735.35,0,BLOCK,1.0
TXN000442850,2024-01-12 10:00:00.000000,ACC023057,ACC016955,109465.5,0,COOLING,0.0
TXN000999691,2024-01-12 10:00:00.000000,ACC003879,ACC000061,58022.13,0,BLOCK,0.0
TXN000146189,2024-01-12 10:00:00.000000,ACC005838,ACC007886,146353.94,0,COOLING,0.0
TXN000621874,2024-01-12 10:00:00.000000,ACC014732,ACC003872,148003.75,0,COOLING,0.0
TXN000604225,2024-01-12 10:00:00.000000,ACC003920,ACC010393,148934.6,0,COOLING,0.0
TXN000889533,2024-01-12 10:00:00.000000,ACC006170,ACC023232,122691.87,0,COOLING,0.0
TXN000625903,2024-01-12 10:00:00.000000,ACC003854,ACC023537,144559.68,0,COOLING,0.0
TXN000406105,2024-01-12 10:00:00.000000,ACC010064,ACC004318,114207.57,0,COOLING,0.0
TXN000456524,2024-01-12 10:00:00.000000,ACC018426,ACC005504,116179.01,0,COOLING,0.0
TXN000993985,2024-01-12 10:01:35.878014,ACC000367,ACC000879,32154.6,1,BLOCK,1.0
TXN000992416,2024-01-12 10:01:57.630215,ACC018981,ACC001020,11125.71,1,BLOCK,0.0
TXN000990240,2024-01-12 10:03:21.000000,ACC000157,ACC003888,516.0,0,BLOCK,1.0
TXN001000875,2024-01-12 10:03:49.000000,ACC000144,ACC005704,1160.38,0,BLOCK,1.0
TXN000987631,2024-01-12 10:06:44.000000,ACC000451,ACC012443,4676.15,0,BLOCK,1.0
TXN000959447,2024-01-12 10:07:16.383863,ACC000730,ACC017824,63114.69,0,BLOCK,1.0
TXN000976427,2024-01-12 10:11:32.392279,ACC009130,ACC000980,10738.73,1,BLOCK,0.0
TXN000974977,2024-01-12 10:20:03.000000,ACC000964,ACC017264,4824.79,0,BLOCK,1.0
TXN000981878,2024-01-12 10:31:39.768779,ACC000724,ACC000949,36906.89,1,BLOCK,1.0
TXN000997927,2024-01-12 10:33:07.000000,ACC000184,ACC008204,579.03,0,BLOCK,1.0
TXN000985368,2024-01-12 10:33:23.153572,ACC001731,ACC000895,12406.44,1,BLOCK,0.0
TXN000991162,2024-01-12 10:38:38.000000,ACC000865,ACC026755,162.83,0,BLOCK,1.0
TXN000966598,2024-01-12 10:47:30.674149,ACC000244,ACC025389,52379.84,1,BLOCK,1.0
TXN000988035,2024-01-12 10:47:43.000000,ACC000116,ACC010699,2365.2,0,BLOCK,1.0
TXN000990986,2024-01-12 10:51:24.000000,ACC000279,ACC001380,1341.75,0,BLOCK,1.0
TXN000737756,2024-01-12 11:00:00.000000,ACC015950,ACC003721,128355.19,0,COOLING,0.0
TXN000482323,2024-01-12 11:00:00.000000,ACC020055,ACC010371,102947.62,0,COOLING,0.0
TXN000295565,2024-01-12 11:00:00.000000,ACC023604,ACC003990,110667.07,0,COOLING,0.0
TXN000931428,2024-01-12 11:00:00.000000,ACC020987,ACC017951,136300.52,0,COOLING,0.0
TXN000986585,2024-01-12 11:00:00.000000,ACC023225,ACC000794,64008.76,0,BLOCK,0.0
TXN000721757,2024-01-12 11:00:00.000000,ACC014669,ACC001232,119349.79,0,COOLING,0.0
TXN000659214,2024-01-12 11:00:00.000000,ACC016038,ACC008166,115610.18,0,COOLING,0.0
TXN000981372,2024-01-12 11:04:03.000000,ACC000232,ACC005200,892.74,0,BLOCK,1.0
TXN000997293,2024-01-12 11:04:44.000000,ACC000493,ACC020599,797.08,0,BLOCK,1.0
TXN000968768,2024-01-12 11:07:12.000000,ACC000032,ACC013704,13749.43,0,BLOCK,1.0
TXN001000013,2024-01-12 11:11:31.978126,ACC000174,ACC017195,87034.66,1,BLOCK,1.0
TXN000959653,2024-01-12 11:17:36.000000,ACC000321,ACC002099,209.8,0,BLOCK,1.0
TXN000991575,2024-01-12 11:21:29.000000,ACC001056,ACC012192,1929.29,0,BLOCK,1.0
TXN000995705,2024-01-12 11:23:38.738041,ACC000489,ACC019970,27632.29,1,BLOCK,1.0
TXN000990607,2024-01-12 11:25:43.000000,ACC000529,ACC019983,1926.75,0,BLOCK,1.0
TXN000999623,2024-01-12 11:27:03.174035,ACC000504,ACC017563,11801.67,0,BLOCK,1.0
TXN000984827,2024-01-12 11:28:24.099955,ACC000157,ACC000353,43199.27,1,BLOCK,1.0
TXN000969514,2024-01-12 11:36:28.000000,ACC000965,ACC026638,697.52,0,BLOCK,1.0
TXN000960788,2024-01-12 11:42:04.000000,ACC000130,ACC007102,1387.42,0,BLOCK,1.0
TXN000966510,2024-01-12 11:43:30.000000,ACC000512,ACC024850,3488.79,0,BLOCK,1.0
TXN000971121,2024-01-12 11:45:27.000000,ACC000819,ACC026864,2316.36,0,BLOCK,1.0
TXN000961253,2024-01-12 11:47:32.000000,ACC000929,ACC006070,1650.85,0,BLOCK,1.0
TXN000965803,2024-01-12 11:50:19.000000,ACC000866,ACC001859,698.89,0,BLOCK,1.0
TXN000965832,2024-01-12 11:51:12.000000,ACC000866,ACC010126,1932.49,0,BLOCK,1.0
TXN000989070,2024-01-12 11:54:12.000000,ACC000928,ACC011103,367.33,0,BLOCK,1.0
TXN000969358,2024-01-12 11:55:09.000000,ACC000287,ACC026790,493.15,0,BLOCK,1.0
TXN000963554,2024-01-12 11:59:51.000000,ACC000596,ACC002382,124.09,0,BLOCK,1.0
TXN000532870,2024-01-12 12:00:00.000000,ACC007981,ACC009392,107577.1,0,COOLING,0.0
TXN000632977,2024-01-12 12:00:00.000000,ACC007643,ACC018304,114703.46,0,COOLING,0.0
TXN000549686,2024-01-12 12:00:00.000000,ACC010987,ACC007305,104992.61,0,COOLING,0.0
TXN000176800,2024-01-12 12:00:00.000000,ACC019604,ACC023572,117671.13,0,COOLING,0.0
TXN000568640,2024-01-12 12:00:00.000000,ACC005627,ACC017524,114611.72,0,COOLING,0.0
TXN000959441,2024-01-12 12:00:00.000000,ACC011199,ACC000730,98745.06,0,BLOCK,0.0
TXN000910460,2024-01-12 12:00:00.000000,ACC024805,ACC005400,146279.5,0,COOLING,0.0
TXN000972965,2024-01-12 12:02:01.000000,ACC000764,ACC012131,537.54,0,BLOCK,1.0
TXN000992981,2024-01-12 12:02:58.035791,ACC000354,ACC000434,81047.83,1,BLOCK,1.0
TXN000990912,2024-01-12 12:09:29.000000,ACC000064,ACC015955,418.29,0,BLOCK,1.0
TXN000999788,2024-01-12 12:14:51.000000,ACC000775,ACC020950,238.07,0,BLOCK,1.0
TXN000979459,2024-01-12 12:15:29.000000,ACC000368,ACC026493,2032.66,0,BLOCK,1.0
TXN000976283,2024-01-12 12:24:15.000000,ACC000249,ACC006909,176.55,0,BLOCK,1.0
TXN000971891,2024-01-12 12:25:30.000000,ACC000330,ACC019565,274.18,0,BLOCK,1.0
TXN000965222,2024-01-12 12:25:54.000000,ACC000875,ACC016308,522.21,0,BLOCK,1.0
TXN000981879,2024-01-12 12:35:12.839047,ACC000949,ACC016550,34680.99,1,BLOCK,1.0
TXN000964056,2024-01-12 12:40:18.000000,ACC009107,ACC000138,10037.14,0,BLOCK,0.0
TXN000967739,2024-01-12 12:47:04.000000,ACC000602,ACC007890,3083.05,0,BLOCK,1.0
TXN000991156,2024-01-12 12:55:20.041058,ACC025281,ACC000935,14393.79,1,BLOCK,0.0
TXN000965226,2024-01-12 12:59:07.000000,ACC000875,ACC002303,55.64,0,BLOCK,1.0
TXN000275912,2024-01-12 13:00:00.000000,ACC002413,ACC006085,116617.81,0,COOLING,0.0
TXN000545481,2024-01-12 13:00:00.000000,ACC001295,ACC007722,149175.73,0,COOLING,0.0
TXN000706401,2024-01-12 13:00:00.000000,ACC016345,ACC018201,132874.07,0,COOLING,0.0
TXN000488446,2024-01-12 13:00:00.000000,ACC011177,ACC026133,144167.9,0,COOLING,0.0
TXN000434862,2024-01-12 13:00:00.000000,ACC004911,ACC015499,132349.92,0,COOLING,0.0
TXN000589246,2024-01-12 13:00:00.000000,ACC018333,ACC017954,110402.07,0,COOLING,0.0
TXN000902462,2024-01-12 13:00:00.000000,ACC004260,ACC004718,137500.93,0,COOLING,0.0
TXN000964590,2024-01-12 13:05:49.000000,ACC001047,ACC004631,1655.48,0,BLOCK,1.0
TXN000982664,2024-01-12 13:17:01.000000,ACC000899,ACC020361,351.8,0,BLOCK,1.0
TXN000971042,2024-01-12 13:21:28.000000,ACC000272,ACC020690,3778.32,0,BLOCK,1.0
TXN000986285,2024-01-12 13:24:16.000000,ACC000682,ACC025862,3831.05,0,BLOCK,1.0
TXN000976330,2024-01-12 13:24:28.000000,ACC000401,ACC020985,1564.49,0,BLOCK,1.0
TXN000969306,2024-01-12 13:26:27.597740,ACC000487,ACC000590,35728.33,1,BLOCK,1.0
TXN000993126,2024-01-12 13:41:33.000000,ACC000683,ACC025232,515.87,0,BLOCK,1.0
TXN000993970,2024-01-12 13:42:06.000000,ACC000879,ACC015148,5706.51,0,BLOCK,1.0
TXN000959120,2024-01-12 13:56:13.000000,ACC000619,ACC014081,3528.91,0,BLOCK,1.0
TXN000968253,2024-01-12 13:58:04.000000,ACC000745,ACC024055,697.09,0,BLOCK,1.0
TXN000993407,2024-01-12 13:58:31.748826,ACC000789,ACC009060,48802.34,1,BLOCK,1.0
TXN000713276,2024-01-12 14:00:00.000000,ACC022660,ACC026126,118217.61,0,COOLING,0.0
TXN000307358,2024-01-12 14:00:00.000000,ACC006749,ACC026194,112636.24,0,COOLING,0.0
TXN000906428,2024-01-12 14:00:00.000000,ACC012602,ACC003681,104875.07,0,COOLING,0.0
TXN000905604,2024-01-12 14:00:00.000000,ACC004142,ACC010501,143394.21,0,COOLING,0.0
TXN000524664,2024-01-12 14:00:00.000000,ACC006056,ACC026107,110754.18,0,COOLING,0.0
TXN000798659,2024-01-12 14:00:00.000000,ACC023403,ACC022187,126906.96,0,COOLING,0.0
TXN000559897,2024-01-12 14:00:00.000000,ACC001364,ACC007085,121364.79,0,COOLING,0.0
TXN000797402,2024-01-12 14:00:00.000000,ACC001485,ACC018369,102103.39,0,COOLING,0.0
TXN000757001,2024-01-12 14:00:00.000000,ACC017024,ACC021923,147292.83,0,COOLING,0.0
TXN000962586,2024-01-12 14:00:00.000000,ACC016217,ACC000034,44951.18,0,BLOCK,0.0
TXN000313092,2024-01-12 14:00:00.000000,ACC005556,ACC024002,116510.55,0,COOLING,0.0
TXN000966173,2024-01-12 14:03:59.000000,ACC000415,ACC023721,976.63,0,BLOCK,1.0
TXN000969863,2024-01-12 14:09:10.000000,ACC000288,ACC006142,1514.21,0,BLOCK,1.0
TXN000986586,2024-01-12 14:28:41.882226,ACC000794,ACC014561,33843.78,0,BLOCK,1.0
TXN000963623,2024-01-12 14:29:26.000000,ACC000352,ACC011466,1497.14,0,BLOCK,1.0
TXN000961617,2024-01-12 14:37:58.000000,ACC017361,ACC000221,24860.05,0,BLOCK,0.0
TXN000980013,2024-01-12 14:38:50.000000,ACC000816,ACC026215,1677.98,0,BLOCK,1.0
TXN000991424,2024-01-12 14:39:43.720421,ACC000118,ACC000699,23634.49,1,BLOCK,1.0
TXN001000852,2024-01-12 14:42:11.000000,ACC001031,ACC012182,981.44,0,BLOCK,1.0
TXN000992417,2024-01-12 14:43:04.490852,ACC011506,ACC001020,11717.58,1,BLOCK,0.0
TXN000990385,2024-01-12 14:45:51.000000,ACC000059,ACC010382,233.04,0,BLOCK,1.0
TXN000995649,2024-01-12 14:52:06.000000,ACC000812,ACC004960,3005.85,0,BLOCK,1.0
TXN000967883,2024-01-12 14:53:27.000000,ACC000056,ACC024055,561.48,0,BLOCK,1.0
TXN000974896,2024-01-12 14:54:26.000000,ACC000155,ACC016878,167.09,0,BLOCK,1.0
TXN000991370,2024-01-12 14:57:50.000000,ACC000492,ACC025505,125.5,0,BLOCK,1.0
TXN000999910,2024-01-12 15:00:00.000000,ACC013973,ACC000052,80270.66,0,BLOCK,0.0
TXN000994571,2024-01-12 15:00:00.000000,ACC024876,ACC000785,114217.65,0,BLOCK,0.0
TXN000631235,2024-01-12 15:00:00.000000,ACC017131,ACC023924,109115.33,0,COOLING,0.0
TXN000638389,2024-01-12 15:00:00.000000,ACC026476,ACC014235,104532.73,0,COOLING,0.0
TXN000568710,2024-01-12 15:00:00.000000,ACC001745,ACC014009,111310.72,0,COOLING,0.0
TXN000845627,2024-01-12 15:00:00.000000,ACC014756,ACC009334,148476.25,0,COOLING,0.0
TXN000875107,2024-01-12 15:00:00.000000,ACC003448,ACC007481,107135.6,0,COOLING,0.0
TXN000959319,2024-01-12 15:24:36.000000,ACC000482,ACC007412,1133.36,0,BLOCK,1.0
TXN000990702,2024-01-12 15:32:56.000000,ACC001016,ACC010886,829.83,0,BLOCK,1.0
TXN000990178,2024-01-12 15:34:55.000000,ACC000772,ACC001171,1529.73,0,BLOCK,1.0
TXN000976431,2024-01-12 15:39:47.179725,ACC024542,ACC000980,14893.94,1,BLOCK,0.0
TXN000994686,2024-01-12 15:44:21.000000,ACC000464,ACC022102,1218.15,0,BLOCK,1.0
TXN000984093,2024-01-12 15:47:08.000000,ACC000430,ACC013479,207.81,0,BLOCK,1.0
TXN000985357,2024-01-12 15:53:43.207334,ACC012710,ACC000895,10482.77,1,BLOCK,0.0
TXN000985364,2024-01-12 15:54:45.812593,ACC013654,ACC000895,14709.78,1,BLOCK,0.0
TXN000274413,2024-01-12 16:00:00.000000,ACC012929,ACC021687,137444.09,0,COOLING,0.0
TXN000611518,2024-01-12 16:00:00.000000,ACC017169,ACC015137,138114.09,0,COOLING,0.0
TXN000588334,2024-01-12 16:00:00.000000,ACC012550,ACC025519,110618.26,0,COOLING,0.0
TXN000991990,2024-01-12 16:00:00.000000,ACC009497,ACC000739,52045.15,0,BLOCK,0.0164
TXN000424329,2024-01-12 16:00:00.000000,ACC021181,ACC003495,143435.74,0,COOLING,0.0
TXN000491136,2024-01-12 16:00:00.000000,ACC014615,ACC023608,118451.64,0,COOLING,0.0
TXN000873070,2024-01-12 16:00:00.000000,ACC018516,ACC004384,123489.46,0,COOLING,0.0
TXN000175201,2024-01-12 16:00:00.000000,ACC012227,ACC003231,143257.95,0,COOLING,0.0
TXN000839962,2024-01-12 16:00:00.000000,ACC012841,ACC001781,142476.77,0,COOLING,0.0
TXN000331711,2024-01-12 16:00:00.000000,ACC001714,ACC014173,109004.85,0,COOLING,0.0
TXN000033992,2024-01-12 16:00:00.000000,ACC022133,ACC005789,149250.63,0,COOLING,0.0
TXN000985347,2024-01-12 16:04:55.947387,ACC019811,ACC000895,12266.23,1,BLOCK,0.0
TXN000973870,2024-01-12 16:12:46.000000,ACC000217,ACC010533,96.24,0,BLOCK,1.0
TXN000990420,2024-01-12 16:18:21.000000,ACC000886,ACC005738,631.59,0,BLOCK,1.0
TXN000994641,2024-01-12 16:24:31.499904,ACC000500,ACC006645,108643.86,1,BLOCK,1.0
TXN000981873,2024-01-12 16:29:00.000000,ACC000949,ACC025694,524.29,0,BLOCK,1.0
TXN000986195,2024-01-12 16:29:23.000000,ACC000337,ACC006632,6292.4,0,BLOCK,1.0
TXN000964796,2024-01-12 16:31:31.762210,ACC000259,ACC026254,88968.1,0,BLOCK,1.0
TXN000986587,2024-01-12 16:37:16.875130,ACC000794,ACC010011,22944.7,0,BLOCK,1.0
TXN000980900,2024-01-12 16:46:00.000000,ACC000649,ACC022570,1628.38,0,BLOCK,1.0
TXN000975336,2024-01-12 16:46:20.000000,ACC000569,ACC009428,6876.29,0,BLOCK,1.0
TXN000991593,2024-01-12 16:46:23.000000,ACC001056,ACC017733,340.39,0,BLOCK,1.0
TXN000639248,2024-01-12 17:00:00.000000,ACC014454,ACC010075,125800.4,0,COOLING,0.0
TXN000674803,2024-01-12 17:00:00.000000,ACC010004,ACC023355,125907.69,0,COOLING,0.0
TXN000044724,2024-01-12 17:00:00.000000,ACC024823,ACC023076,100386.78,0,COOLING,0.0
TXN000641915,2024-01-12 17:00:00.000000,ACC014290,ACC020221,133064.08,0,COOLING,0.0
TXN000683795,2024-01-12 17:00:00.000000,ACC012441,ACC012481,122418.31,0,COOLING,0.0
TXN000046913,2024-01-12 17:00:00.000000,ACC012431,ACC026083,109514.23,0,COOLING,0.0
TXN000451518,2024-01-12 17:00:00.000000,ACC022138,ACC005633,138309.05,0,COOLING,0.0
TXN000513972,2024-01-12 17:00:00.000000,ACC016817,ACC008568,148730.71,0,COOLING,0.0
TXN000647370,2024-01-12 17:00:00.000000,ACC010310,ACC011133,147614.26,0,COOLING,0.0
TXN000282398,2024-01-12 17:00:00.000000,ACC016305,ACC009830,111576.53,0,COOLING,0.0
TXN000858259,2024-01-12 17:00:00.000000,ACC014247,ACC003855,118627.91,0,COOLING,0.0
TXN000976252,2024-01-12 17:00:00.000000,ACC010215,ACC000077,130687.29,0,BLOCK,0.0
TXN000962587,2024-01-12 17:02:15.343453,ACC000034,ACC003569,26488.79,0,BLOCK,1.0
TXN000991224,2024-01-12 17:19:28.000000,ACC000910,ACC017603,21258.21,0,BLOCK,1.0
TXN000964798,2024-01-12 17:22:49.392979,ACC000259,ACC026254,80865.41,0,BLOCK,1.0
TXN000971112,2024-01-12 17:37:31.428394,ACC000725,ACC000885,65148.7,1,BLOCK,1.0
TXN000982597,2024-01-12 17:37:37.000000,ACC000936,ACC010176,2475.87,0,BLOCK,1.0
TXN000969054,2024-01-12 17:40:31.547995,ACC000906,ACC000534,73415.34,1,BLOCK,1.0
TXN000982326,2024-01-12 17:48:17.000000,ACC000734,ACC013794,3828.17,0,BLOCK,1.0
TXN000960427,2024-01-12 17:50:55.000000,ACC000110,ACC009362,210.44,0,BLOCK,1.0
TXN000300333,2024-01-12 18:00:00.000000,ACC011813,ACC015552,113645.9,0,COOLING,0.0
TXN000721690,2024-01-12 18:00:00.000000,ACC008294,ACC026113,126970.03,0,COOLING,0.0
TXN000524320,2024-01-12 18:00:00.000000,ACC020061,ACC018298,110785.74,0,COOLING,0.0
TXN000117198,2024-01-12 18:00:00.000000,ACC008350,ACC011234,101817.52,0,COOLING,0.0
TXN000206413,2024-01-12 18:00:00.000000,ACC016035,ACC002238,133335.77,0,COOLING,0.0
TXN000207279,2024-01-12 18:00:00.000000,ACC023260,ACC023906,119986.91,0,COOLING,0.0
TXN000018411,2024-01-12 18:00:00.000000,ACC003417,ACC024349,117878.96,0,COOLING,0.0
TXN000418517,2024-01-12 18:00:00.000000,ACC025463,ACC008294,128029.57,0,COOLING,0.0
TXN000469656,2024-01-12 18:00:00.000000,ACC025428,ACC012407,116831.12,0,COOLING,0.0
TXN000969055,2024-01-12 18:01:47.414526,ACC000534,ACC015377,71200.69,1,BLOCK,1.0
TXN000991149,2024-01-12 18:06:54.324379,ACC011724,ACC000935,13978.39,1,BLOCK,0.0
TXN000976254,2024-01-12 18:19:17.893332,ACC000077,ACC018027,45978.64,0,BLOCK,1.0
TXN000992405,2024-01-12 18:21:39.966640,ACC009981,ACC001020,12409.32,1,BLOCK,0.0
TXN000970750,2024-01-12 18:23:14.046224,ACC000994,ACC000075,162218.55,1,BLOCK,1.0
TXN000983246,2024-01-12 18:36:18.000000,ACC000117,ACC016935,1149.18,0,BLOCK,1.0
TXN000976442,2024-01-12 18:37:24.042570,ACC022986,ACC000980,11367.86,1,BLOCK,0.0
TXN000978125,2024-01-12 18:39:10.000000,ACC000448,ACC020123,541.71,0,BLOCK,1.0
TXN000995154,2024-01-12 18:41:44.431811,ACC000793,ACC000575,39176.99,1,BLOCK,1.0
TXN000970990,2024-01-12 18:47:20.000000,ACC000695,ACC016956,1888.08,0,BLOCK,1.0
TXN000993416,2024-01-12 18:53:36.396056,ACC000057,ACC000789,81019.02,1,BLOCK,1.0
TXN000981716,2024-01-12 19:01:30.000000,ACC000112,ACC015129,347.67,0,BLOCK,1.0
TXN000973145,2024-01-12 19:06:07.000000,ACC000967,ACC026363,788.8,0,BLOCK,1.0
TXN000991991,2024-01-12 19:08:08.254347,ACC000739,ACC016360,15445.85,0,STEP_UP,1.0
TXN000993986,2024-01-12 19:11:19.020439,ACC000879,ACC001597,29903.04,1,BLOCK,1.0
TXN000999692,2024-01-12 19:18:22.108294,ACC000061,ACC023132,35010.6,0,BLOCK,1.0
TXN000994573,2024-01-12 19:22:43.062749,ACC000785,ACC015689,60495.99,0,BLOCK,1.0
TXN000975820,2024-01-12 19:25:56.975702,ACC000849,ACC011463,25963.77,1,BLOCK,1.0
TXN000984314,2024-01-12 19:38:55.057575,ACC000655,ACC023132,99896.51,1,BLOCK,1.0
TXN000975049,2024-01-12 19:42:54.169176,ACC000459,ACC017469,47284.17,1,BLOCK,1.0
TXN000999693,2024-01-12 19:50:48.339149,ACC000061,ACC016126,20640.66,0,BLOCK,1.0
TXN000998025,2024-01-12 19:51:28.000000,ACC000853,ACC009898,21249.94,0,BLOCK,1.0
TXN000972954,2024-01-12 19:52:32.000000,ACC000764,ACC002829,5397.09,0,BLOCK,1.0
TXN000992977,2024-01-12 20:00:34.615105,ACC000354,ACC000434,79921.71,1,BLOCK,1.0
TXN000987177,2024-01-12 20:01:21.000000,ACC000136,ACC009048,1714.83,0,BLOCK,1.0
TXN000960591,2024-01-12 20:08:16.000000,ACC000417,ACC019040,1090.17,0,BLOCK,1.0
TXN000969307,2024-01-12 20:09:41.396610,ACC000590,ACC000767,34656.48,1,BLOCK,1.0
TXN000983209,2024-01-12 21:09:33.000000,ACC000507,ACC002567,740.98,0,BLOCK,1.0
TXN000985344,2024-01-12 21:09:40.531218,ACC014364,ACC000895,13772.3,1,BLOCK,0.0
TXN000976438,2024-01-12 21:33:26.578926,ACC011762,ACC000980,14252.75,1,BLOCK,0.0632
TXN000980006,2024-01-12 21:33:48.000000,ACC000816,ACC025559,698.57,0,BLOCK,1.0
TXN000997704,2024-01-12 21:34:53.270989,ACC000864,ACC025023,24669.75,1,BLOCK,1.0
TXN000976255,2024-01-12 21:42:13.543495,ACC000077,ACC019501,86194.55,0,BLOCK,1.0
TXN000977497,2024-01-12 22:01:33.736828,ACC000089,ACC010584,32912.02,1,BLOCK,1.0
TXN001000014,2024-01-12 22:14:37.937970,ACC000160,ACC000174,11939.23,1,BLOCK,1.0
TXN000960838,2024-01-12 22:23:16.083535,ACC000130,ACC017253,62362.24,1,BLOCK,1.0
TXN000976253,2024-01-12 22:25:46.523508,ACC000077,ACC006579,50733.69,0,BLOCK,1.0
TXN000999913,2024-01-12 22:47:10.505964,ACC000052,ACC010291,28408.54,0,BLOCK,1.0
TXN000985342,2024-01-12 22:53:48.106808,ACC007942,ACC000895,14991.99,1,BLOCK,0.0
TXN000984828,2024-01-12 22:56:48.199910,ACC000353,ACC000330,41903.29,1,BLOCK,1.0
TXN000959443,2024-01-12 23:19:32.347785,ACC000730,ACC015409,42745.86,0,BLOCK,1.0
TXN000964797,2024-01-12 23:30:50.030358,ACC000259,ACC013809,70627.98,0,BLOCK,1.0
TXN000985355,2024-01-12 23:33:29.063186,ACC001731,ACC000895,10179.42,1,BLOCK,0.0
TXN000961410,2024-01-12 23:52:56.000000,ACC000962,ACC023183,281.81,0,BLOCK,1.0
TXN000993983,2024-01-12 23:59:06.786970,ACC000367,ACC000879,57725.52,1,BLOCK,1.0
TXN000969694,2024-01-13 00:00:00.000000,ACC000647,ACC000353,35997.47,1,BLOCK,1.0
TXN000959070,2024-01-13 00:00:00.000000,ACC000506,ACC019834,43629.1,1,BLOCK,1.0
TXN000993961,2024-01-13 00:00:00.000000,ACC000151,ACC003799,42799.32,1,BLOCK,1.0
TXN000966989,2024-01-13 00:00:00.000000,ACC000711,ACC024259,44947.06,1,BLOCK,1.0
TXN000969494,2024-01-13 00:00:00.000000,ACC000427,ACC000456,61613.9,1,BLOCK,1.0
TXN000998140,2024-01-13 00:00:00.000000,ACC000356,ACC007455,43790.52,1,BLOCK,1.0
TXN000975191,2024-01-13 00:00:00.000000,ACC000520,ACC000129,72635.15,1,BLOCK,1.0
TXN001000889,2024-01-13 00:00:00.000000,ACC000903,ACC000144,44198.68,1,BLOCK,1.0
TXN000995210,2024-01-13 00:00:00.000000,ACC000164,ACC000754,40579.27,1,BLOCK,1.0
TXN000999048,2024-01-13 00:13:23.262533,ACC000740,ACC009575,170369.12,1,BLOCK,1.0
TXN000988148,2024-01-13 00:18:03.594164,ACC000519,ACC018792,56281.79,1,BLOCK,1.0
TXN000999031,2024-01-13 00:27:06.443966,ACC005114,ACC000740,13924.46,1,BLOCK,0.0
TXN000976444,2024-01-13 00:33:52.707241,ACC000980,ACC003145,91073.0,1,BLOCK,1.0
TXN000998141,2024-01-13 00:47:49.679264,ACC000356,ACC020428,43927.93,1,BLOCK,1.0
TXN000959397,2024-01-13 00:51:12.246729,ACC000127,ACC000389,38962.56,1,BLOCK,1.0
TXN000964990,2024-01-13 00:58:31.406510,ACC000322,ACC000419,47155.06,1,BLOCK,1.0
TXN000994495,2024-01-13 01:05:26.000000,ACC000624,ACC008914,68.73,0,BLOCK,1.0
TXN001000015,2024-01-13 01:05:55.768513,ACC000174,ACC017195,11603.05,1,STEP_UP,1.0
TXN000990197,2024-01-13 01:11:33.000000,ACC000120,ACC015865,1127.18,0,BLOCK,1.0
TXN000991148,2024-01-13 01:14:49.373063,ACC014489,ACC000935,10995.03,1,BLOCK,0.0
TXN000993217,2024-01-13 01:34:02.078812,ACC000905,ACC020287,69422.84,1,BLOCK,1.0
TXN000959071,2024-01-13 01:41:58.777350,ACC000506,ACC023372,43742.91,1,BLOCK,1.0
TXN000993410,2024-01-13 01:49:42.787528,ACC000057,ACC000789,85067.88,1,BLOCK,1.0
TXN000976423,2024-01-13 01:58:45.661888,ACC011762,ACC000980,11597.93,1,BLOCK,0.0632
TXN000959074,2024-01-13 02:02:53.417563,ACC000506,ACC019575,43787.58,1,BLOCK,1.0
TXN000999912,2024-01-13 02:20:12.813825,ACC000052,ACC005440,27121.0,0,BLOCK,1.0
TXN000971113,2024-01-13 02:26:17.142590,ACC000885,ACC000142,63194.24,1,BLOCK,1.0
TXN000966990,2024-01-13 02:30:15.281378,ACC000711,ACC026870,45172.93,1,BLOCK,1.0
TXN000998142,2024-01-13 02:34:59.610766,ACC000356,ACC018432,43800.91,1,BLOCK,1.0
TXN000985369,2024-01-13 02:42:56.664665,ACC000895,ACC015327,215750.17,1,BLOCK,1.0
TXN000993962,2024-01-13 02:45:04.283827,ACC000151,ACC005764,42727.46,1,BLOCK,1.0
TXN000993963,2024-01-13 03:24:42.588590,ACC000151,ACC002045,42920.77,1,BLOCK,1.0
TXN000959075,2024-01-13 03:32:47.741545,ACC000506,ACC009980,43793.36,1,BLOCK,1.0
TXN000970751,2024-01-13 03:34:51.069336,ACC000075,ACC000007,157351.99,1,BLOCK,1.0
TXN000991992,2024-01-13 03:37:41.057989,ACC000739,ACC008275,16202.1,0,BLOCK,1.0
TXN000983596,2024-01-13 03:40:48.979062,ACC000379,ACC000904,43666.56,1,BLOCK,1.0
TXN000975824,2024-01-13 03:42:33.142601,ACC000849,ACC011463,16232.79,1,STEP_UP,1.0
TXN000985354,2024-01-13 03:45:04.991697,ACC006275,ACC000895,12423.83,1,BLOCK,0.0
TXN000991158,2024-01-13 03:46:05.443828,ACC014489,ACC000935,11984.21,1,BLOCK,0.0
TXN000998144,2024-01-13 03:53:27.734647,ACC000356,ACC020446,43798.06,1,BLOCK,1.0
TXN000995155,2024-01-13 04:02:36.647716,ACC000575,ACC000902,38001.68,1,BLOCK,1.0
TXN000993189,2024-01-13 04:26:28.943733,ACC025355,ACC000905,12402.37,1,BLOCK,0.0
TXN000966998,2024-01-13 04:30:23.131837,ACC000711,ACC024259,44963.73,1,BLOCK,1.0
TXN000964715,2024-01-13 04:52:45.420114,ACC024166,ACC000470,13795.89,1,BLOCK,0.0
TXN000999040,2024-01-13 04:55:03.120369,ACC009634,ACC000740,14440.09,1,BLOCK,0.0
TXN000993965,2024-01-13 05:04:56.909932,ACC000151,ACC017208,42907.46,1,BLOCK,1.0
TXN000993209,2024-01-13 05:13:12.861989,ACC019979,ACC000905,10578.69,1,BLOCK,0.0
TXN000959077,2024-01-13 05:21:23.990543,ACC000506,ACC009980,43568.86,1,BLOCK,1.0
TXN000975192,2024-01-13 05:24:24.803775,ACC000129,ACC023903,71200.91,1,BLOCK,1.0
TXN000993968,2024-01-13 05:25:24.038080,ACC000151,ACC006997,42639.34,1,BLOCK,1.0
TXN000960868,2024-01-13 05:30:21.000000,ACC000726,ACC005518,1571.68,0,BLOCK,1.0
TXN000993967,2024-01-13 05:32:40.603774,ACC000151,ACC009844,42825.74,1,BLOCK,1.0
TXN000993966,2024-01-13 05:35:37.195368,ACC000151,ACC024128,42932.4,1,BLOCK,1.0
TXN000983597,2024-01-13 05:37:44.539362,ACC000904,ACC001366,40440.88,1,BLOCK,1.0
TXN000959072,2024-01-13 05:51:24.880847,ACC000506,ACC019575,43588.1,1,BLOCK,1.0
TXN000960854,2024-01-13 05:59:07.000000,ACC000227,ACC025612,969.69,0,BLOCK,1.0
TXN000993411,2024-01-13 06:02:07.806134,ACC000789,ACC009060,80525.54,1,BLOCK,1.0
TXN000966992,2024-01-13 06:15:48.726033,ACC000711,ACC004591,44879.25,1,BLOCK,1.0
TXN000959442,2024-01-13 06:16:33.202001,ACC000730,ACC001298,59100.44,0,BLOCK,1.0
TXN000996331,2024-01-13 06:18:45.149331,ACC000014,ACC003701,93481.73,1,BLOCK,1.0
TXN000966991,2024-01-13 06:26:42.785746,ACC000711,ACC006574,44984.76,1,BLOCK,1.0
TXN000999911,2024-01-13 06:27:48.807176,ACC000052,ACC024154,44864.88,0,BLOCK,1.0
TXN000993964,2024-01-13 06:30:14.618285,ACC000151,ACC009844,42628.3,1,BLOCK,1.0
TXN000958728,2024-01-13 06:38:43.442950,ACC000639,ACC000134,59889.36,1,BLOCK,1.0
TXN000998148,2024-01-13 06:52:57.124871,ACC000356,ACC003600,43981.0,1,BLOCK,1.0
TXN000959771,2024-01-13 06:59:26.000000,ACC000324,ACC004077,1741.16,0,BLOCK,1.0
TXN000993201,2024-01-13 07:03:15.074703,ACC025355,ACC000905,14289.69,1,BLOCK,0.0
TXN000982175,2024-01-13 07:07:22.000000,ACC000669,ACC008650,217.99,0,BLOCK,1.0
TXN000998145,2024-01-13 07:28:21.919560,ACC000356,ACC024064,43774.22,1,BLOCK,1.0
TXN000967001,2024-01-13 07:32:07.661710,ACC000711,ACC026870,45165.98,1,BLOCK,1.0
TXN000979205,2024-01-13 07:34:43.000000,ACC001057,ACC013233,1124.44,0,BLOCK,1.0
TXN000992982,2024-01-13 07:39:14.566175,ACC000434,ACC004490,75961.65,1,BLOCK,1.0
TXN000991146,2024-01-13 07:40:27.923063,ACC009715,ACC000935,12155.09,1,BLOCK,0.0
TXN000985352,2024-01-13 07:45:43.326664,ACC013844,ACC000895,12185.93,1,BLOCK,0.0
TXN000997976,2024-01-13 07:46:26.000000,ACC000051,ACC017573,3578.84,0,BLOCK,1.0
TXN000967000,2024-01-13 07:49:15.449909,ACC000711,ACC019013,44953.52,1,BLOCK,1.0
TXN000994572,2024-01-13 07:51:02.346628,ACC000785,ACC018062,69684.92,0,BLOCK,1.0
TXN000966997,2024-01-13 07:51:17.599171,ACC000711,ACC005035,45138.72,1,BLOCK,1.0
TXN000964991,2024-01-13 07:58:12.975931,ACC000419,ACC020995,45291.67,1,BLOCK,1.0
TXN000992271,2024-01-13 07:59:02.000000,ACC001032,ACC021551,502.14,0,BLOCK,1.0
TXN000986101,2024-01-13 08:00:00.000000,ACC002979,ACC000260,96160.91,0,BLOCK,0.0
TXN000991383,2024-01-13 08:00:00.000000,ACC012885,ACC000492,149877.93,0,BLOCK,0.0
TXN000620557,2024-01-13 08:00:00.000000,ACC002113,ACC010555,147599.66,0,COOLING,0.0
TXN000270004,2024-01-13 08:00:00.000000,ACC013465,ACC011204,105454.07,0,COOLING,0.0
TXN000756628,2024-01-13 08:00:00.000000,ACC018426,ACC015282,137940.1,0,COOLING,0.0
TXN000193572,2024-01-13 08:00:00.000000,ACC007786,ACC004982,133916.27,0,COOLING,0.0
TXN000215171,2024-01-13 08:00:00.000000,ACC004861,ACC006222,105212.08,0,COOLING,0.0
TXN000225416,2024-01-13 08:00:00.000000,ACC001951,ACC009176,149429.61,0,COOLING,0.0
TXN000739676,2024-01-13 08:00:00.000000,ACC019473,ACC003024,135559.43,0,COOLING,0.0
TXN000117300,2024-01-13 08:00:00.000000,ACC008752,ACC023485,139231.95,0,COOLING,0.0
TXN000011466,2024-01-13 08:00:00.000000,ACC019830,ACC020743,130420.21,0,COOLING,0.0
TXN000784464,2024-01-13 08:00:00.000000,ACC003894,ACC001083,112920.45,0,COOLING,0.0
TXN000507485,2024-01-13 08:00:00.000000,ACC025374,ACC013546,136885.92,0,COOLING,0.0
TXN000998146,2024-01-13 08:01:04.597555,ACC000356,ACC020446,43984.59,1,BLOCK,1.0
TXN000998151,2024-01-13 08:01:36.057170,ACC000356,ACC007784,43876.05,1,BLOCK,1.0
TXN000969495,2024-01-13 08:03:10.491528,ACC000456,ACC000822,59765.48,1,BLOCK,1.0
TXN000974714,2024-01-13 08:12:25.000000,ACC000404,ACC025788,859.81,0,BLOCK,1.0
TXN000985596,2024-01-13 08:17:31.185937,ACC000709,ACC000584,85075.28,1,BLOCK,1.0
TXN000982656,2024-01-13 08:17:38.000000,ACC000582,ACC020349,1502.23,0,BLOCK,1.0
TXN000999034,2024-01-13 08:19:07.426846,ACC013253,ACC000740,14772.82,1,BLOCK,0.0
TXN000963498,2024-01-13 08:20:52.000000,ACC000641,ACC025284,2629.82,0,BLOCK,1.0
TXN000999037,2024-01-13 08:26:33.915433,ACC007083,ACC000740,10120.54,1,BLOCK,0.0
TXN000964709,2024-01-13 08:29:01.396328,ACC023156,ACC000470,14769.88,1,BLOCK,0.0
TXN000988127,2024-01-13 08:33:15.000000,ACC000519,ACC016720,74.25,0,BLOCK,1.0
TXN001000237,2024-01-13 08:37:57.000000,ACC000042,ACC025272,966.39,0,BLOCK,1.0
TXN000988965,2024-01-13 08:39:57.000000,ACC000169,ACC001535,5349.37,0,BLOCK,1.0
TXN000968262,2024-01-13 08:56:54.000000,ACC000745,ACC019743,1776.85,0,BLOCK,1.0
TXN000985343,2024-01-13 08:59:18.890524,ACC006275,ACC000895,11144.49,1,BLOCK,0.0
TXN000868072,2024-01-13 09:00:00.000000,ACC017390,ACC012198,108463.69,0,COOLING,0.0
TXN000264416,2024-01-13 09:00:00.000000,ACC013445,ACC006152,146995.18,0,COOLING,0.0
TXN000063563,2024-01-13 09:00:00.000000,ACC019909,ACC023302,105723.79,0,COOLING,0.0
TXN000511829,2024-01-13 09:00:00.000000,ACC021450,ACC011034,102798.14,0,COOLING,0.0
TXN000538045,2024-01-13 09:00:00.000000,ACC001938,ACC022274,123894.09,0,COOLING,0.0
TXN000972288,2024-01-13 09:00:00.000000,ACC002708,ACC000536,132683.12,0,BLOCK,0.0
TXN000400534,2024-01-13 09:00:00.000000,ACC023316,ACC001800,119421.81,0,COOLING,0.0
TXN000060507,2024-01-13 09:00:00.000000,ACC025994,ACC007460,127075.08,0,COOLING,0.0
TXN000253092,2024-01-13 09:00:00.000000,ACC025864,ACC014848,146700.45,0,COOLING,0.0
TXN000998143,2024-01-13 09:00:41.994835,ACC000356,ACC023864,43774.47,1,BLOCK,1.0
TXN000967441,2024-01-13 09:04:28.000000,ACC000067,ACC010705,342.39,0,BLOCK,1.0
TXN000996334,2024-01-13 09:07:38.172088,ACC000730,ACC000014,13655.01,1,BLOCK,1.0
TXN000993194,2024-01-13 09:09:59.531590,ACC005557,ACC000905,13806.32,1,BLOCK,0.0
TXN000986187,2024-01-13 09:10:11.038610,ACC000779,ACC000409,58013.07,1,BLOCK,1.0
TXN000991425,2024-01-13 09:11:20.463533,ACC000699,ACC010489,21666.92,1,BLOCK,1.0
TXN000976854,2024-01-13 09:23:17.000000,ACC000436,ACC005854,380.25,0,BLOCK,1.0
TXN000959579,2024-01-13 09:24:03.000000,ACC000242,ACC024982,1193.05,0,BLOCK,1.0
TXN000999046,2024-01-13 09:26:21.517917,ACC013362,ACC000740,12004.84,1,BLOCK,0.0
TXN000992978,2024-01-13 09:34:56.765477,ACC000434,ACC004490,77282.05,1,BLOCK,1.0
TXN000996134,2024-01-13 09:39:47.000000,ACC000549,ACC008409,184.78,0,BLOCK,1.0
TXN000982125,2024-01-13 09:40:43.000000,ACC000478,ACC021836,353.61,0,BLOCK,1.0
TXN000968958,2024-01-13 09:41:32.000000,ACC000433,ACC024751,1983.35,0,BLOCK,1.0
TXN000976948,2024-01-13 09:42:17.000000,ACC000363,ACC003171,507.11,0,BLOCK,1.0
TXN000993116,2024-01-13 09:44:53.000000,ACC000683,ACC019497,191.92,0,BLOCK,1.0
TXN000999050,2024-01-13 09:51:24.644672,ACC000740,ACC009575,50575.77,1,BLOCK,1.0
TXN000967460,2024-01-13 09:53:07.000000,ACC000177,ACC016432,140.41,0,BLOCK,1.0
TXN000997624,2024-01-13 09:53:11.000000,ACC001076,ACC017131,1919.86,0,BLOCK,1.0
TXN000999263,2024-01-13 09:53:23.000000,ACC000284,ACC014329,166.22,0,BLOCK,1.0
TXN000969695,2024-01-13 09:53:39.925969,ACC000353,ACC000833,34917.55,1,BLOCK,1.0
TXN000988571,2024-01-13 09:57:40.000000,ACC000021,ACC019547,24178.61,0,BLOCK,1.0
TXN000399753,2024-01-13 10:00:00.000000,ACC022287,ACC013243,125882.49,0,COOLING,0.0
TXN000908015,2024-01-13 10:00:00.000000,ACC001471,ACC008810,129322.6,0,COOLING,0.0
TXN000327849,2024-01-13 10:00:00.000000,ACC017303,ACC014394,116397.65,0,COOLING,0.0
TXN000770762,2024-01-13 10:00:00.000000,ACC014424,ACC017291,133564.33,0,COOLING,0.0
TXN000080846,2024-01-13 10:00:00.000000,ACC019959,ACC009988,106299.57,0,COOLING,0.0
TXN000970874,2024-01-13 10:00:00.000000,ACC023111,ACC000828,73992.89,0,BLOCK,0.0
TXN000256027,2024-01-13 10:00:00.000000,ACC019476,ACC003674,108851.11,0,COOLING,0.0
TXN000759897,2024-01-13 10:00:00.000000,ACC009855,ACC016238,146145.85,0,COOLING,0.0
TXN000371941,2024-01-13 10:00:00.000000,ACC017079,ACC013707,115365.59,0,COOLING,0.0
TXN000998353,2024-01-13 10:01:24.000000,ACC000073,ACC001150,687.74,0,BLOCK,1.0
TXN000966993,2024-01-13 10:10:10.377187,ACC000711,ACC022230,44816.8,1,BLOCK,1.0
TXN000975982,2024-01-13 10:10:33.000000,ACC000234,ACC026066,293.77,0,BLOCK,1.0
TXN000982895,2024-01-13 10:11:28.000000,ACC000862,ACC023542,388.22,0,BLOCK,1.0
TXN000974162,2024-01-13 10:14:14.000000,ACC000823,ACC020624,773.93,0,BLOCK,1.0
TXN000984829,2024-01-13 10:25:12.299865,ACC000330,ACC000737,40646.2,1,BLOCK,1.0
TXN000959076,2024-01-13 10:31:01.461085,ACC000506,ACC006666,43807.08,1,BLOCK,1.0
TXN000959073,2024-01-13 10:33:11.260203,ACC000506,ACC009980,43806.13,1,BLOCK,1.0
TXN001000890,2024-01-13 10:34:11.332788,ACC000144,ACC016673,43216.72,1,BLOCK,1.0
TXN000981304,2024-01-13 10:36:06.000000,ACC000159,ACC026750,117.03,0,BLOCK,1.0
TXN000964206,2024-01-13 10:41:36.000000,ACC000432,ACC017012,311.11,0,BLOCK,1.0
TXN000980440,2024-01-13 10:45:25.000000,ACC000940,ACC024506,1754.11,0,BLOCK,1.0
TXN000987321,2024-01-13 10:55:09.000000,ACC001015,ACC022145,160.72,0,BLOCK,1.0
TXN000971360,2024-01-13 10:56:12.000000,ACC000896,ACC021528,1997.82,0,BLOCK,1.0
TXN000964203,2024-01-13 10:59:24.000000,ACC000432,ACC014067,1489.43,0,BLOCK,1.0
TXN000875143,2024-01-13 11:00:00.000000,ACC009962,ACC014574,135583.8,0,COOLING,0.0
TXN000728731,2024-01-13 11:00:00.000000,ACC020726,ACC010368,136240.4,0,COOLING,0.0
TXN000672383,2024-01-13 11:00:00.000000,ACC002328,ACC002567,100790.25,0,COOLING,0.0
TXN000114540,2024-01-13 11:00:00.000000,ACC015648,ACC010100,116270.79,0,COOLING,0.0
TXN000851192,2024-01-13 11:00:00.000000,ACC021974,ACC003528,102751.52,0,COOLING,0.0
TXN000702321,2024-01-13 11:00:00.000000,ACC002458,ACC012906,118255.85,0,COOLING,0.0
TXN000272161,2024-01-13 11:00:00.000000,ACC004030,ACC015855,142817.66,0,COOLING,0.0
TXN000995966,2024-01-13 11:02:49.000000,ACC000583,ACC007603,3262.0,0,BLOCK,1.0
TXN000980423,2024-01-13 11:05:55.000000,ACC000940,ACC010997,1573.54,0,BLOCK,1.0
TXN000993190,2024-01-13 11:16:08.085469,ACC006333,ACC000905,10295.04,1,BLOCK,0.0
TXN000346988,2024-01-13 11:23:25.000000,ACC021745,ACC002517,100000.0,0,COOLING,0.0
TXN000971762,2024-01-13 11:30:03.000000,ACC000394,ACC009534,790.95,0,BLOCK,1.0
TXN000990251,2024-01-13 11:35:58.000000,ACC000157,ACC017380,822.98,0,BLOCK,1.0
TXN000968714,2024-01-13 11:36:40.000000,ACC000702,ACC002887,1717.49,0,BLOCK,1.0
TXN000999041,2024-01-13 11:40:11.991098,ACC018011,ACC000740,14608.27,1,BLOCK,0.0
TXN000999033,2024-01-13 11:41:11.432751,ACC008925,ACC000740,13880.48,1,BLOCK,0.0
TXN000978381,2024-01-13 11:46:28.252720,ACC000388,ACC000609,46430.48,1,BLOCK,1.0
TXN000970875,2024-01-13 11:47:28.139655,ACC000828,ACC017067,34361.11,0,BLOCK,1.0
TXN000993216,2024-01-13 11:50:49.339346,ACC000905,ACC020287,105824.47,1,BLOCK,1.0
TXN000972360,2024-01-13 12:00:00.000000,ACC012331,ACC000236,102139.39,0,BLOCK,0.0
TXN000754673,2024-01-13 12:00:00.000000,ACC019988,ACC011182,102547.12,0,COOLING,0.0
TXN000280647,2024-01-13 12:00:00.000000,ACC007468,ACC014070,106399.31,0,COOLING,0.0
TXN000200880,2024-01-13 12:00:00.000000,ACC013442,ACC023402,129431.88,0,COOLING,0.0
TXN000402524,2024-01-13 12:00:00.000000,ACC011990,ACC017326,124958.61,0,COOLING,0.0
TXN000783785,2024-01-13 12:00:00.000000,ACC016319,ACC015860,104988.45,0,COOLING,0.0
TXN000303454,2024-01-13 12:00:00.000000,ACC001700,ACC022327,116873.6,0,COOLING,0.0
TXN000493283,2024-01-13 12:00:00.000000,ACC014120,ACC019426,136332.45,0,COOLING,0.0
TXN000864957,2024-01-13 12:00:00.000000,ACC002188,ACC001212,129775.24,0,COOLING,0.0
TXN000959398,2024-01-13 12:02:15.535556,ACC000389,ACC006184,35959.32,1,BLOCK,1.0
TXN000995702,2024-01-13 12:13:05.828187,ACC000189,ACC000489,87192.51,1,BLOCK,1.0
TXN000993204,2024-01-13 12:16:58.782609,ACC007020,ACC000905,14900.65,1,BLOCK,0.0
TXN000991386,2024-01-13 12:20:26.441244,ACC000492,ACC002080,70151.34,0,BLOCK,1.0
TXN000967014,2024-01-13 12:23:08.000000,ACC000917,ACC023510,431.27,0,BLOCK,1.0
TXN000961598,2024-01-13 12:28:59.824871,ACC000286,ACC000044,68878.55,1,BLOCK,1.0
TXN000983948,2024-01-13 12:38:48.000000,ACC000580,ACC015270,1296.18,0,BLOCK,1.0
TXN000994977,2024-01-13 12:42:00.000000,ACC000341,ACC008041,6266.98,0,BLOCK,1.0
TXN000979893,2024-01-13 12:46:19.000000,ACC000689,ACC008302,983.5,0,BLOCK,1.0
TXN000959708,2024-01-13 12:49:47.000000,ACC001023,ACC018934,1606.45,0,BLOCK,1.0
TXN000962694,2024-01-13 12:51:02.000000,ACC000127,ACC015015,3319.36,0,BLOCK,1.0
TXN000999042,2024-01-13 12:57:32.634671,ACC020765,ACC000740,14554.95,1,BLOCK,0.0
TXN000106376,2024-01-13 13:00:00.000000,ACC019541,ACC002369,106685.22,0,COOLING,0.0
TXN000791901,2024-01-13 13:00:00.000000,ACC007726,ACC009335,117309.89,0,COOLING,0.0
TXN000202099,2024-01-13 13:00:00.000000,ACC010974,ACC005736,127924.33,0,COOLING,0.0
TXN000055240,2024-01-13 13:00:00.000000,ACC023034,ACC025186,123584.56,0,COOLING,0.0
TXN000989754,2024-01-13 13:00:00.000000,ACC002792,ACC000062,33787.38,0,BLOCK,0.0
TXN000059058,2024-01-13 13:00:00.000000,ACC019268,ACC006283,130684.04,0,COOLING,0.0
TXN000879497,2024-01-13 13:15:58.000000,ACC025654,ACC007431,100000.0,0,COOLING,0.0
TXN000978907,2024-01-13 13:17:04.000000,ACC001006,ACC009953,4226.86,0,BLOCK,1.0
TXN000961171,2024-01-13 13:20:33.000000,ACC000825,ACC011669,608.99,0,BLOCK,1.0
TXN000984820,2024-01-13 13:24:01.000000,ACC000737,ACC009397,9752.21,0,BLOCK,1.0
TXN000999049,2024-01-13 13:25:21.382633,ACC000740,ACC009575,85304.68,1,BLOCK,1.0
TXN000966996,2024-01-13 13:29:11.154398,ACC000711,ACC020696,45000.37,1,BLOCK,1.0
TXN000994244,2024-01-13 13:32:56.000000,ACC000615,ACC022729,320.92,0,BLOCK,1.0
TXN000978602,2024-01-13 13:35:13.000000,ACC000313,ACC020332,4899.56,0,BLOCK,1.0
TXN000961767,2024-01-13 13:39:49.000000,ACC000199,ACC021579,796.71,0,BLOCK,1.0
TXN000989211,2024-01-13 13:40:38.568381,ACC000152,ACC000634,91308.98,1,BLOCK,1.0
TXN000993199,2024-01-13 13:47:18.839176,ACC016274,ACC000905,14060.81,1,BLOCK,0.0
TXN000971273,2024-01-13 13:54:44.000000,ACC000817,ACC002970,2143.95,0,BLOCK,1.0
TXN000964973,2024-01-13 13:55:07.000000,ACC000419,ACC008537,5356.04,0,BLOCK,1.0
TXN000961656,2024-01-13 13:55:33.000000,ACC000045,ACC005165,104.11,0,BLOCK,1.0
TXN000998150,2024-01-13 13:59:39.997837,ACC000356,ACC007784,43687.56,1,BLOCK,1.0
TXN000477131,2024-01-13 14:00:00.000000,ACC020291,ACC021007,102297.32,0,COOLING,0.0
TXN000960267,2024-01-13 14:00:00.000000,ACC019114,ACC000238,128040.2,0,BLOCK,0.0
TXN000250978,2024-01-13 14:00:00.000000,ACC005274,ACC013067,104903.71,0,COOLING,0.0
TXN000089831,2024-01-13 14:00:00.000000,ACC005759,ACC022788,124603.54,0,COOLING,0.0
TXN000607563,2024-01-13 14:00:00.000000,ACC019099,ACC017344,140714.91,0,COOLING,0.0
TXN000466593,2024-01-13 14:00:00.000000,ACC016608,ACC012516,106328.17,0,COOLING,0.0
TXN000431397,2024-01-13 14:00:00.000000,ACC010180,ACC005829,118439.68,0,COOLING,0.0
TXN000718669,2024-01-13 14:00:00.000000,ACC007201,ACC010671,112215.34,0,COOLING,0.0
TXN000931439,2024-01-13 14:00:00.000000,ACC001163,ACC017951,124071.9,0,COOLING,0.0
TXN000752048,2024-01-13 14:00:00.000000,ACC010626,ACC008929,143639.59,0,COOLING,0.0
TXN000992560,2024-01-13 14:00:00.000000,ACC021107,ACC000329,125918.82,0,BLOCK,0.0
TXN000964716,2024-01-13 14:14:03.897165,ACC003144,ACC000470,14063.06,1,BLOCK,0.0
TXN000999036,2024-01-13 14:15:16.887093,ACC017636,ACC000740,10793.55,1,BLOCK,0.0
TXN000993197,2024-01-13 14:19:09.045626,ACC005557,ACC000905,14100.19,1,BLOCK,0.0
TXN000992561,2024-01-13 14:31:45.277829,ACC000329,ACC004503,42183.93,0,BLOCK,1.0
TXN000998211,2024-01-13 14:35:00.000000,ACC001022,ACC001277,562.37,0,BLOCK,1.0
TXN000959399,2024-01-13 14:37:08.444999,ACC000127,ACC000389,31551.59,1,BLOCK,1.0
TXN000998152,2024-01-13 14:40:56.136470,ACC000356,ACC019456,44024.79,1,BLOCK,1.0
TXN000959366,2024-01-13 14:42:04.000000,ACC000389,ACC016354,66.56,0,BLOCK,1.0
TXN000995703,2024-01-13 14:43:57.719709,ACC000489,ACC019970,83330.65,1,BLOCK,1.0
TXN000998255,2024-01-13 14:44:14.000000,ACC000380,ACC010152,247.26,0,BLOCK,1.0
TXN000993417,2024-01-13 14:45:21.022221,ACC000789,ACC009060,78446.24,1,BLOCK,1.0
TXN000993215,2024-01-13 14:47:28.506184,ACC000905,ACC020287,211600.69,1,BLOCK,1.0
TXN000971035,2024-01-13 14:50:30.000000,ACC000272,ACC002215,6715.93,0,BLOCK,1.0
TXN000983915,2024-01-13 15:00:00.000000,ACC022189,ACC000036,147601.69,0,BLOCK,0.0
TXN000603921,2024-01-13 15:00:00.000000,ACC002414,ACC002162,134731.37,0,COOLING,0.0
TXN000790563,2024-01-13 15:00:00.000000,ACC025398,ACC024435,133787.7,0,COOLING,0.0
TXN000971000,2024-01-13 15:00:00.000000,ACC022357,ACC000695,39717.9,0,BLOCK,0.0
TXN000211481,2024-01-13 15:00:00.000000,ACC007853,ACC025852,129858.09,0,COOLING,0.0
TXN000834236,2024-01-13 15:00:00.000000,ACC013368,ACC008807,101150.06,0,COOLING,0.0
TXN000977717,2024-01-13 15:00:00.000000,ACC018767,ACC000581,145874.87,0,BLOCK,0.0
TXN000481753,2024-01-13 15:00:00.000000,ACC020785,ACC015211,112295.8,0,COOLING,0.0
TXN000732933,2024-01-13 15:00:00.000000,ACC013547,ACC009327,114234.81,0,COOLING,0.0
TXN000972291,2024-01-13 15:06:07.993409,ACC000536,ACC002821,44104.26,0,BLOCK,1.0
TXN000999043,2024-01-13 15:07:06.350656,ACC018011,ACC000740,14728.71,1,BLOCK,0.0
TXN000993192,2024-01-13 15:08:12.296204,ACC022106,ACC000905,12975.47,1,BLOCK,0.0
TXN000971401,2024-01-13 15:08:32.000000,ACC000266,ACC026444,9470.04,0,BLOCK,1.0
TXN000991145,2024-01-13 15:13:34.000000,ACC000935,ACC008011,7513.69,0,BLOCK,1.0
TXN000964714,2024-01-13 15:24:07.776602,ACC021939,ACC000470,12011.51,1,BLOCK,0.0
TXN000965820,2024-01-13 15:25:10.000000,ACC000866,ACC009236,642.92,0,BLOCK,1.0
TXN000987058,2024-01-13 15:25:35.000000,ACC000376,ACC019832,245.75,0,BLOCK,1.0
TXN000959078,2024-01-13 15:26:55.517009,ACC000506,ACC014347,43888.16,1,BLOCK,1.0
TXN000977075,2024-01-13 15:27:20.000000,ACC001049,ACC017129,2361.42,0,BLOCK,1.0
TXN000985371,2024-01-13 15:31:52.530628,ACC000895,ACC015327,72193.47,1,BLOCK,1.0
TXN000959192,2024-01-13 15:40:20.000000,ACC000219,ACC003300,1987.97,0,BLOCK,1.0
TXN000963788,2024-01-13 15:40:32.000000,ACC000081,ACC005452,1571.55,0,BLOCK,1.0
TXN000964050,2024-01-13 15:42:45.000000,ACC000138,ACC006285,2843.32,0,BLOCK,1.0
TXN000991385,2024-01-13 15:48:29.376402,ACC000492,ACC005197,77408.34,0,BLOCK,1.0
TXN000992864,2024-01-13 15:51:30.000000,ACC000270,ACC021125,908.37,0,BLOCK,1.0
TXN000973744,2024-01-13 15:51:47.000000,ACC000115,ACC011797,890.28,0,BLOCK,1.0
TXN000978268,2024-01-13 15:53:32.000000,ACC000784,ACC014032,280.57,0,BLOCK,1.0
TXN000617417,2024-01-13 16:00:00.000000,ACC019919,ACC006232,144081.03,0,COOLING,0.0
TXN000401675,2024-01-13 16:00:00.000000,ACC021469,ACC023361,139128.49,0,COOLING,0.0
TXN000116417,2024-01-13 16:00:00.000000,ACC013533,ACC015767,139861.62,0,COOLING,0.0
TXN000355237,2024-01-13 16:00:00.000000,ACC023980,ACC009560,133592.74,0,COOLING,0.0
TXN000595650,2024-01-13 16:00:00.000000,ACC024186,ACC001420,138621.66,0,COOLING,0.0
TXN000926316,2024-01-13 16:00:00.000000,ACC004965,ACC018439,113362.46,0,COOLING,0.0
TXN000362895,2024-01-13 16:00:00.000000,ACC006352,ACC021059,114777.46,0,COOLING,0.0
TXN000158499,2024-01-13 16:00:00.000000,ACC011557,ACC024132,115726.28,0,COOLING,0.0
TXN000975050,2024-01-13 16:03:37.715373,ACC000493,ACC000459,51557.17,1,BLOCK,1.0
TXN000969496,2024-01-13 16:06:20.983057,ACC000822,ACC000388,57972.52,1,BLOCK,1.0
TXN000968195,2024-01-13 16:08:39.000000,ACC000311,ACC019291,409.96,0,BLOCK,1.0
TXN000976645,2024-01-13 16:16:55.000000,ACC000998,ACC003773,89.36,0,BLOCK,1.0
TXN000986102,2024-01-13 16:23:49.464874,ACC000260,ACC014068,56722.16,0,BLOCK,1.0
TXN000983916,2024-01-13 16:24:21.558523,ACC000036,ACC005732,96997.0,0,BLOCK,1.0
TXN000974265,2024-01-13 16:25:16.000000,ACC001063,ACC024643,1088.06,0,BLOCK,1.0
TXN000991160,2024-01-13 16:31:15.887091,ACC000935,ACC006946,121424.52,1,BLOCK,1.0
TXN000999052,2024-01-13 16:40:34.000000,ACC000031,ACC021729,4974.62,0,BLOCK,1.0
TXN000975572,2024-01-13 16:41:30.000000,ACC000093,ACC021407,422.45,0,BLOCK,1.0
TXN000979783,2024-01-13 16:51:10.000000,ACC000757,ACC022257,710.17,0,BLOCK,1.0
TXN000976622,2024-01-13 16:51:27.000000,ACC000646,ACC021713,634.23,0,BLOCK,1.0
TXN000960261,2024-01-13 16:55:53.000000,ACC000238,ACC023908,1072.85,0,BLOCK,1.0
TXN000973151,2024-01-13 16:58:42.000000,ACC000967,ACC005120,1170.93,0,BLOCK,1.0
TXN000658940,2024-01-13 17:00:00.000000,ACC021755,ACC001611,106968.24,0,COOLING,0.0
TXN000545486,2024-01-13 17:00:00.000000,ACC005339,ACC007722,138180.76,0,COOLING,0.0
TXN000483238,2024-01-13 17:00:00.000000,ACC016140,ACC026344,102439.87,0,COOLING,0.0
TXN000987508,2024-01-13 17:00:00.000000,ACC006053,ACC000960,122923.56,0,BLOCK,0.0
TXN000198619,2024-01-13 17:00:00.000000,ACC021206,ACC026840,147775.36,0,COOLING,0.0
TXN000974568,2024-01-13 17:00:00.000000,ACC022926,ACC000319,102302.82,0,BLOCK,0.0
TXN000886432,2024-01-13 17:00:00.000000,ACC018849,ACC022134,149704.83,0,COOLING,0.0
TXN000976443,2024-01-13 17:00:30.464341,ACC000980,ACC003145,178676.15,1,BLOCK,1.0
TXN000983917,2024-01-13 17:01:47.066712,ACC000036,ACC022899,45500.79,0,BLOCK,1.0
TXN000984566,2024-01-13 17:04:54.000000,ACC000111,ACC024680,941.2,0,BLOCK,1.0
TXN000989756,2024-01-13 17:29:45.192148,ACC000062,ACC007665,19432.11,0,BLOCK,1.0
TXN000961596,2024-01-13 17:46:41.654109,ACC000286,ACC000044,77955.42,1,BLOCK,1.0
TXN000966994,2024-01-13 17:54:26.423157,ACC000711,ACC004591,45034.09,1,BLOCK,1.0
TXN000340367,2024-01-13 18:00:00.000000,ACC005907,ACC008626,143222.96,0,COOLING,0.0
TXN000546260,2024-01-13 18:00:00.000000,ACC014710,ACC011115,144210.8,0,COOLING,0.0
TXN000788650,2024-01-13 18:00:00.000000,ACC006018,ACC022366,125931.8,0,COOLING,0.0
TXN000932647,2024-01-13 18:00:00.000000,ACC018813,ACC025598,100035.93,0,COOLING,0.0
TXN000283999,2024-01-13 18:00:00.000000,ACC025573,ACC003015,147706.72,0,COOLING,0.0
TXN000988239,2024-01-13 18:11:49.000000,ACC000611,ACC014873,187.63,0,BLOCK,1.0
TXN000959393,2024-01-13 18:25:38.391164,ACC000127,ACC000389,96943.59,1,BLOCK,1.0
TXN000973945,2024-01-13 18:44:16.000000,ACC000393,ACC021780,3106.78,0,BLOCK,1.0
TXN000991737,2024-01-13 19:01:26.000000,ACC000349,ACC010079,1221.2,0,BLOCK,1.0
TXN000976445,2024-01-13 19:09:37.439083,ACC000980,ACC003145,58191.8,1,BLOCK,1.0
TXN000992089,2024-01-13 19:18:35.000000,ACC001000,ACC022920,810.86,0,BLOCK,1.0
TXN000995211,2024-01-13 19:19:00.853116,ACC000754,ACC008631,39746.49,1,BLOCK,1.0
TXN000989755,2024-01-13 19:21:32.456244,ACC000062,ACC001305,12027.78,0,BLOCK,1.0
TXN000974570,2024-01-13 19:23:12.860766,ACC000319,ACC019137,28444.24,0,BLOCK,1.0
TXN000995779,2024-01-13 19:30:53.000000,ACC000041,ACC011002,182.18,0,BLOCK,1.0
TXN000982753,2024-01-13 19:31:17.000000,ACC001030,ACC023880,1673.3,0,BLOCK,1.0
TXN000973947,2024-01-13 19:32:48.000000,ACC000393,ACC020184,293.48,0,BLOCK,1.0
TXN000995212,2024-01-13 19:33:29.857504,ACC000164,ACC000754,80686.02,1,BLOCK,1.0
TXN000994093,2024-01-13 19:34:28.000148,ACC001057,ACC000189,44731.33,1,BLOCK,1.0
TXN000977719,2024-01-13 19:40:16.054980,ACC000581,ACC004362,68393.25,0,BLOCK,1.0
TXN000969696,2024-01-13 19:47:19.851937,ACC000833,ACC000195,33870.02,1,BLOCK,1.0
TXN000961597,2024-01-13 20:03:57.279628,ACC000044,ACC024906,75831.3,1,BLOCK,1.0
TXN000993984,2024-01-13 20:05:37.498243,ACC000879,ACC001597,52855.24,1,BLOCK,1.0
TXN000985597,2024-01-13 20:08:30.076690,ACC000584,ACC001282,80935.55,1,BLOCK,1.0
TXN000993443,2024-01-13 21:02:08.000000,ACC000814,ACC022368,1423.63,0,BLOCK,1.0
TXN000984727,2024-01-13 21:08:58.000000,ACC000437,ACC009695,292.75,0,BLOCK,1.0
TXN000978699,2024-01-13 21:33:26.000000,ACC000705,ACC009407,376.46,0,BLOCK,1.0
TXN000991384,2024-01-13 21:41:16.454783,ACC000492,ACC012607,50079.43,0,BLOCK,1.0
TXN000972289,2024-01-13 21:43:49.330690,ACC000536,ACC017401,54207.79,0,BLOCK,1.0
TXN000958729,2024-01-13 21:49:20.132328,ACC000134,ACC021103,57161.73,1,BLOCK,1.0
TXN000972361,2024-01-13 21:54:12.076495,ACC000236,ACC025644,56826.33,0,BLOCK,1.0
TXN000996335,2024-01-13 22:05:22.945675,ACC000014,ACC003701,12884.63,1,STEP_UP,1.0
TXN000986188,2024-01-13 22:29:00.339977,ACC000409,ACC011811,56493.28,1,BLOCK,1.0
TXN000989212,2024-01-13 22:40:23.619609,ACC000634,ACC020856,86891.62,1,BLOCK,1.0
TXN000972362,2024-01-13 23:06:38.690787,ACC000236,ACC020998,37708.46,0,BLOCK,1.0
TXN000975219,2024-01-13 23:10:34.000000,ACC000763,ACC001684,159.38,0,BLOCK,1.0
TXN000966995,2024-01-13 23:25:30.673143,ACC000711,ACC015537,44842.34,1,BLOCK,1.0
TXN000994428,2024-01-13 23:26:50.000000,ACC000673,ACC004450,1319.25,0,BLOCK,1.0
TXN000964721,2024-01-13 23:44:39.548003,ACC000470,ACC024709,42976.23,1,BLOCK,1.0
TXN000981880,2024-01-13 23:48:48.796114,ACC000724,ACC000949,39151.03,1,BLOCK,1.0
TXN000985370,2024-01-13 23:54:46.438203,ACC000895,ACC015327,108196.59,1,BLOCK,1.0
TXN000990853,2024-01-14 00:00:00.000000,ACC000716,ACC020490,45753.62,1,BLOCK,1.0
TXN000975763,2024-01-14 00:00:00.000000,ACC000957,ACC000602,41865.3,1,BLOCK,1.0
TXN000999138,2024-01-14 00:00:00.000000,ACC001044,ACC000744,82164.5,1,BLOCK,1.0
TXN000966554,2024-01-14 00:00:00.000000,ACC000256,ACC011019,47570.8,1,BLOCK,1.0
TXN000966281,2024-01-14 00:00:00.000000,ACC000827,ACC000677,145589.88,1,BLOCK,1.0
TXN000969324,2024-01-14 00:00:00.000000,ACC000616,ACC001443,46512.21,1,BLOCK,1.0
TXN000962949,2024-01-14 00:00:00.000000,ACC000332,ACC000601,101372.83,1,BLOCK,1.0
TXN000987167,2024-01-14 00:00:00.000000,ACC000712,ACC000884,56465.24,1,BLOCK,1.0
TXN000964722,2024-01-14 00:01:46.158678,ACC000470,ACC024709,27633.33,1,BLOCK,1.0
TXN000979507,2024-01-14 00:07:24.000000,ACC000661,ACC023778,326.98,0,STEP_UP,1.0
TXN000969497,2024-01-14 00:09:31.474585,ACC000388,ACC000427,56233.34,1,BLOCK,1.0
TXN000960268,2024-01-14 00:32:52.390774,ACC000238,ACC007926,81658.5,0,BLOCK,1.0
TXN000997705,2024-01-14 00:48:47.423347,ACC000680,ACC000864,78640.56,1,BLOCK,1.0
TXN000964465,2024-01-14 00:48:52.000000,ACC000837,ACC008699,156.94,0,BLOCK,1.0
TXN000971001,2024-01-14 00:51:52.512221,ACC000695,ACC002659,12169.56,0,BLOCK,1.0
TXN000974569,2024-01-14 00:53:42.250143,ACC000319,ACC026714,61771.89,0,BLOCK,1.0
TXN000998147,2024-01-14 01:02:50.956726,ACC000356,ACC020049,43932.48,1,BLOCK,1.0
TXN000975051,2024-01-14 01:14:06.754674,ACC000459,ACC017469,49710.51,1,BLOCK,1.0
TXN000966556,2024-01-14 01:27:20.607822,ACC000256,ACC009113,47759.63,1,BLOCK,1.0
TXN000978382,2024-01-14 01:28:49.997441,ACC000609,ACC015445,44698.95,1,BLOCK,1.0
TXN000980364,2024-01-14 01:41:54.738732,ACC000715,ACC000359,46612.18,1,BLOCK,1.0
TXN000969327,2024-01-14 02:04:26.212397,ACC000616,ACC025760,46354.63,1,BLOCK,1.0
TXN000966555,2024-01-14 02:14:20.953265,ACC000256,ACC002515,47604.78,1,BLOCK,1.0
TXN000999139,2024-01-14 02:17:58.114064,ACC000744,ACC023327,75519.42,1,BLOCK,1.0
TXN000961306,2024-01-14 02:35:39.187519,ACC000010,ACC000484,70042.67,1,BLOCK,1.0
TXN000977720,2024-01-14 02:48:09.017469,ACC000581,ACC016867,92363.44,0,BLOCK,1.0
TXN001000016,2024-01-14 02:58:59.417026,ACC000160,ACC000174,50742.57,1,BLOCK,1.0
TXN000995161,2024-01-14 03:09:39.000000,ACC000892,ACC011179,410.62,0,BLOCK,1.0
TXN000969325,2024-01-14 03:20:14.359547,ACC000616,ACC021332,46439.93,1,BLOCK,1.0
TXN000990854,2024-01-14 03:25:34.449769,ACC000716,ACC022532,45790.9,1,BLOCK,1.0
TXN000993555,2024-01-14 03:30:14.000000,ACC000418,ACC011048,510.14,0,BLOCK,1.0
TXN000961170,2024-01-14 03:35:33.000000,ACC000825,ACC023892,788.37,0,BLOCK,1.0
TXN000981881,2024-01-14 03:42:01.962434,ACC000949,ACC016550,37751.04,1,BLOCK,1.0
TXN000961307,2024-01-14 03:44:09.139158,ACC000484,ACC012604,65308.75,1,BLOCK,1.0
TXN000992562,2024-01-14 03:54:03.117050,ACC000329,ACC010815,40517.89,0,BLOCK,1.0
TXN000972290,2024-01-14 03:54:59.932192,ACC000536,ACC010400,39458.81,0,BLOCK,1.0
TXN000994424,2024-01-14 04:06:37.000000,ACC000673,ACC010008,212.08,0,BLOCK,1.0
TXN000992563,2024-01-14 04:08:17.865149,ACC000329,ACC019052,69838.14,0,BLOCK,1.0
TXN000998149,2024-01-14 04:10:07.968462,ACC000356,ACC023864,43972.62,1,BLOCK,1.0
TXN000990856,2024-01-14 04:22:32.396778,ACC000716,ACC009041,45691.56,1,BLOCK,1.0
TXN000978385,2024-01-14 05:11:55.564447,ACC000388,ACC000609,65393.45,1,BLOCK,1.0
TXN000969697,2024-01-14 05:40:59.777906,ACC000195,ACC000647,32853.92,1,BLOCK,1.0
TXN000994094,2024-01-14 05:46:42.437591,ACC000189,ACC025123,40725.46,1,BLOCK,1.0
TXN000966563,2024-01-14 06:08:34.484579,ACC000256,ACC022732,47696.69,1,BLOCK,1.0
TXN000966282,2024-01-14 06:12:53.098159,ACC000677,ACC000105,141222.18,1,BLOCK,1.0
TXN000966999,2024-01-14 06:13:37.325664,ACC000711,ACC023342,45000.88,1,BLOCK,1.0
TXN000990855,2024-01-14 06:32:27.211031,ACC000716,ACC007549,45646.32,1,BLOCK,1.0
TXN000972363,2024-01-14 06:33:46.612271,ACC000236,ACC020998,52299.02,0,BLOCK,1.0
TXN000969326,2024-01-14 06:34:11.495493,ACC000616,ACC001443,46267.4,1,BLOCK,1.0
TXN000961599,2024-01-14 06:47:23.385524,ACC000044,ACC024906,68001.87,1,BLOCK,1.0
TXN000988429,2024-01-14 07:14:14.000000,ACC000426,ACC008611,9728.24,0,BLOCK,1.0
TXN000995712,2024-01-14 07:18:42.288621,ACC000189,ACC000489,94570.65,1,BLOCK,1.0
TXN000990857,2024-01-14 07:27:19.988053,ACC000716,ACC014695,45754.76,1,BLOCK,1.0
TXN000978379,2024-01-14 07:28:37.360464,ACC000388,ACC000609,23012.96,1,BLOCK,1.0
TXN000966560,2024-01-14 07:35:08.108912,ACC000256,ACC017637,47654.63,1,BLOCK,1.0
TXN000969663,2024-01-14 07:40:56.000000,ACC000647,ACC026112,666.03,0,BLOCK,1.0
TXN000990858,2024-01-14 07:58:16.992754,ACC000716,ACC023071,45671.14,1,BLOCK,1.0
TXN000997769,2024-01-14 07:59:49.000000,ACC000295,ACC006780,738.61,0,BLOCK,1.0
TXN000051351,2024-01-14 08:00:00.000000,ACC004189,ACC014100,140495.54,0,COOLING,0.0
TXN000680349,2024-01-14 08:00:00.000000,ACC015754,ACC023839,146333.53,0,COOLING,0.0
TXN000298418,2024-01-14 08:00:00.000000,ACC002384,ACC024144,144598.96,0,COOLING,0.0
TXN000908977,2024-01-14 08:00:00.000000,ACC019306,ACC014285,141789.01,0,COOLING,0.0
TXN000566011,2024-01-14 08:00:00.000000,ACC011127,ACC011169,125264.49,0,COOLING,0.0
TXN000992511,2024-01-14 08:00:00.000000,ACC018052,ACC000750,65282.4,0,BLOCK,0.0
TXN000973250,2024-01-14 08:01:40.000000,ACC000471,ACC026964,247.19,0,BLOCK,1.0
TXN000993180,2024-01-14 08:04:53.000000,ACC000905,ACC010416,102.56,0,BLOCK,1.0
TXN000993586,2024-01-14 08:08:07.000000,ACC000355,ACC013855,3049.94,0,BLOCK,1.0
TXN000964320,2024-01-14 08:30:22.000000,ACC000108,ACC026266,1019.66,0,BLOCK,1.0
TXN000995213,2024-01-14 08:32:16.993939,ACC000754,ACC008631,78817.33,1,BLOCK,1.0
TXN000966599,2024-01-14 08:48:29.871410,ACC000426,ACC000244,20384.12,1,BLOCK,1.0
TXN000980365,2024-01-14 08:48:34.105954,ACC000359,ACC004333,46016.19,1,BLOCK,1.0
TXN000966558,2024-01-14 08:49:43.699364,ACC000256,ACC022813,47627.58,1,BLOCK,1.0
TXN001000017,2024-01-14 08:54:41.147145,ACC000174,ACC017195,47339.95,1,BLOCK,1.0
TXN000499135,2024-01-14 09:00:00.000000,ACC006991,ACC025335,138092.78,0,COOLING,0.0
TXN000566898,2024-01-14 09:00:00.000000,ACC007679,ACC010780,126175.58,0,COOLING,0.0
TXN000736710,2024-01-14 09:00:00.000000,ACC002796,ACC020130,115543.84,0,COOLING,0.0
TXN000432354,2024-01-14 09:00:00.000000,ACC007336,ACC024722,128083.0,0,COOLING,0.0
TXN000994844,2024-01-14 09:00:00.000000,ACC009694,ACC000773,104849.19,0,BLOCK,0.0
TXN000729062,2024-01-14 09:00:00.000000,ACC011529,ACC016550,105433.88,0,COOLING,0.0
TXN000526893,2024-01-14 09:00:00.000000,ACC009075,ACC016599,129205.03,0,COOLING,0.0
TXN000944003,2024-01-14 09:00:00.000000,ACC001430,ACC022740,115756.84,0,COOLING,0.0
TXN000996996,2024-01-14 09:00:00.000000,ACC001879,ACC000182,97174.9,0,BLOCK,0.0
TXN000516387,2024-01-14 09:00:00.000000,ACC002967,ACC004422,118559.3,0,COOLING,0.0
TXN000500709,2024-01-14 09:00:00.000000,ACC019128,ACC005415,126256.35,0,COOLING,0.0
TXN000949950,2024-01-14 09:00:00.000000,ACC021911,ACC009329,122655.05,0,COOLING,0.0
TXN000558300,2024-01-14 09:00:00.000000,ACC023543,ACC002661,133541.33,0,COOLING,0.0
TXN000973067,2024-01-14 09:04:10.000000,ACC000698,ACC022351,1557.49,0,BLOCK,1.0
TXN001000715,2024-01-14 09:07:33.000000,ACC000243,ACC023967,698.94,0,BLOCK,1.0
TXN000964720,2024-01-14 09:09:14.492225,ACC000470,ACC024709,88450.27,1,BLOCK,1.0
TXN000993294,2024-01-14 09:11:54.000000,ACC001007,ACC001331,187.39,0,BLOCK,1.0
TXN000992054,2024-01-14 09:12:42.000000,ACC000334,ACC004388,1717.63,0,BLOCK,1.0
TXN000987938,2024-01-14 09:13:14.026118,ACC001030,ACC000304,27445.1,1,BLOCK,1.0
TXN000990859,2024-01-14 09:18:51.195811,ACC000716,ACC020490,45733.67,1,BLOCK,1.0
TXN000985380,2024-01-14 09:26:37.000000,ACC022376,ACC000398,12694.03,0,BLOCK,0.0
TXN000967552,2024-01-14 09:28:06.000000,ACC000854,ACC023798,1524.86,0,BLOCK,1.0
TXN000977718,2024-01-14 09:31:21.317671,ACC000581,ACC004362,67637.53,0,BLOCK,1.0
TXN000969329,2024-01-14 09:31:37.197674,ACC000616,ACC021609,46573.11,1,BLOCK,1.0
TXN000984270,2024-01-14 09:32:28.000000,ACC000841,ACC011354,1556.98,0,BLOCK,1.0
TXN000993278,2024-01-14 09:41:46.000000,ACC000981,ACC022188,2371.78,0,BLOCK,1.0
TXN000966902,2024-01-14 09:43:53.000000,ACC000608,ACC009148,5881.84,0,BLOCK,1.0
TXN000996492,2024-01-14 09:45:56.000000,ACC000429,ACC018276,612.35,0,BLOCK,1.0
TXN000966562,2024-01-14 09:54:07.377494,ACC000256,ACC012551,47843.34,1,BLOCK,1.0
TXN000970949,2024-01-14 09:56:55.000000,ACC000496,ACC019306,1255.95,0,BLOCK,1.0
TXN000631032,2024-01-14 10:00:00.000000,ACC012261,ACC005305,104429.91,0,COOLING,0.0
TXN000536120,2024-01-14 10:00:00.000000,ACC016146,ACC010535,105649.34,0,COOLING,0.0
TXN000163820,2024-01-14 10:00:00.000000,ACC006624,ACC010848,107685.32,0,COOLING,0.0
TXN000984221,2024-01-14 10:00:00.000000,ACC014159,ACC000105,139443.99,0,BLOCK,0.0
TXN000471254,2024-01-14 10:00:00.000000,ACC020805,ACC002938,134166.78,0,COOLING,0.0
TXN000952121,2024-01-14 10:00:00.000000,ACC002427,ACC025387,113747.48,0,COOLING,0.0
TXN000516891,2024-01-14 10:00:00.000000,ACC012778,ACC022425,135098.82,0,COOLING,0.0
TXN000868526,2024-01-14 10:00:00.000000,ACC023105,ACC017121,113923.27,0,COOLING,0.0
TXN000374563,2024-01-14 10:00:00.000000,ACC019726,ACC015036,143318.96,0,COOLING,0.0
TXN000118564,2024-01-14 10:00:00.000000,ACC024376,ACC004137,125029.33,0,COOLING,0.0
TXN000716786,2024-01-14 10:00:00.000000,ACC018268,ACC014739,107472.54,0,COOLING,0.0
TXN000296750,2024-01-14 10:00:00.000000,ACC003270,ACC018477,109765.64,0,COOLING,0.0
TXN000241937,2024-01-14 10:00:00.000000,ACC020082,ACC015777,118114.86,0,COOLING,0.0
TXN000278486,2024-01-14 10:00:00.000000,ACC020172,ACC002248,123475.02,0,COOLING,0.0
TXN000967466,2024-01-14 10:05:50.000000,ACC000177,ACC008268,1064.97,0,BLOCK,1.0
TXN000970045,2024-01-14 10:08:14.000000,ACC000637,ACC013448,319.61,0,BLOCK,1.0
TXN000987509,2024-01-14 10:10:28.273551,ACC000960,ACC023939,53456.5,0,BLOCK,1.0
TXN000969328,2024-01-14 10:16:20.973528,ACC000616,ACC024376,46235.26,1,BLOCK,1.0
TXN000962296,2024-01-14 10:17:20.832268,ACC001039,ACC000369,91790.6,1,BLOCK,1.0
TXN000959271,2024-01-14 10:18:07.000000,ACC000832,ACC014096,197.4,0,BLOCK,1.0
TXN000975764,2024-01-14 10:18:36.167973,ACC000602,ACC000227,40609.34,1,BLOCK,1.0
TXN000966559,2024-01-14 10:38:18.225534,ACC000256,ACC002515,47533.12,1,BLOCK,1.0
TXN000966557,2024-01-14 10:55:20.452426,ACC000256,ACC011019,47724.96,1,BLOCK,1.0
TXN000962950,2024-01-14 10:55:58.108540,ACC000601,ACC000148,98331.65,1,BLOCK,1.0
TXN000959875,2024-01-14 10:56:30.000000,ACC000201,ACC010333,2316.85,0,BLOCK,1.0
TXN000963459,2024-01-14 11:00:00.000000,ACC021434,ACC000618,55303.04,0,BLOCK,0.0
TXN000360974,2024-01-14 11:00:00.000000,ACC026545,ACC005425,105381.16,0,COOLING,0.0
TXN000593214,2024-01-14 11:00:00.000000,ACC003983,ACC008724,113650.26,0,COOLING,0.0
TXN000579323,2024-01-14 11:00:00.000000,ACC021132,ACC020905,146522.59,0,COOLING,0.0
TXN000878200,2024-01-14 11:00:00.000000,ACC018095,ACC001469,140501.72,0,COOLING,0.0
TXN000268775,2024-01-14 11:00:00.000000,ACC023181,ACC022996,113814.39,0,COOLING,0.0
TXN000701182,2024-01-14 11:00:00.000000,ACC004055,ACC004656,132768.59,0,COOLING,0.0
TXN000323947,2024-01-14 11:00:00.000000,ACC020020,ACC015289,149440.9,0,COOLING,0.0
TXN000827181,2024-01-14 11:00:00.000000,ACC026532,ACC010288,141160.88,0,COOLING,0.0
TXN000426281,2024-01-14 11:00:00.000000,ACC007737,ACC019995,134815.6,0,COOLING,0.0
TXN000160867,2024-01-14 11:00:00.000000,ACC024973,ACC003930,107652.66,0,COOLING,0.0
TXN000482653,2024-01-14 11:00:00.000000,ACC008855,ACC017683,146933.36,0,COOLING,0.0
TXN000640685,2024-01-14 11:00:00.000000,ACC011127,ACC010965,145219.23,0,COOLING,0.0
TXN000638513,2024-01-14 11:00:00.000000,ACC013390,ACC007468,110454.02,0,COOLING,0.0
TXN000988085,2024-01-14 11:04:14.000000,ACC000770,ACC017551,599.21,0,BLOCK,1.0
TXN000982517,2024-01-14 11:22:40.000000,ACC000922,ACC023487,285.73,0,BLOCK,1.0
TXN000994258,2024-01-14 11:24:32.000000,ACC000615,ACC024894,2040.76,0,BLOCK,1.0
TXN000995804,2024-01-14 11:28:53.000000,ACC000277,ACC001559,303.18,0,BLOCK,1.0
TXN000988214,2024-01-14 11:29:43.000000,ACC000901,ACC007849,554.01,0,BLOCK,1.0
TXN000973670,2024-01-14 11:30:13.000000,ACC000342,ACC020618,418.95,0,BLOCK,1.0
TXN000993268,2024-01-14 11:32:37.000000,ACC000981,ACC006329,183.62,0,BLOCK,1.0
TXN000972079,2024-01-14 11:36:19.000000,ACC000867,ACC015613,2131.26,0,BLOCK,1.0
TXN000999282,2024-01-14 11:38:45.000000,ACC001003,ACC018834,292.65,0,BLOCK,1.0
TXN000995713,2024-01-14 11:42:01.853496,ACC000489,ACC019970,90949.12,1,BLOCK,1.0
TXN000987168,2024-01-14 11:42:19.050328,ACC000884,ACC000804,54771.28,1,BLOCK,1.0
TXN000959400,2024-01-14 11:43:36.156679,ACC000389,ACC006184,30031.46,1,BLOCK,1.0
TXN000987433,2024-01-14 11:44:21.000000,ACC000039,ACC015898,2535.39,0,BLOCK,1.0
TXN000959497,2024-01-14 11:46:23.000000,ACC001033,ACC010446,337.1,0,BLOCK,1.0
TXN000983594,2024-01-14 11:48:49.378076,ACC000379,ACC000904,37109.45,1,BLOCK,1.0
TXN000967711,2024-01-14 11:54:10.000000,ACC000316,ACC005453,486.03,0,BLOCK,1.0
TXN000790928,2024-01-14 12:00:00.000000,ACC005015,ACC005389,111442.95,0,COOLING,0.0
TXN000175011,2024-01-14 12:00:00.000000,ACC019132,ACC006053,137448.73,0,COOLING,0.0
TXN000960629,2024-01-14 12:00:00.000000,ACC006340,ACC000417,110080.29,0,BLOCK,0.0
TXN000992787,2024-01-14 12:00:00.000000,ACC023489,ACC000719,48353.09,0,BLOCK,0.0
TXN000821352,2024-01-14 12:00:00.000000,ACC005587,ACC022947,134111.66,0,COOLING,0.0
TXN000565862,2024-01-14 12:00:00.000000,ACC010239,ACC011645,119433.77,0,COOLING,0.0
TXN000217120,2024-01-14 12:00:00.000000,ACC010052,ACC018454,107201.04,0,COOLING,0.0
TXN000094725,2024-01-14 12:00:00.000000,ACC005932,ACC008175,100236.64,0,COOLING,0.0
TXN000502158,2024-01-14 12:00:00.000000,ACC010076,ACC002398,129500.6,0,COOLING,0.0
TXN000042096,2024-01-14 12:00:00.000000,ACC016926,ACC013945,111112.63,0,COOLING,0.0
TXN000312863,2024-01-14 12:00:00.000000,ACC016369,ACC022724,143803.56,0,COOLING,0.0
TXN000837665,2024-01-14 12:00:00.000000,ACC005094,ACC021115,116818.63,0,COOLING,0.0
TXN000840084,2024-01-14 12:00:00.000000,ACC017156,ACC011186,123965.46,0,COOLING,0.0
TXN000060108,2024-01-14 12:00:00.000000,ACC015464,ACC007194,100491.82,0,COOLING,0.0
TXN000327846,2024-01-14 12:00:00.000000,ACC008978,ACC014394,114004.9,0,COOLING,0.0
TXN000518997,2024-01-14 12:00:00.000000,ACC017429,ACC011479,123571.93,0,COOLING,0.0
TXN000996380,2024-01-14 12:01:57.000000,ACC000947,ACC004573,559.52,0,BLOCK,1.0
TXN000999489,2024-01-14 12:03:21.000000,ACC000472,ACC009206,2502.18,0,BLOCK,1.0
TXN000983078,2024-01-14 12:03:58.000000,ACC000919,ACC006752,795.44,0,BLOCK,1.0
TXN000994791,2024-01-14 12:05:31.000000,ACC000499,ACC017957,1736.31,0,BLOCK,1.0
TXN000994195,2024-01-14 12:18:47.000000,ACC000140,ACC014474,3353.56,0,BLOCK,1.0
TXN000987702,2024-01-14 12:23:19.000000,ACC001065,ACC022113,158.54,0,BLOCK,1.0
TXN000966283,2024-01-14 12:25:46.196318,ACC000105,ACC001014,136985.52,1,BLOCK,1.0
TXN000990860,2024-01-14 12:32:00.969647,ACC000716,ACC016971,45531.06,1,BLOCK,1.0
TXN000966430,2024-01-14 12:32:05.000000,ACC000428,ACC018719,1921.97,0,BLOCK,1.0
TXN000967221,2024-01-14 12:33:53.000000,ACC000491,ACC024817,1288.42,0,BLOCK,1.0
TXN000961800,2024-01-14 12:36:20.000000,ACC000788,ACC023140,289.53,0,BLOCK,1.0
TXN000965327,2024-01-14 12:36:31.000000,ACC000585,ACC002907,1367.73,0,BLOCK,1.0
TXN000960631,2024-01-14 12:45:46.106740,ACC000417,ACC001248,30977.48,0,BLOCK,1.0
TXN000963460,2024-01-14 12:46:35.010524,ACC000618,ACC012635,22685.53,0,BLOCK,1.0
TXN000998252,2024-01-14 12:57:06.000000,ACC000380,ACC005474,3402.6,0,BLOCK,1.0
TXN000796366,2024-01-14 13:00:00.000000,ACC025856,ACC026923,116058.09,0,COOLING,0.0
TXN000083288,2024-01-14 13:00:00.000000,ACC026570,ACC009960,111516.45,0,COOLING,0.0
TXN000252790,2024-01-14 13:00:00.000000,ACC020012,ACC005998,130479.95,0,COOLING,0.0
TXN000586990,2024-01-14 13:00:00.000000,ACC010368,ACC022089,145559.13,0,COOLING,0.0
TXN000535576,2024-01-14 13:00:00.000000,ACC009630,ACC004595,134106.0,0,COOLING,0.0
TXN000928297,2024-01-14 13:00:00.000000,ACC017635,ACC023381,127330.08,0,COOLING,0.0
TXN000202104,2024-01-14 13:00:00.000000,ACC009072,ACC005736,111148.83,0,COOLING,0.0
TXN000969827,2024-01-14 13:00:07.000000,ACC001066,ACC026653,720.46,0,BLOCK,1.0
TXN000969332,2024-01-14 13:01:36.207984,ACC000616,ACC006325,46388.94,1,BLOCK,1.0
TXN000978475,2024-01-14 13:02:09.000000,ACC000197,ACC004049,5191.63,0,BLOCK,1.0
TXN000984222,2024-01-14 13:05:37.355681,ACC000105,ACC026089,77049.79,0,BLOCK,1.0
TXN000961803,2024-01-14 13:07:09.000000,ACC000788,ACC016355,43.3,0,BLOCK,1.0
TXN000981072,2024-01-14 13:09:33.000000,ACC000594,ACC013355,273.49,0,BLOCK,1.0
TXN000961087,2024-01-14 13:13:50.000000,ACC000481,ACC003067,110.66,0,BLOCK,1.0
TXN000990190,2024-01-14 13:14:28.000000,ACC000772,ACC008625,5252.23,0,BLOCK,1.0
TXN000996816,2024-01-14 13:17:22.000000,ACC000523,ACC015023,87.6,0,BLOCK,1.0
TXN000982567,2024-01-14 13:18:29.000000,ACC000262,ACC018258,1151.07,0,BLOCK,1.0
TXN000959394,2024-01-14 13:19:15.724050,ACC000389,ACC006184,90833.02,1,BLOCK,1.0
TXN000959593,2024-01-14 13:22:20.000000,ACC000600,ACC005964,108.34,0,BLOCK,1.0
TXN000989569,2024-01-14 13:23:21.000000,ACC000048,ACC006512,213.94,0,BLOCK,1.0
TXN000993117,2024-01-14 13:25:24.000000,ACC000683,ACC019460,95.83,0,BLOCK,1.0
TXN000973115,2024-01-14 13:30:43.000000,ACC000099,ACC024291,6985.64,0,BLOCK,1.0
TXN000999197,2024-01-14 13:35:42.000000,ACC000746,ACC012823,312.87,0,BLOCK,1.0
TXN001000333,2024-01-14 13:48:50.000000,ACC000818,ACC010243,1277.93,0,BLOCK,1.0
TXN000997948,2024-01-14 13:56:00.000000,ACC000264,ACC026713,218.45,0,BLOCK,1.0
TXN000959496,2024-01-14 13:57:08.000000,ACC001033,ACC017191,376.77,0,BLOCK,1.0
TXN000982078,2024-01-14 13:57:24.000000,ACC000950,ACC023804,804.07,0,BLOCK,1.0
TXN000990863,2024-01-14 13:59:11.005308,ACC000716,ACC010866,45701.91,1,BLOCK,1.0
TXN000194643,2024-01-14 14:00:00.000000,ACC010747,ACC022430,121361.46,0,COOLING,0.0
TXN000991535,2024-01-14 14:00:00.000000,ACC018321,ACC000539,56433.91,0,BLOCK,0.0
TXN000858261,2024-01-14 14:00:00.000000,ACC015223,ACC003855,109424.07,0,COOLING,0.0
TXN000839583,2024-01-14 14:00:00.000000,ACC026817,ACC012326,126622.49,0,COOLING,0.0
TXN000061161,2024-01-14 14:00:00.000000,ACC017242,ACC014524,115388.74,0,COOLING,0.0
TXN000979853,2024-01-14 14:00:00.000000,ACC025881,ACC000440,116502.82,0,BLOCK,0.0
TXN000836260,2024-01-14 14:00:00.000000,ACC017048,ACC007055,113714.08,0,COOLING,0.0
TXN000244277,2024-01-14 14:00:00.000000,ACC003000,ACC002153,104137.84,0,COOLING,0.0
TXN000995036,2024-01-14 14:01:10.000000,ACC000598,ACC015462,4605.78,0,BLOCK,1.0
TXN000983025,2024-01-14 14:01:16.000000,ACC000753,ACC017514,174.15,0,BLOCK,1.0
TXN000971383,2024-01-14 14:01:24.000000,ACC000266,ACC011201,420.93,0,BLOCK,1.0
TXN000972903,2024-01-14 14:06:02.000000,ACC000028,ACC008875,79.13,0,BLOCK,1.0
TXN000989194,2024-01-14 14:08:43.000000,ACC000634,ACC024574,440.99,0,BLOCK,1.0
TXN000982521,2024-01-14 14:15:38.000000,ACC000922,ACC018520,593.89,0,BLOCK,1.0
TXN000969804,2024-01-14 14:22:01.000000,ACC000240,ACC026855,1979.04,0,BLOCK,1.0
TXN000974317,2024-01-14 14:22:13.000000,ACC000570,ACC001430,742.33,0,BLOCK,1.0
TXN000989608,2024-01-14 14:24:18.000000,ACC000787,ACC026250,340.73,0,BLOCK,1.0
TXN000996031,2024-01-14 14:25:10.000000,ACC000204,ACC007084,565.74,0,BLOCK,1.0
TXN000978346,2024-01-14 14:26:43.000000,ACC000609,ACC018442,363.66,0,BLOCK,1.0
TXN000966623,2024-01-14 14:27:58.000000,ACC000438,ACC009011,462.99,0,BLOCK,1.0
TXN000986294,2024-01-14 14:28:24.000000,ACC000682,ACC021115,263.41,0,BLOCK,1.0
TXN000987998,2024-01-14 14:39:40.000000,ACC000752,ACC002811,164.24,0,BLOCK,1.0
TXN000982246,2024-01-14 14:45:53.000000,ACC000283,ACC025066,4574.07,0,BLOCK,1.0
TXN000970307,2024-01-14 14:54:34.000000,ACC000771,ACC021538,231.41,0,BLOCK,1.0
TXN000977699,2024-01-14 14:56:33.000000,ACC000581,ACC023953,238.06,0,BLOCK,1.0
TXN000002887,2024-01-14 15:00:00.000000,ACC022346,ACC024757,137239.54,0,COOLING,0.0
TXN000058175,2024-01-14 15:00:00.000000,ACC020142,ACC018761,143483.15,0,COOLING,0.0
TXN000676131,2024-01-14 15:00:00.000000,ACC022298,ACC025559,112711.0,0,COOLING,0.0
TXN000940529,2024-01-14 15:00:00.000000,ACC018344,ACC016266,109910.99,0,COOLING,0.0
TXN000520117,2024-01-14 15:00:00.000000,ACC022679,ACC008600,109077.51,0,COOLING,0.0
TXN000955674,2024-01-14 15:00:00.000000,ACC021027,ACC021408,108373.65,0,COOLING,0.0
TXN000994647,2024-01-14 15:03:26.000000,ACC000768,ACC021114,1401.33,0,BLOCK,1.0
TXN000963298,2024-01-14 15:04:22.000000,ACC000815,ACC018391,2209.71,0,BLOCK,1.0
TXN000959123,2024-01-14 15:15:59.000000,ACC000619,ACC012641,899.54,0,BLOCK,1.0
TXN000978141,2024-01-14 15:31:19.000000,ACC000448,ACC024578,554.36,0,BLOCK,1.0
TXN000966368,2024-01-14 15:39:07.000000,ACC000530,ACC005860,1219.37,0,BLOCK,1.0
TXN000977475,2024-01-14 15:48:08.000000,ACC000089,ACC006590,526.57,0,BLOCK,1.0
TXN000108625,2024-01-14 16:00:00.000000,ACC023282,ACC016899,143122.14,0,COOLING,0.0
TXN000812692,2024-01-14 16:00:00.000000,ACC019684,ACC022781,145840.06,0,COOLING,0.0
TXN000817598,2024-01-14 16:00:00.000000,ACC003066,ACC008653,131990.75,0,COOLING,0.0
TXN000358317,2024-01-14 16:00:00.000000,ACC024622,ACC013618,133127.87,0,COOLING,0.0
TXN000160640,2024-01-14 16:00:00.000000,ACC025248,ACC020787,108247.52,0,COOLING,0.0
TXN000969726,2024-01-14 16:00:00.000000,ACC021989,ACC000953,116667.34,0,BLOCK,0.0
TXN000743541,2024-01-14 16:00:00.000000,ACC026245,ACC020274,102190.27,0,COOLING,0.0
TXN000981910,2024-01-14 16:08:01.000000,ACC000873,ACC024227,727.02,0,BLOCK,1.0
TXN000975193,2024-01-14 16:15:00.325625,ACC000520,ACC000129,36415.32,1,BLOCK,1.0
TXN000999890,2024-01-14 16:17:36.000000,ACC000052,ACC006551,461.26,0,BLOCK,1.0
TXN000995706,2024-01-14 16:26:55.733736,ACC000189,ACC000489,28657.53,1,BLOCK,1.0
TXN000992513,2024-01-14 16:27:46.504246,ACC000750,ACC016941,17940.65,0,BLOCK,1.0
TXN000990862,2024-01-14 16:28:21.639991,ACC000716,ACC016971,45859.18,1,BLOCK,1.0
TXN000997706,2024-01-14 16:41:36.136216,ACC000864,ACC025023,77179.14,1,BLOCK,1.0
TXN000996362,2024-01-14 16:45:15.000000,ACC000835,ACC023127,1922.3,0,BLOCK,1.0
TXN000377588,2024-01-14 16:53:37.000000,ACC023902,ACC013204,100000.0,0,COOLING,0.0
TXN000974413,2024-01-14 16:54:59.887945,ACC001021,ACC000834,53944.85,1,BLOCK,1.0
TXN000988126,2024-01-14 16:56:32.000000,ACC000519,ACC026539,55.54,0,BLOCK,1.0
TXN000037001,2024-01-14 17:00:00.000000,ACC009785,ACC019759,101298.81,0,COOLING,0.0
TXN000708376,2024-01-14 17:00:00.000000,ACC007431,ACC002886,135033.74,0,COOLING,0.0
TXN000083033,2024-01-14 17:00:00.000000,ACC006394,ACC024842,118588.35,0,COOLING,0.0
TXN000987832,2024-01-14 17:00:00.000000,ACC017873,ACC000747,28591.72,0,BLOCK,0.0
TXN000676595,2024-01-14 17:00:00.000000,ACC020266,ACC002509,104448.09,0,COOLING,0.0
TXN000420855,2024-01-14 17:00:00.000000,ACC010163,ACC005321,126856.29,0,COOLING,0.0
TXN000222739,2024-01-14 17:00:00.000000,ACC001551,ACC026666,120158.79,0,COOLING,0.0
TXN000986827,2024-01-14 17:00:00.000000,ACC010684,ACC000513,88232.78,0,BLOCK,0.0
TXN000174414,2024-01-14 17:00:00.000000,ACC024881,ACC016819,111088.22,0,COOLING,0.0
TXN000161854,2024-01-14 17:00:00.000000,ACC008446,ACC017930,109086.25,0,COOLING,0.0
TXN000852729,2024-01-14 17:00:00.000000,ACC020861,ACC026099,101846.83,0,COOLING,0.0
TXN000983628,2024-01-14 17:02:11.000000,ACC000842,ACC005576,164.11,0,BLOCK,1.0
TXN000984145,2024-01-14 17:11:28.000000,ACC000769,ACC021085,905.47,0,BLOCK,1.0
TXN000962272,2024-01-14 17:19:21.000000,ACC000369,ACC013115,17145.88,0,BLOCK,1.0
TXN000991536,2024-01-14 17:28:50.999119,ACC000539,ACC018321,33431.67,0,BLOCK,1.0
TXN000996759,2024-01-14 17:31:09.000000,ACC000027,ACC017275,1626.29,0,BLOCK,1.0
TXN000961600,2024-01-14 17:31:29.003280,ACC000286,ACC000044,88488.15,1,BLOCK,1.0
TXN000973105,2024-01-14 17:32:28.000000,ACC000099,ACC025094,854.13,0,BLOCK,1.0
TXN000995708,2024-01-14 17:34:36.659898,ACC000189,ACC000489,47504.5,1,BLOCK,1.0
TXN000326471,2024-01-14 18:00:00.000000,ACC008484,ACC011738,142368.78,0,COOLING,0.0
TXN000455398,2024-01-14 18:00:00.000000,ACC005463,ACC020736,114561.0,0,COOLING,0.0
TXN000580544,2024-01-14 18:00:00.000000,ACC011071,ACC019988,104492.1,0,COOLING,0.0
TXN000448361,2024-01-14 18:00:00.000000,ACC007193,ACC008573,131822.16,0,COOLING,0.0
TXN000727623,2024-01-14 18:00:00.000000,ACC017784,ACC023046,130752.37,0,COOLING,0.0
TXN000056166,2024-01-14 18:00:00.000000,ACC015966,ACC011727,126343.28,0,COOLING,0.0
TXN000902876,2024-01-14 18:00:00.000000,ACC026361,ACC019744,123390.02,0,COOLING,0.0
TXN000684266,2024-01-14 18:00:00.000000,ACC021700,ACC017792,148054.9,0,COOLING,0.0
TXN000709490,2024-01-14 18:00:00.000000,ACC024690,ACC010259,113057.03,0,COOLING,0.0
TXN000779680,2024-01-14 18:00:00.000000,ACC017532,ACC009125,140726.14,0,COOLING,0.0
TXN000878494,2024-01-14 18:00:00.000000,ACC010101,ACC002317,125415.62,0,COOLING,0.0
TXN000906507,2024-01-14 18:00:00.000000,ACC010762,ACC001318,102413.4,0,COOLING,0.0
TXN000132451,2024-01-14 18:00:00.000000,ACC026946,ACC021259,129556.91,0,COOLING,0.0
TXN000915573,2024-01-14 18:00:00.000000,ACC005698,ACC011255,147881.07,0,COOLING,0.0
TXN000977761,2024-01-14 18:02:15.000000,ACC000053,ACC007353,10333.93,0,BLOCK,1.0
TXN000970011,2024-01-14 18:16:08.000000,ACC000613,ACC014836,24507.14,0,BLOCK,1.0
TXN001000324,2024-01-14 18:20:45.000000,ACC000818,ACC009318,522.21,0,BLOCK,1.0
TXN000966284,2024-01-14 18:38:39.294477,ACC001014,ACC000827,132875.95,1,BLOCK,1.0
TXN000969331,2024-01-14 18:41:02.565133,ACC000616,ACC001443,46250.0,1,BLOCK,1.0
TXN000964560,2024-01-14 18:45:11.000000,ACC000019,ACC002926,137.48,0,BLOCK,1.0
TXN001000891,2024-01-14 18:58:03.223689,ACC000903,ACC000144,75076.22,1,BLOCK,1.0
TXN000979798,2024-01-14 18:59:52.000000,ACC000757,ACC002228,140.8,0,BLOCK,1.0
TXN000960630,2024-01-14 19:11:15.520257,ACC000417,ACC017545,50136.23,0,BLOCK,1.0
TXN000975113,2024-01-14 19:13:53.000000,ACC000973,ACC009884,1521.54,0,BLOCK,1.0
TXN000998592,2024-01-14 19:16:18.000000,ACC000474,ACC005199,352.74,0,BLOCK,1.0
TXN000966561,2024-01-14 19:16:55.868715,ACC000256,ACC024576,47616.65,1,BLOCK,1.0
TXN000997709,2024-01-14 19:17:45.297670,ACC000680,ACC000864,83893.71,1,BLOCK,1.0
TXN000989136,2024-01-14 19:21:34.000000,ACC000844,ACC007845,12076.94,0,BLOCK,1.0
TXN000990861,2024-01-14 19:22:38.045631,ACC000716,ACC010866,45550.09,1,BLOCK,1.0
TXN000982365,2024-01-14 19:22:41.000000,ACC000605,ACC007281,820.47,0,BLOCK,1.0
TXN000991537,2024-01-14 19:24:12.915518,ACC000539,ACC020536,21489.14,0,BLOCK,1.0
TXN000975643,2024-01-14 19:46:25.000000,ACC000561,ACC011288,546.62,0,BLOCK,1.0
TXN000958720,2024-01-14 19:57:03.902023,ACC000639,ACC000134,51801.51,1,BLOCK,1.0
TXN000969728,2024-01-14 19:57:10.890369,ACC000953,ACC023303,51933.8,0,BLOCK,1.0
TXN000961601,2024-01-14 20:05:32.860315,ACC000044,ACC024906,87276.05,1,BLOCK,1.0
TXN000985600,2024-01-14 20:07:42.386657,ACC000709,ACC000584,49744.79,1,BLOCK,1.0
TXN000992512,2024-01-14 20:18:39.975381,ACC000750,ACC006119,20963.4,0,BLOCK,1.0
TXN000966567,2024-01-14 20:19:26.049576,ACC000256,ACC004222,47911.4,1,BLOCK,1.0
TXN000967002,2024-01-14 20:23:28.884538,ACC000711,ACC015918,44830.82,1,BLOCK,1.0
TXN000966565,2024-01-14 20:31:51.175680,ACC000256,ACC017136,47598.0,1,BLOCK,1.0
TXN000975765,2024-01-14 20:37:12.335946,ACC000227,ACC000497,39391.06,1,BLOCK,1.0
TXN000986828,2024-01-14 20:44:58.375966,ACC000513,ACC013349,26799.77,0,BLOCK,1.0
TXN000966566,2024-01-14 21:25:48.426846,ACC000256,ACC002515,47809.3,1,BLOCK,1.0
TXN000987835,2024-01-14 21:31:41.851452,ACC000747,ACC017334,8306.91,0,BLOCK,1.0
TXN000993991,2024-01-14 21:39:05.998510,ACC000367,ACC000879,28877.01,1,BLOCK,1.0
TXN000962297,2024-01-14 21:43:32.875091,ACC000369,ACC008554,86135.22,1,BLOCK,1.0
TXN000962951,2024-01-14 21:51:56.217080,ACC000148,ACC000012,95381.7,1,BLOCK,1.0
TXN000991538,2024-01-14 22:08:35.656995,ACC000539,ACC013806,16066.84,0,BLOCK,1.0
TXN000995709,2024-01-14 22:10:17.404351,ACC000489,ACC019970,46934.85,1,BLOCK,1.0
TXN000994846,2024-01-14 22:28:20.164769,ACC000773,ACC023462,57639.64,0,BLOCK,1.0
TXN000981882,2024-01-14 22:44:02.925635,ACC000724,ACC000949,72278.56,1,BLOCK,1.0
TXN000969330,2024-01-14 22:48:38.066184,ACC000616,ACC007993,46256.73,1,BLOCK,1.0
TXN000978380,2024-01-14 22:59:05.431431,ACC000609,ACC015445,22505.17,1,BLOCK,1.0
TXN000984223,2024-01-14 23:16:28.222776,ACC000105,ACC019602,90751.54,0,BLOCK,1.0
TXN000987169,2024-01-14 23:24:38.100655,ACC000804,ACC000519,53128.14,1,BLOCK,1.0
TXN000997710,2024-01-14 23:32:56.370718,ACC000864,ACC025023,78541.73,1,BLOCK,1.0
TXN000975194,2024-01-14 23:47:04.899393,ACC000129,ACC023903,33547.2,1,BLOCK,1.0
TXN000974414,2024-01-14 23:59:34.874291,ACC000834,ACC022663,49428.36,1,BLOCK,1.0
TXN000982810,2024-01-15 00:00:00.000000,ACC000585,ACC000664,44311.45,1,BLOCK,1.0
TXN000990451,2024-01-15 00:00:00.000000,ACC000886,ACC017834,44612.09,1,BLOCK,1.0
TXN000966119,2024-01-15 00:00:00.000000,ACC000687,ACC000748,81260.46,1,BLOCK,1.0
TXN000959744,2024-01-15 00:00:00.000000,ACC000463,ACC001024,47606.18,1,BLOCK,1.0
TXN000971178,2024-01-15 00:00:00.000000,ACC000416,ACC001009,19743.52,1,BLOCK,1.0
TXN000994550,2024-01-15 00:00:00.000000,ACC000577,ACC000257,77820.12,1,BLOCK,1.0
TXN000990926,2024-01-15 00:00:00.000000,ACC000259,ACC000064,31623.61,1,BLOCK,1.0
TXN000980176,2024-01-15 00:00:00.000000,ACC000362,ACC000034,198938.37,1,BLOCK,1.0
TXN000981908,2024-01-15 00:10:13.000000,ACC000873,ACC015186,1804.79,0,BLOCK,1.0
TXN000971246,2024-01-15 00:22:42.077693,ACC013947,ACC000065,13190.65,1,BLOCK,0.0
TXN000990452,2024-01-15 00:58:30.729826,ACC000886,ACC013380,44617.36,1,BLOCK,1.0
TXN000973553,2024-01-15 01:10:07.192081,ACC008675,ACC000550,14867.64,1,BLOCK,0.0
TXN000978386,2024-01-15 01:13:43.158682,ACC000609,ACC015445,61189.37,1,BLOCK,1.0
TXN000969333,2024-01-15 01:22:01.655513,ACC000616,ACC003349,46329.86,1,BLOCK,1.0
TXN000971240,2024-01-15 01:29:40.582725,ACC019124,ACC000065,10086.99,1,BLOCK,0.0
TXN000993630,2024-01-15 01:40:01.068372,ACC020183,ACC000355,11796.42,1,BLOCK,0.0
TXN000966600,2024-01-15 01:41:38.159748,ACC000244,ACC025389,19580.41,1,STEP_UP,1.0
TXN000969334,2024-01-15 01:43:43.962497,ACC000616,ACC007961,46298.35,1,BLOCK,1.0
TXN000973568,2024-01-15 01:45:03.398361,ACC016813,ACC000550,13678.57,1,BLOCK,0.0
TXN000981883,2024-01-15 02:06:39.495024,ACC000949,ACC016550,69999.01,1,BLOCK,1.0
TXN000996997,2024-01-15 02:21:02.709345,ACC000182,ACC026106,58114.6,0,BLOCK,1.0
TXN000980491,2024-01-15 02:35:03.000000,ACC000983,ACC009662,408.78,0,BLOCK,1.0
TXN000990456,2024-01-15 02:37:15.702319,ACC000886,ACC010751,44687.51,1,BLOCK,1.0
TXN000993631,2024-01-15 02:47:53.530213,ACC002766,ACC000355,14485.53,1,BLOCK,0.0
TXN000973554,2024-01-15 02:50:21.766934,ACC016454,ACC000550,12583.24,1,BLOCK,0.0
TXN000987939,2024-01-15 02:52:03.589730,ACC000304,ACC010022,27003.06,1,BLOCK,1.0
TXN000994845,2024-01-15 03:05:37.545568,ACC000773,ACC019370,40259.17,0,BLOCK,1.0
TXN000992789,2024-01-15 03:09:47.518590,ACC000719,ACC025217,26033.35,0,BLOCK,1.0
TXN000962288,2024-01-15 03:10:35.376376,ACC001039,ACC000369,44550.2,1,BLOCK,1.0
TXN000979855,2024-01-15 03:16:15.038962,ACC000440,ACC020426,65273.16,0,BLOCK,1.0
TXN000959745,2024-01-15 03:29:46.875693,ACC001024,ACC015005,45214.12,1,BLOCK,1.0
TXN000987833,2024-01-15 03:34:45.847860,ACC000747,ACC007468,13094.93,0,BLOCK,1.0
TXN000993992,2024-01-15 03:41:01.678157,ACC000879,ACC001597,26938.01,1,BLOCK,1.0
TXN000992788,2024-01-15 03:41:43.879114,ACC000719,ACC023489,20396.26,0,BLOCK,1.0
TXN000973570,2024-01-15 03:43:38.618460,ACC006630,ACC000550,10388.02,1,BLOCK,0.0
TXN000986829,2024-01-15 03:55:32.804348,ACC000513,ACC006725,50559.84,0,BLOCK,1.0
TXN001000892,2024-01-15 04:10:31.544524,ACC000144,ACC016673,69274.24,1,BLOCK,1.0
TXN000964994,2024-01-15 04:16:21.721157,ACC000322,ACC000419,65977.63,1,BLOCK,1.0
TXN000994551,2024-01-15 04:17:07.179185,ACC000257,ACC000151,75485.51,1,BLOCK,1.0
TXN000995707,2024-01-15 04:22:21.771837,ACC000489,ACC019970,26769.17,1,BLOCK,1.0
TXN000973560,2024-01-15 04:22:56.317457,ACC002717,ACC000550,14974.54,1,BLOCK,0.0
TXN001000893,2024-01-15 04:31:26.213542,ACC000903,ACC000144,23258.45,1,BLOCK,1.0
TXN000993622,2024-01-15 04:31:41.461641,ACC002256,ACC000355,11938.25,1,BLOCK,0.0
TXN000990455,2024-01-15 04:31:56.696982,ACC000886,ACC007157,44550.14,1,BLOCK,1.0
TXN000961310,2024-01-15 04:38:51.664354,ACC000010,ACC000484,76691.53,1,BLOCK,1.0
TXN001000723,2024-01-15 05:25:45.000000,ACC000243,ACC007894,144.48,0,BLOCK,1.0
TXN000990453,2024-01-15 05:36:03.276558,ACC000886,ACC001540,44492.48,1,BLOCK,1.0
TXN000971179,2024-01-15 05:44:03.776516,ACC001009,ACC013307,19442.54,1,BLOCK,1.0
TXN000969727,2024-01-15 05:59:30.755418,ACC000953,ACC022736,73492.24,0,BLOCK,1.0
TXN000973548,2024-01-15 06:33:20.095942,ACC005787,ACC000550,12005.88,1,BLOCK,0.0
TXN000692518,2024-01-15 06:48:54.000000,ACC003461,ACC023265,100000.0,0,COOLING,0.0
TXN000990454,2024-01-15 06:50:01.480549,ACC000886,ACC008985,44688.36,1,BLOCK,1.0
TXN000975766,2024-01-15 06:55:48.503920,ACC000497,ACC000957,38209.33,1,BLOCK,1.0
TXN000988612,2024-01-15 07:01:11.000000,ACC001079,ACC022809,1526.64,0,BLOCK,1.0
TXN000985053,2024-01-15 07:03:07.000000,ACC000276,ACC020183,112.28,0,BLOCK,1.0
TXN000983204,2024-01-15 07:05:54.000000,ACC000507,ACC010669,382.45,0,BLOCK,1.0
TXN000981554,2024-01-15 07:06:26.324812,ACC000802,ACC000104,66734.08,1,BLOCK,1.0
TXN000979854,2024-01-15 07:06:43.948303,ACC000440,ACC012392,65563.58,0,BLOCK,1.0
TXN000961311,2024-01-15 07:06:57.983561,ACC000484,ACC012604,75385.76,1,BLOCK,1.0
TXN000958721,2024-01-15 07:10:30.404600,ACC000134,ACC021103,49222.64,1,BLOCK,1.0
TXN000971833,2024-01-15 07:11:06.000000,ACC000091,ACC016608,407.75,0,BLOCK,1.0
TXN000989909,2024-01-15 07:16:07.000000,ACC000861,ACC006666,238.6,0,BLOCK,1.0
TXN000969171,2024-01-15 07:30:17.000000,ACC001041,ACC026577,445.92,0,BLOCK,1.0
TXN000977853,2024-01-15 07:32:16.000000,ACC000593,ACC009109,140.62,0,BLOCK,1.0
TXN000987834,2024-01-15 07:36:49.037910,ACC000747,ACC017334,16785.62,0,STEP_UP,1.0
TXN000589053,2024-01-15 07:47:06.000000,ACC008087,ACC002449,100000.0,0,COOLING,0.0
TXN000661366,2024-01-15 08:00:00.000000,ACC021095,ACC010659,112807.75,0,COOLING,0.0
TXN000705257,2024-01-15 08:00:00.000000,ACC001619,ACC017349,111907.33,0,COOLING,0.0
TXN000531908,2024-01-15 08:00:00.000000,ACC020846,ACC022407,142768.78,0,COOLING,0.0
TXN000538379,2024-01-15 08:00:00.000000,ACC019329,ACC010739,138295.65,0,COOLING,0.0
TXN000769740,2024-01-15 08:00:00.000000,ACC001895,ACC005976,108917.63,0,COOLING,0.0
TXN000258540,2024-01-15 08:00:00.000000,ACC010691,ACC017957,120450.85,0,COOLING,0.0
TXN000973549,2024-01-15 08:14:42.294201,ACC019266,ACC000550,12673.39,1,BLOCK,0.0
TXN000962289,2024-01-15 08:15:16.746029,ACC000369,ACC008554,42561.12,1,BLOCK,1.0
TXN000989166,2024-01-15 08:15:21.357106,ACC011307,ACC000025,11121.81,1,BLOCK,0.0
TXN000966655,2024-01-15 08:26:10.000000,ACC000358,ACC004809,774.68,0,BLOCK,1.0
TXN000983595,2024-01-15 08:29:37.821829,ACC000904,ACC001366,36218.03,1,BLOCK,1.0
TXN000994552,2024-01-15 08:34:14.358370,ACC000151,ACC000121,73220.95,1,BLOCK,1.0
TXN000973550,2024-01-15 08:34:57.176656,ACC016813,ACC000550,10091.17,1,BLOCK,0.0
TXN001000231,2024-01-15 08:35:39.000000,ACC000042,ACC006842,92.66,0,BLOCK,1.0
TXN000991420,2024-01-15 08:35:53.583281,ACC000118,ACC000699,41785.4,1,BLOCK,1.0
TXN000962952,2024-01-15 08:47:54.325620,ACC000012,ACC000332,92520.25,1,BLOCK,1.0
TXN000511823,2024-01-15 09:00:00.000000,ACC014096,ACC011034,121214.33,0,COOLING,0.0
TXN000211876,2024-01-15 09:00:00.000000,ACC013988,ACC019169,139695.7,0,COOLING,0.0
TXN000544973,2024-01-15 09:00:00.000000,ACC017087,ACC009644,111453.59,0,COOLING,0.0
TXN000697317,2024-01-15 09:00:00.000000,ACC013643,ACC019581,121668.89,0,COOLING,0.0
TXN000341139,2024-01-15 09:00:00.000000,ACC001597,ACC012427,121068.44,0,COOLING,0.0
TXN000434719,2024-01-15 09:00:00.000000,ACC021086,ACC006101,114044.55,0,COOLING,0.0
TXN000244521,2024-01-15 09:00:00.000000,ACC008954,ACC004660,129083.92,0,COOLING,0.0
TXN000841727,2024-01-15 09:00:00.000000,ACC013978,ACC010472,145388.2,0,COOLING,0.0
TXN000011470,2024-01-15 09:00:00.000000,ACC009291,ACC020743,112962.63,0,COOLING,0.0
TXN000275262,2024-01-15 09:00:00.000000,ACC002600,ACC007692,120546.96,0,COOLING,0.0
TXN000984974,2024-01-15 09:00:00.000000,ACC009987,ACC000314,120323.84,0,BLOCK,0.0
TXN000552803,2024-01-15 09:00:00.000000,ACC024475,ACC008113,130488.14,0,COOLING,0.0
TXN000087412,2024-01-15 09:00:00.000000,ACC007283,ACC022581,127460.93,0,COOLING,0.0
TXN000993623,2024-01-15 09:03:44.119851,ACC002766,ACC000355,13092.69,1,BLOCK,0.0
TXN000959131,2024-01-15 09:04:28.000000,ACC000619,ACC018876,488.74,0,BLOCK,1.0
TXN000977692,2024-01-15 09:06:05.000000,ACC000192,ACC024120,1477.6,0,BLOCK,1.0
TXN001000894,2024-01-15 09:10:38.774121,ACC000144,ACC016673,22505.02,1,BLOCK,1.0
TXN000971037,2024-01-15 09:14:46.000000,ACC000272,ACC013752,981.6,0,BLOCK,1.0
TXN000969964,2024-01-15 09:21:35.000000,ACC000302,ACC013861,486.14,0,BLOCK,1.0
TXN000982811,2024-01-15 09:22:18.383025,ACC000664,ACC012019,42964.56,1,BLOCK,1.0
TXN000990461,2024-01-15 09:28:30.445156,ACC000886,ACC017182,44666.27,1,BLOCK,1.0
TXN000977881,2024-01-15 09:31:03.000000,ACC000267,ACC016244,1029.65,0,BLOCK,1.0
TXN000994193,2024-01-15 09:40:29.000000,ACC000140,ACC006166,145.58,0,BLOCK,1.0
TXN000973544,2024-01-15 09:41:40.361815,ACC002539,ACC000550,14451.07,1,BLOCK,0.0
TXN000966564,2024-01-15 09:47:26.391075,ACC000256,ACC004816,47853.44,1,BLOCK,1.0
TXN000994526,2024-01-15 09:48:25.000000,ACC000577,ACC006378,1749.64,0,BLOCK,1.0
TXN000999453,2024-01-15 09:52:39.000000,ACC000164,ACC025400,6109.71,0,BLOCK,1.0
TXN000543708,2024-01-15 10:00:00.000000,ACC012472,ACC012424,145497.38,0,COOLING,0.0
TXN000488649,2024-01-15 10:00:00.000000,ACC019863,ACC002882,133124.3,0,COOLING,0.0
TXN000163085,2024-01-15 10:00:00.000000,ACC011478,ACC004251,106516.17,0,COOLING,0.0
TXN000892443,2024-01-15 10:00:00.000000,ACC003954,ACC009459,106774.29,0,COOLING,0.0
TXN000314454,2024-01-15 10:00:00.000000,ACC008719,ACC018989,102726.44,0,COOLING,0.0
TXN000751569,2024-01-15 10:00:00.000000,ACC026323,ACC014147,137269.93,0,COOLING,0.0
TXN000664513,2024-01-15 10:00:00.000000,ACC025786,ACC010764,131716.42,0,COOLING,0.0
TXN000219447,2024-01-15 10:00:00.000000,ACC003437,ACC015260,135295.05,0,COOLING,0.0
TXN000921320,2024-01-15 10:00:00.000000,ACC004513,ACC025974,115788.59,0,COOLING,0.0
TXN000855341,2024-01-15 10:00:00.000000,ACC010192,ACC026825,132396.75,0,COOLING,0.0
TXN000265363,2024-01-15 10:00:00.000000,ACC007640,ACC021956,109164.09,0,COOLING,0.0
TXN000990459,2024-01-15 10:06:30.742754,ACC000886,ACC022410,44647.33,1,BLOCK,1.0
TXN000978608,2024-01-15 10:08:48.000000,ACC000313,ACC004136,2479.8,0,BLOCK,1.0
TXN000964279,2024-01-15 10:09:29.000000,ACC000310,ACC011474,551.09,0,BLOCK,1.0
TXN000960596,2024-01-15 10:11:32.000000,ACC000417,ACC008862,681.93,0,BLOCK,1.0
TXN000985601,2024-01-15 10:11:38.661804,ACC000584,ACC001282,46752.1,1,BLOCK,1.0
TXN000426802,2024-01-15 10:11:44.000000,ACC017005,ACC011425,100000.0,0,COOLING,0.0
TXN000998254,2024-01-15 10:11:56.000000,ACC000380,ACC004252,48.12,0,BLOCK,1.0
TXN000982580,2024-01-15 10:23:24.000000,ACC003585,ACC000386,15597.74,0,BLOCK,0.0
TXN000984975,2024-01-15 10:28:35.775792,ACC000314,ACC002434,53840.57,0,BLOCK,1.0
TXN000997667,2024-01-15 10:29:28.000000,ACC000261,ACC018688,90.82,0,BLOCK,1.0
TXN000973594,2024-01-15 10:31:17.000000,ACC000307,ACC005110,500.73,0,BLOCK,1.0
TXN001000562,2024-01-15 10:32:41.000000,ACC000020,ACC023796,90.07,0,BLOCK,1.0
TXN000981196,2024-01-15 10:32:45.000000,ACC000623,ACC016021,985.31,0,BLOCK,1.0
TXN000995231,2024-01-15 10:41:12.000000,ACC000826,ACC002031,7725.72,0,BLOCK,1.0
TXN000990276,2024-01-15 10:48:12.000000,ACC000122,ACC013040,614.46,0,BLOCK,1.0
TXN000988870,2024-01-15 10:50:36.000000,ACC001036,ACC004947,231.6,0,BLOCK,1.0
TXN000982619,2024-01-15 11:00:00.000000,ACC011833,ACC000936,106723.32,0,BLOCK,0.0
TXN000369127,2024-01-15 11:00:00.000000,ACC017657,ACC023549,107615.25,0,COOLING,0.0
TXN000978315,2024-01-15 11:00:00.000000,ACC015091,ACC000617,64764.6,0,BLOCK,0.0
TXN000560993,2024-01-15 11:00:00.000000,ACC025484,ACC022107,129082.63,0,COOLING,0.0
TXN000737272,2024-01-15 11:00:00.000000,ACC010334,ACC017728,115010.38,0,COOLING,0.0
TXN000690337,2024-01-15 11:00:00.000000,ACC007587,ACC007997,114915.24,0,COOLING,0.0
TXN000686006,2024-01-15 11:00:00.000000,ACC020929,ACC026013,101147.92,0,COOLING,0.0
TXN000527905,2024-01-15 11:00:00.000000,ACC018294,ACC020143,104938.81,0,COOLING,0.0
TXN000640931,2024-01-15 11:00:00.000000,ACC008317,ACC006106,124371.51,0,COOLING,0.0
TXN000333314,2024-01-15 11:00:00.000000,ACC025000,ACC011700,143787.15,0,COOLING,0.0
TXN000987170,2024-01-15 11:06:57.150983,ACC000519,ACC000712,51534.3,1,BLOCK,1.0
TXN000996340,2024-01-15 11:09:20.362583,ACC000730,ACC000014,63109.92,1,BLOCK,1.0
TXN000965137,2024-01-15 11:23:42.000000,ACC000548,ACC018138,3812.14,0,BLOCK,1.0
TXN000975821,2024-01-15 11:26:46.425703,ACC000188,ACC000849,75172.13,1,BLOCK,1.0
TXN000966120,2024-01-15 11:27:37.227795,ACC000748,ACC000805,78822.64,1,BLOCK,1.0
TXN000993816,2024-01-15 11:32:33.000000,ACC000898,ACC004069,2074.21,0,BLOCK,1.0
TXN000980177,2024-01-15 11:41:29.150833,ACC000034,ACC000227,192970.22,1,BLOCK,1.0
TXN000984094,2024-01-15 11:46:59.000000,ACC000430,ACC015576,783.06,0,BLOCK,1.0
TXN000994007,2024-01-15 11:47:23.000000,ACC000522,ACC013686,24201.93,0,BLOCK,1.0
TXN000971221,2024-01-15 12:00:00.000000,ACC026273,ACC000065,23760.16,0,BLOCK,0.0
TXN000409082,2024-01-15 12:00:00.000000,ACC026550,ACC003706,101123.2,0,COOLING,0.0
TXN000752109,2024-01-15 12:00:00.000000,ACC001794,ACC024918,125206.43,0,COOLING,0.0
TXN000264883,2024-01-15 12:00:00.000000,ACC025188,ACC009646,143134.56,0,COOLING,0.0
TXN000586219,2024-01-15 12:00:00.000000,ACC007433,ACC010216,112974.2,0,COOLING,0.0
TXN000166276,2024-01-15 12:00:00.000000,ACC024837,ACC002404,118389.4,0,COOLING,0.0
TXN000052117,2024-01-15 12:00:00.000000,ACC025644,ACC018334,108944.87,0,COOLING,0.0
TXN000963265,2024-01-15 12:00:25.000000,ACC000170,ACC014569,285.51,0,BLOCK,1.0
TXN000966298,2024-01-15 12:02:16.000000,ACC000457,ACC021855,1817.15,0,BLOCK,1.0
TXN000977451,2024-01-15 12:12:36.136362,ACC019915,ACC001040,14378.13,1,BLOCK,0.0
TXN000990927,2024-01-15 12:14:53.922535,ACC000064,ACC019220,30389.25,1,BLOCK,1.0
TXN000991136,2024-01-15 12:14:54.000000,ACC000935,ACC003650,3787.41,0,BLOCK,1.0
TXN000992989,2024-01-15 12:15:18.000000,ACC000855,ACC013667,425.44,0,BLOCK,1.0
TXN000992856,2024-01-15 12:21:00.000000,ACC000270,ACC001429,789.47,0,BLOCK,1.0
TXN000991228,2024-01-15 12:25:18.000000,ACC000910,ACC015757,6690.52,0,BLOCK,1.0
TXN000979788,2024-01-15 12:31:38.000000,ACC000757,ACC025474,204.58,0,BLOCK,1.0
TXN000987668,2024-01-15 12:40:00.000000,ACC001065,ACC017443,19955.73,0,STEP_UP,1.0
TXN000977443,2024-01-15 12:45:27.277771,ACC018352,ACC001040,11049.8,1,BLOCK,0.0
TXN000984573,2024-01-15 12:48:40.000000,ACC000111,ACC007268,1783.32,0,BLOCK,1.0
TXN000989246,2024-01-15 12:50:03.000000,ACC000799,ACC015578,10375.12,0,STEP_UP,1.0
TXN000994553,2024-01-15 12:51:21.537555,ACC000121,ACC000577,71024.32,1,BLOCK,1.0
TXN000973791,2024-01-15 12:51:28.000000,ACC000628,ACC009612,1376.05,0,BLOCK,1.0
TXN000979090,2024-01-15 12:53:15.000000,ACC000700,ACC013017,686.73,0,BLOCK,1.0
TXN000985057,2024-01-15 12:54:59.000000,ACC000276,ACC019468,49787.17,0,BLOCK,1.0
TXN000498595,2024-01-15 13:00:00.000000,ACC011677,ACC025890,121839.01,0,COOLING,0.0
TXN000464803,2024-01-15 13:00:00.000000,ACC008589,ACC012301,145499.46,0,COOLING,0.0
TXN000982962,2024-01-15 13:00:00.000000,ACC009073,ACC000635,97312.1,0,BLOCK,0.0
TXN000027820,2024-01-15 13:00:00.000000,ACC005904,ACC004383,126813.83,0,COOLING,0.0
TXN000169982,2024-01-15 13:00:00.000000,ACC001578,ACC024803,128736.0,0,COOLING,0.0
TXN000205352,2024-01-15 13:00:00.000000,ACC004399,ACC021881,118668.16,0,COOLING,0.0
TXN000987294,2024-01-15 13:00:00.000000,ACC025035,ACC000509,45472.25,0,BLOCK,0.0
